"cell_id","orig.ident","nCount_RNA","nFeature_RNA","percent.mt","S.Score","Phase","cytotrace","pseudotime","celltype","X","UMAP_1","UMAP_2","pt_lineage1"
"AAACGCTGTCAAAGTA_1",14607,2673.07210610003,1347,0.201612903225806,0.08788596515235,"S",0.353166986564299,17.848104315179,"Neuroblasts","AAACGCTGTCAAAGTA_1",5.57494803293844,-3.47687781637917,NA
"AAAGGATCAGATCACT_1",14607,2563.06951700001,1226,0.060790273556231,-0.0593612134671881,"G1",0.203454894433781,15.5661087104245,"Neuroblasts","AAAGGATCAGATCACT_1",4.80012055262228,-2.19263017958413,NA
"AAAGGATCAGCAGAAC_1",14607,2593.67707840003,1254,0,-0.0209064806613812,"G1",0.313819577735125,13.985922635316,"Connecting progenitor cells","AAAGGATCAGCAGAAC_1",4.03797646387716,-0.14459950512658,NA
"AACAACCAGTCCTACA_1",14607,3183.05057019994,1871,0.104094378903539,-0.103521883114181,"G2M",0.600767754318618,12.8718119623028,"Connecting progenitor cells","AACAACCAGTCCTACA_1",4.47924061640402,0.91338577085723,NA
"AACAAGAAGGACTTCT_1",14607,2718.73239000004,1391,0.0492853622474125,0.0835031571755793,"S",0.316698656429942,13.2220572581158,"Connecting progenitor cells","AACAAGAAGGACTTCT_1",4.51563998087545,0.577071521073476,NA
"AACAAGATCTGCGTCT_1",14607,3705.43285309992,2811,0.0526962936940102,-0.073954888204147,"G1",0.897312859884837,6.26961415335293,"SCPs","AACAAGATCTGCGTCT_1",-8.89580611363749,1.56245981866111,1.48574710797239
"AACACACCAGTCTGGC_1",14607,3184.96697159996,1899,0.163880694854146,0.0806628502533106,"S",0.336852207293666,15.8490122054558,"Neuroblasts","AACACACCAGTCTGGC_1",5.11277981623312,-2.16148866003762,NA
"AACCATGCAGTTGCGC_1",14607,3327.58853509996,2200,0.0257997936016512,0.0726421588897174,"S",0.922264875239923,4.88039822300113,"SCPs","AACCATGCAGTTGCGC_1",-7.39395980016092,2.27632784062614,2.80984500798841
"AACCATGGTCGCACGT_1",14607,2489.71500000001,1192,0.121506682867558,-0.133047981150184,"G1",0.455854126679463,12.0160659434564,"Connecting progenitor cells","AACCATGGTCGCACGT_1",4.81999655588766,1.00160824471702,NA
"AACGTCACAACCACGC_1",14607,3592.9372793001,2690,0.0557828188917813,-0.0514997260404284,"G1",0.636276391554703,13.2917978948823,"Connecting progenitor cells","AACGTCACAACCACGC_1",3.70407410486837,0.628255042821065,NA
"AACGTCACAGTGGCTC_1",14607,3580.89237920003,2456,0.0991080277502478,-0.00515701619214931,"G1",0.429942418426104,15.0725387661644,"Connecting progenitor cells","AACGTCACAGTGGCTC_1",4.48425455912252,-1.2828964073063,NA
"AAGATAGGTGACTCGC_1",14607,2904.49279660008,1610,0,-0.00995308491807995,"G1",0.477927063339731,17.8481045023392,"Neuroblasts","AAGATAGGTGACTCGC_1",5.7309658132424,-3.63863814657937,NA
"AAGCCATTCTGGCCAG_1",14607,3203.57978400006,2019,0.0280269058295964,-0.0713769922861276,"G1",0.999040307101727,6.7017405328411,"SCPs","AAGCCATTCTGGCCAG_1",-8.15464810506205,2.80902134591331,1.98350389159266
"AAGTACCCACTTGTGA_1",14607,3690.41413559983,3064,0.0152648450618226,-0.0895287704548764,"G1",0.764875239923225,10.0044062595279,"Connecting progenitor cells","AAGTACCCACTTGTGA_1",1.22643943651815,0.489797770619288,11.0756940425505
"AAGTCGTTCACGGACC_1",14607,2819.15648930006,1508,0.0894854586129754,-0.0538989119322258,"G1",0.94721689059501,5.54179246143709,"SCPs","AAGTCGTTCACGGACC_1",-7.54574565068583,2.83397876435508,2.51816388556414
"AAGTGAATCTGTCCGT_1",14607,3531.41968049994,2591,0.0566679259539101,-0.0813666862378058,"G1",0.643953934740883,11.1730025889179,"Connecting progenitor cells","AAGTGAATCTGTCCGT_1",3.60198756083151,0.872802041113273,NA
"AATCGACAGCAACTTC_1",14607,2913.20601249995,1613,0.165837479270315,-0.07022490199197,"G2M",0.866602687140115,1.84742486529454,"Bridge","AATCGACAGCAACTTC_1",-3.18071107045511,1.6069801967739,7.1466775663419
"AATCGACCAATCTCGA_1",14607,3049.38672190009,1770,0.0364963503649635,-0.046581697672197,"G2M",0.930902111324376,2.08410315329484,"Bridge","AATCGACCAATCTCGA_1",-2.79925254956583,1.76838242226829,7.51758195496598
"AATCGACCATTCACCC_1",14607,3180.0454606001,1827,0.0373134328358209,0.0808636003136093,"S",0.285988483685221,16.4370810042112,"Neuroblasts","AATCGACCATTCACCC_1",5.71267767771383,-2.44111359900247,NA
"AATCGTGAGGCTGGAT_1",14607,2997.58625719994,1687,0,-0.0361918659649097,"G1",0.305182341650672,18.5280729678881,"Neuroblasts","AATCGTGAGGCTGGAT_1",5.12441988810202,-3.97818625754128,NA
"AATGACCCAGAGTAAT_1",14607,3386.30074169996,2082,0.125509883903357,-0.0866639970113837,"G1",0.515355086372361,15.1290609821177,"Neuroblasts","AATGACCCAGAGTAAT_1",4.70663281305929,-1.02482176607858,NA
"AATGGAATCAGGAAGC_1",14607,3960.51416310006,3113,0.102616726526424,0.0152515578575322,"S",0.901151631477927,6.44010933405339,"SCPs","AATGGAATCAGGAAGC_1",-8.43161086217264,2.42386948281516,1.79682410528554
"AATGGAATCATCACAG_1",14607,3066.72629540005,1919,0.0579038795599305,-0.0768557594303065,"G1",0.822456813819578,5.55067683124209,"Bridge","AATGGAATCATCACAG_1",-0.460232450074949,2.51340400391807,10.1699412721369
"AATGGCTCAAGTGACG_1",14607,2909.27252610006,1527,0.0461254612546126,-0.0892359277033012,"G1",0.916506717850288,6.52911077049838,"SCPs","AATGGCTCAAGTGACG_1",-8.1835267938743,2.32023750954856,2.0517304361519
"AATGGCTGTCGGAACA_1",14607,2420.56215750003,1095,0.0692520775623269,0.147521793640244,"S",0.307101727447217,15.1588001374513,"Connecting progenitor cells","AATGGCTGTCGGAACA_1",4.5225689016213,-1.04225433653603,NA
"AATTCCTAGTTGAATG_1",14607,3403.37987299999,2213,0.134625740441572,0.0633530502637362,"S",0.329174664107486,16.4227382959339,"Neuroblasts","AATTCCTAGTTGAATG_1",5.51968499048849,-2.47630990332375,NA
"ACAAAGACATTGACTG_1",14607,3000.47187299993,1671,0.121212121212121,-0.127294758696454,"G2M",0.642034548944338,11.6294681753361,"Connecting progenitor cells","ACAAAGACATTGACTG_1",4.39212103708883,1.50266867095222,NA
"ACACAGTGTAGCGTAG_1",14607,2603.30436649996,1260,0.233781414377557,-0.0262736473544836,"G2M",0.619001919385797,11.4103568126075,"Connecting progenitor cells","ACACAGTGTAGCGTAG_1",4.1858670316567,1.65222858601798,NA
"ACACTGACAGAAATCA_1",14607,4023.32826160005,3634,0.0819384291232588,0.207665767433576,"S",0.957773512476008,4.74319588066435,"SCPs","ACACTGACAGAAATCA_1",-7.82620982304911,2.19482015782584,2.4217593314244
"ACAGGGACAACCACGC_1",14607,3230.2143176999,2159,0.148883374689826,-0.0600019200490835,"G1",0.99232245681382,3.66266443752197,"Bridge","ACAGGGACAACCACGC_1",-1.10611538068155,2.28124105149497,9.32800512532269
"ACATGCAAGTTCCAGT_1",14607,3088.0296868,1831,0.0696621386276559,-0.0521249751744288,"G1",0.818618042226487,9.71955996072147,"Connecting progenitor cells","ACATGCAAGTTCCAGT_1",2.82941337450644,1.95190095120658,12.6683458976955
"ACATGCAGTTCCATTT_1",14607,3128.35583660007,1850,0,0.0246467419571651,"G2M",0.4510556621881,13.2560155028166,"Connecting progenitor cells","ACATGCAGTTCCATTT_1",4.55456944330832,0.633411503970519,NA
"ACCATTTCATGGAACG_1",14607,2922.38340030003,1632,0.120385232744783,-0.0940246262301762,"G1",0.591170825335892,9.73000161540516,"Connecting progenitor cells","ACCATTTCATGGAACG_1",3.04972143992086,2.07492791825523,12.8270268648671
"ACCCTTGTCGCCTTTG_1",14607,2956.8092924,1660,0.266058532877233,0.0188259026731298,"S",0.59021113243762,11.6120583408071,"Connecting progenitor cells","ACCCTTGTCGCCTTTG_1",4.46993323191305,1.6677142303585,NA
"ACCTGAAAGCAAATGT_1",14607,2836.94789209997,1581,0.0402414486921529,-0.0983096228860722,"G1",0.77447216890595,9.73074140199485,"Connecting progenitor cells","ACCTGAAAGCAAATGT_1",2.97376461847921,2.02840482407798,12.7532733761532
"ACCTGTCAGTTGCTGT_1",14607,3331.0107955001,2308,0.0909918107370337,-0.0866547613569593,"G1",0.674664107485605,7.92884160560567,"Connecting progenitor cells","ACCTGTCAGTTGCTGT_1",1.5814718805184,2.1503972929119,12.0852920551505
"ACGATGTAGACATATG_1",14607,3487.98569010003,2435,0.0446727719454992,-0.161807251800731,"G1",0.404990403071017,17.5016834180546,"Neuroblasts","ACGATGTAGACATATG_1",5.22280999048849,-3.13767398184548,NA
"ACGGAAGGTCGCAACC_1",14607,2294.17464880002,1014,0.14903129657228,0.00414646648932386,"S",0.973128598848369,2.94697316972161,"Bridge","ACGGAAGGTCGCAACC_1",-1.72893611565928,2.13553260976066,8.62112205341427
"ACGGGTCCAAGCCCAC_1",14607,2851.81903730001,1585,0.0791139240506329,-0.0154065731126222,"G1",0.898272552783109,5.08323754687764,"SCPs","ACGGGTCCAAGCCCAC_1",-7.3823383249412,2.44282161408652,2.77310282234665
"ACGGTTAAGCTCATAC_1",14607,3693.1516594,2667,0.020755500207555,0.0864254481751527,"S",0.59404990403071,17.6063991788802,"Neuroblasts","ACGGTTAAGCTCATAC_1",5.00411053522726,-3.16552985495339,NA
"ACGTAACTCGGTAAGG_1",14607,2440.77205380002,1100,0.0701262272089762,-0.125796661087753,"G1",0.901151631477927,5.17558473197676,"SCPs","ACGTAACTCGGTAAGG_1",-7.10908202306131,2.6439527195095,2.9805770562911
"ACGTACACAACCGTAT_1",14607,2467.90255770001,1144,0,0.00753052838763821,"S",0.875239923224568,5.65711694287787,"SCPs","ACGTACACAACCGTAT_1",-7.34862784520487,2.71976911240806,2.72575744456573
"ACGTCCTGTACTCGAT_1",14607,2372.7047111,1084,0,-0.107923045899454,"G1",0.963531669865643,5.7076715891327,"SCPs","ACGTCCTGTACTCGAT_1",-7.25438050404886,2.68739091569175,2.82533460005149
"ACTATTCCACGTGAGA_1",14607,3154.89449559998,2088,0.132310134956338,-0.0903597793956432,"G1",0.870441458733205,6.89067795063304,"Bridge","ACTATTCCACGTGAGA_1",0.442265292250118,2.33187507802238,11.1576806261229
"ACTCCCAAGCAGTCTT_1",14607,3114.21105199995,1833,0.104166666666667,0.0853529426026696,"S",0.924184261036468,5.64429820179244,"SCPs","ACTCCCAAGCAGTCTT_1",-7.50919989720682,2.41951512509574,2.66001973239771
"ACTCCCACAAACTGCT_1",14607,3851.85749849994,3021,0.0543379822495925,-0.0199080026228291,"G2M",0.944337811900192,2.16462706951173,"Bridge","ACTCCCACAAACTGCT_1",-2.67963914052347,2.04061054402579,7.62087044855751
"ACTCTCGCATTGGCAT_1",14607,3501.94016750004,2451,0.0437445319335083,-0.0992986971779221,"G1",0.638195777351248,10.8946760685955,"Connecting progenitor cells","ACTCTCGCATTGGCAT_1",4.2879440389504,1.80792748147239,NA
"ACTTAGGCAGCTACCG_1",14607,3423.16057459991,2511,0.0403469840629413,0.0446264563888681,"G2M",0.830134357005758,5.69998000546312,"Bridge","ACTTAGGCAGCTACCG_1",-0.306299815333882,2.3632457178234,10.3239561301553
"ACTTATCTCCTGGGAC_1",14607,3583.79668370009,2354,0.105207785376118,-0.0962784808948606,"G1",0.916506717850288,0.605277081196586,"SCPs","ACTTATCTCCTGGGAC_1",-4.06619004384378,1.71755253487815,6.24849267640059
"ACTTCGCGTATCATGC_1",14607,2779.76280550001,1527,0.0416666666666667,-0.0726524289318364,"G1",0.568138195777351,8.16884003422857,"Connecting progenitor cells","ACTTCGCGTATCATGC_1",1.98498555048605,2.12050425225486,12.3365970164871
"ACTTCGCTCCCGTGTT_1",14607,3404.78900629998,2327,0,-0.16496747595338,"G1",0.550863723608445,13.2917980820425,"Connecting progenitor cells","ACTTCGCTCCCGTGTT_1",4.07374020441671,0.655992127597228,NA
"ACTTTGTCATAATCCG_1",14607,3214.28687279994,1963,0.0306654400490647,-0.0839888638788863,"G1",0.893474088291747,6.52911095765854,"SCPs","ACTTTGTCATAATCCG_1",-8.15434340611795,2.21572136098136,2.10402187342888
"ACTTTGTGTGCTCTTC_1",14607,3071.36274410008,1744,0,-0.0301583789591242,"G1",0.967370441458733,5.65925634818426,"SCPs","ACTTTGTGTGCTCTTC_1",-7.38489512578348,2.62754546815147,2.71753931290948
"AGAACAATCGGTCGAC_1",14607,3461.27429669993,2517,0.0575153374233129,-0.0476299891366065,"G1",0.493282149712092,15.1553964625389,"Neuroblasts","AGAACAATCGGTCGAC_1",4.34114380701681,-2.54244769400369,NA
"AGACAGGCACATCCCT_1",14607,2829.01972380003,1516,0.177698800533096,-0.0337863163425856,"G1",0.571976967370441,9.18396847647114,"Connecting progenitor cells","AGACAGGCACATCCCT_1",2.69472881182333,1.94896113091697,12.5842631180795
"AGACCCGCACTCCTGT_1",14607,3914.74239760014,3228,0.0596302921884317,0.185558777952693,"S",0.979846449136276,2.52800670474838,"SCPs","AGACCCGCACTCCTGT_1",-6.00716523305277,1.72430299931754,4.32228759410525
"AGAGAGCCAAACCACT_1",14607,3568.00612539986,2448,0.0486144871171609,-0.0346887359994668,"G1",0.956813819577735,3.8493751190076,"SCPs","AGAGAGCCAAACCACT_1",-6.59092978612284,2.13704871350516,3.69095305799327
"AGATGAATCCATTCAT_1",14607,3082.69878549996,1778,0.0379362670713202,-0.12997406182656,"G1",0.950095969289827,1.9429221336505,"Bridge","AGATGAATCCATTCAT_1",-3.27806953564981,1.72643660718192,7.03797698527629
"AGCATCAAGGCACGAT_1",14607,2444.84712589999,1152,0.0622277535780958,-0.0198134849271561,"G1",0.491362763915547,10.53096143311,"Connecting progenitor cells","AGCATCAAGGCACGAT_1",3.64129753931662,2.68667947465171,13.4130978620562
"AGCGCCAGTCGCGTCA_1",14607,3215.4884303999,1899,0.0668002672010688,-0.0755254080666575,"G1",0.85700575815739,6.3597419373568,"SCPs","AGCGCCAGTCGCGTCA_1",-8.94816760197977,2.36688553506126,1.30239098194227
"AGGAAATCACTTCAAG_1",14607,3194.64874089998,1924,0.160359204618345,-0.0129676156546846,"G1",0.521113243761996,11.9217883805944,"Connecting progenitor cells","AGGAAATCACTTCAAG_1",4.27869292124411,1.18485056573142,NA
"AGGATAAGTATGAGCG_1",14607,3289.99995670005,1986,0.10016694490818,0.247754842656327,"S",0.521113243761996,15.0235995750282,"Neuroblasts","AGGATAAGTATGAGCG_1",5.17996569498678,-1.05430043524514,NA
"AGGCATTGTTAGAGAT_1",14607,2560.34956389994,1207,0.184956843403206,0.0867802903450757,"S",0.291746641074856,15.7954128852265,"Neuroblasts","AGGCATTGTTAGAGAT_1",5.49464817865988,-2.10147178953896,NA
"AGGGTGAAGTGGATTA_1",14607,2471.86872170003,1143,0,-0.106308040730838,"G2M",0.427063339731286,16.4296561188746,"Neuroblasts","AGGGTGAAGTGGATTA_1",5.63003226145407,-2.46310389822732,NA
"AGGTCATTCTTGGCTC_1",14607,3601.27472219995,2595,0.122448979591837,-0.0645741884289302,"G1",0.444337811900192,17.8484992573196,"Neuroblasts","AGGTCATTCTTGGCTC_1",5.44560500010153,-3.43093837088357,NA
"AGGTTGTAGTAGACAT_1",14607,2427.04629139999,1101,0.274536719286205,-0.0684155146527302,"G1",0.317658349328215,17.4663025226002,"Neuroblasts","AGGTTGTAGTAGACAT_1",5.6678702436318,-3.22793138808022,NA
"AGTCATGCAGACCTGC_1",14607,2679.15636519996,1333,0.103305785123967,-0.127707485277134,"G1",0.96257197696737,3.83265492455404,"SCPs","AGTCATGCAGACCTGC_1",-6.89652613774637,2.41073142701377,3.27473128539858
"AGTGATCTCGACTCCT_1",14607,3769.08110734015,3224,0.01431229426077,0.0115937586283497,"S",0.855086372360845,6.30337346404784,"Bridge","AGTGATCTCGACTCCT_1",0.157267411791286,2.0231168192028,10.7219283576688
"AGTTAGCGTTCCGCGA_1",14607,3629.34883150002,2562,0.0895455563017685,-0.0916848759043824,"G1",0.802303262955854,0.734668675755464,"Bridge","AGTTAGCGTTCCGCGA_1",-3.9287717737327,1.69585465604056,6.387520087745
"AGTTCGAGTGTGCTTA_1",14607,2758.15020360006,1392,0.105652403592182,0.0935188096191696,"S",0.262955854126679,16.9272491448042,"Neuroblasts","AGTTCGAGTGTGCTTA_1",5.8010489545693,-3.10016406363259,NA
"AGTTCGATCCTCGCAT_1",14607,3912.04200649994,3089,0.0326157860404436,0.0614718572249579,"S",0.967370441458733,5.17558529345723,"SCPs","AGTTCGATCCTCGCAT_1",-7.17449263707499,2.57818662339439,2.9364641074642
"ATACCGAGTACGTAGG_1",14607,2391.36587990001,1083,0.137174211248285,-0.113593082893731,"G1",0.946257197696737,6.52911151913902,"SCPs","ATACCGAGTACGTAGG_1",-7.89795712605814,2.27928840333213,2.33359956469689
"ATAGACCTCGCACGGT_1",14607,3092.47643169991,1755,0,0.0594947008145834,"S",0.608445297504798,11.7962803480223,"Connecting progenitor cells","ATAGACCTCGCACGGT_1",4.3706404767861,1.25145839864005,NA
"ATCACAGAGACGCCAA_1",14607,3771.99766190009,2802,0.155823918971562,-0.120959397332596,"G1",0.375239923224568,17.7720022667141,"Neuroblasts","ATCACAGAGACGCCAA_1",4.89088173731466,-3.8883434612156,NA
"ATCACTTGTTATTCCT_1",14607,3229.63431500006,1937,0.0672268907563025,-0.15186712105442,"G1",0.500959692898273,15.4419089191409,"Neuroblasts","ATCACTTGTTATTCCT_1",5.19781180246969,-1.54742253607522,NA
"ATCATTCCAGCATTGT_1",14607,3512.27270279987,2260,0.0847218299915278,-0.00821458677992135,"G2M",0.809021113243762,17.2882099428992,"Neuroblasts","ATCATTCCAGCATTGT_1",5.48287077768942,-3.02817452734719,NA
"ATCCACCGTCACAATC_1",14607,3711.53247570008,3006,0.0161186331399097,-0.0831307223730526,"G1",1,3.87160526233023,"Bridge","ATCCACCGTCACAATC_1",-1.4593355454574,1.86140619927634,8.91631227651606
"ATCCGTCGTGTTCCTC_1",14607,2706.28766560005,1384,0.146771037181996,0.00806280094117304,"S",0.337811900191939,13.2917995793237,"Connecting progenitor cells","ATCCGTCGTGTTCCTC_1",3.82617827280661,0.668615489840404,NA
"ATCGCCTCAGAGTAAT_1",14607,3417.91472460007,2525,0.0872905027932961,-0.0347684172726091,"G1",0.904030710172745,6.52132160240682,"SCPs","ATCGCCTCAGAGTAAT_1",-8.09109095708231,2.38941549473991,2.12591529887145
"ATCGCCTTCAAAGCCT_1",14607,3174.61042489995,1952,0,-0.0480666633644629,"G1",0.569097888675624,11.4398816742933,"Connecting progenitor cells","ATCGCCTTCAAAGCCT_1",4.07044144495626,1.67908488923301,12.9381274242113
"ATCGGATGTCAACCAT_1",14607,3465.541077,2423,0.0911369332421964,-0.0991278299127461,"G1",0.976967370441459,6.29474830974977,"Bridge","ATCGGATGTCAACCAT_1",0.082038482271633,2.18168734723319,10.7062025304347
"ATCTCTAAGAATCGCG_1",14607,3172.5267390999,2015,0.0895789787996417,-0.0262157114770056,"G1",0.943378119001919,3.7349612693549,"Bridge","ATCTCTAAGAATCGCG_1",-1.19523958340982,2.30375408345451,9.24082104369213
"ATCTTCACACAACGTT_1",14607,3564.63531760008,2605,0.0793021411578113,-0.0578945185915068,"G1",0.826295585412668,3.67909960158887,"Bridge","ATCTTCACACAACGTT_1",-1.13970814124445,2.21877001935233,9.28982036096992
"ATCTTCACATCTCCCA_1",14607,3832.17966290003,2944,0.0713648528099911,-0.0459809147011422,"G1",0.921305182341651,0.0763152112628172,"SCPs","ATCTTCACATCTCCCA_1",-4.59289960042337,1.63442396336784,5.73400807094717
"ATGAAAGAGGGTTTCT_1",14607,3437.30481730014,2354,0.069268067420919,-0.0559475207099491,"G1",0.53742802303263,13.2917997664839,"Connecting progenitor cells","ATGAAAGAGGGTTTCT_1",4.15867491587301,0.787842593729392,NA
"ATGCATGGTCTTGCTC_1",14607,2768.80096639998,1411,0.0499251123315027,0.0359075212734628,"S",0.331094049904031,12.8634510963638,"Connecting progenitor cells","ATGCATGGTCTTGCTC_1",4.59094401224752,0.843368075430289,NA
"ATGCCTCTCGTGACTA_1",14607,2955.01660840006,1680,0.109289617486339,-0.00691939746803061,"G1",0.436660268714012,13.4672965647521,"Connecting progenitor cells","ATGCCTCTCGTGACTA_1",4.21954747065207,0.117277107775107,NA
"ATGGGTTAGGTCATCT_1",14607,3226.32972100012,1963,0.0634517766497462,-0.0122122485832508,"G1",0.230326295585413,16.0124886709264,"Neuroblasts","ATGGGTTAGGTCATCT_1",5.1229540906777,-2.32728327101479,NA
"ATGTCCCGTGCCAAGA_1",14607,2971.32229699992,1728,0.0725689404934688,-0.137029107099271,"G1",0.483685220729367,9.98835108342778,"Connecting progenitor cells","ATGTCCCGTGCCAAGA_1",3.71269579752584,2.35149418526878,13.2369279306424
"ATGTCTTTCAAGTAAG_1",14607,2326.59474750001,1077,0.129449838187702,-0.0829660971500717,"G1",0.843570057581574,3.03311894080265,"Bridge","ATGTCTTTCAAGTAAG_1",-1.6261926092277,1.54304908925284,8.73421116610609
"ATTCACTAGATCACTC_1",14607,3596.72544650001,2643,0.0193498452012384,-0.0244840472700502,"G1",0.813819577735125,8.54485865976763,"Connecting progenitor cells","ATTCACTAGATCACTC_1",1.88026877268454,1.77353917771567,12.0567268717618
"ATTCACTCAGTAACGG_1",14607,3528.55703950004,2502,0.0415196180195142,-0.00113479836970309,"G1",0.689059500959693,9.84335799964472,"Connecting progenitor cells","ATTCACTCAGTAACGG_1",3.56042881830832,2.47377478295554,13.2744804621335
"ATTCACTGTTTGGAAA_1",14607,2642.51480930004,1282,0.0589622641509434,-0.0911310471070498,"G1",0.31190019193858,13.832993855937,"Connecting progenitor cells","ATTCACTGTTTGGAAA_1",4.27656956537863,-0.372678168475732,NA
"ATTCCCGAGTAGGATT_1",14607,2573.61688690001,1221,0.0592417061611374,-0.112254958898375,"G1",0.389635316698656,17.8701888929362,"Neuroblasts","ATTCCCGAGTAGGATT_1",4.55218001230856,-3.4827562648655,NA
"ATTCCTACATGCCATA_1",14607,2987.07626439998,1665,0.120096076861489,0.0832039032163154,"S",0.340690978886756,15.1292737418421,"Neuroblasts","ATTCCTACATGCCATA_1",4.84665556772848,-0.953017242610558,NA
"ATTCGTTGTACGTACT_1",14607,2829.11426019997,1505,0,-0.00588156714559546,"G1",0.742802303262956,10.0730647890365,"Connecting progenitor cells","ATTCGTTGTACGTACT_1",3.53401680811544,1.78662823849906,12.8599447974144
"ATTCGTTGTCAGTCTA_1",14607,3344.45801920005,2027,0.0326583932070542,-0.0807975826633449,"G1",0.991362763915547,6.33539386625396,"SCPs","ATTCGTTGTCAGTCTA_1",-8.71072463170389,2.5494258325695,1.50539490649038
"ATTCTTGCAATACCCA_1",14607,2662.2570203,1317,0.105820105820106,-0.103050952541682,"G1",0.901151631477927,5.53432968835999,"SCPs","ATTCTTGCAATACCCA_1",-7.66727713719706,2.9041210334896,2.38215401552437
"ATTTCTGGTGTTCCAA_1",14607,3164.95571829992,1864,0.0687757909215956,0.0143496818334621,"S",0.985604606525912,2.48782602485104,"SCPs","ATTTCTGGTGTTCCAA_1",-5.77010707036356,1.86197315865745,4.53911668059194
"CAACCAAGTGGGCTCT_1",14607,3689.03379770002,2690,0.11463507833397,-0.037489997324431,"G1",0.963531669865643,5.17558566777755,"SCPs","CAACCAAGTGGGCTCT_1",-7.19060973302225,2.62198149377097,2.90860648543291
"CAACGATAGACAGCTG_1",14607,2907.95796729996,1565,0.130890052356021,0.0875345245299897,"S",0.55278310940499,10.8946764429159,"Connecting progenitor cells","CAACGATAGACAGCTG_1",4.48793574198385,1.86351632291068,NA
"CAAGAGGAGACTTCCA_1",14607,2401.36610260002,1112,0.0666666666666667,-0.0404693823137608,"G1",0.555662188099808,10.7731654685186,"Connecting progenitor cells","CAAGAGGAGACTTCCA_1",3.1816744409432,3.66436969453086,13.9721044121196
"CAAGAGGCATTGACAC_1",14607,3067.65678519994,1789,0.140252454417952,-0.0602699919287852,"G1",0.882917466410749,3.03647727001506,"Bridge","CAAGAGGCATTGACAC_1",-1.94608954564432,2.08345364743461,8.39091163018947
"CAAGGGAAGGTAATCA_1",14607,2742.31432019996,1403,0.194836824159766,-0.0289880539228767,"G2M",0.306142034548944,18.0244411697755,"Neuroblasts","CAAGGGAAGGTAATCA_1",5.43945475443502,-3.6019550639988,NA
"CAAGGGATCTACGGGC_1",14607,3341.05635189991,2261,0.096688421561518,-0.145458605247679,"G1",0.888675623800384,2.94697335688177,"Bridge","CAAGGGATCTACGGGC_1",-1.83580176011423,2.05340468102683,8.51496247383695
"CAATGACCATCCGTTC_1",14607,3591.13692329991,2567,0.0209073803052478,-0.044024616595927,"G1",0.989443378119002,6.26961434051309,"SCPs","CAATGACCATCCGTTC_1",-9.02071932927469,1.69031678849448,1.33436095609952
"CACAGATCAGAGATTA_1",14607,3205.70360599991,1876,0.07097232079489,0.0711156335862998,"S",0.959692898272553,5.67500814164357,"SCPs","CACAGATCAGAGATTA_1",-8.00777701512674,2.83908211404075,2.1042849636151
"CACAGGCGTCGCATTA_1",14607,2368.40969739994,1053,0.0735835172921266,-0.0564539488712082,"G2M",0.933781190019194,5.0127698720473,"SCPs","CACAGGCGTCGCATTA_1",-7.19011763707499,2.32573723012199,2.99295689920842
"CACATGACATCGGTTA_1",14607,3125.3265581,1756,0.234833659491194,0.0517052806562467,"S",0.199616122840691,16.834619778342,"Neuroblasts","CACATGACATCGGTTA_1",5.57118388041159,-2.85837496107827,NA
"CACGAATAGAGATTCA_1",14607,3922.23889675993,3213,0.0301386377335744,-0.104594406027429,"G1",0.903071017274472,6.42564594086263,"SCPs","CACGAATAGAGATTCA_1",-9.07498149052958,2.13445638829459,1.21136958787388
"CACTAAGCACCCATAA_1",14607,3458.27777469998,2269,0.158772161947605,-0.09814917618992,"G1",0.378119001919386,16.7449039434709,"Neuroblasts","CACTAAGCACCCATAA_1",5.83281250818869,-2.77345622366677,NA
"CACTGGGTCGTTGTAG_1",14607,2976.62279000007,1663,0.0410172272354389,-0.0547135922244579,"G2M",0.248560460652591,18.3827126647674,"Neuroblasts","CACTGGGTCGTTGTAG_1",5.16130658014914,-3.85506404227029,NA
"CAGCAATGTCATCCCT_1",14607,3026.94286180007,1754,0.140745953553835,-0.0456892277901507,"G1",0.63147792706334,9.72198241207343,"Connecting progenitor cells","CAGCAATGTCATCCCT_1",3.14870282038351,1.89501201325645,12.7532733761532
"CAGCACGCAGCTCTGG_1",14607,2712.11835619997,1363,0.158227848101266,0.0518649874553555,"S",0.621880998080614,9.98835127058793,"Connecting progenitor cells","CAGCACGCAGCTCTGG_1",3.69991322382589,2.07417105847587,13.08720761138
"CAGCGTGCATGATGCT_1",14607,2868.55475629995,1563,0,-0.120699131042667,"G2M",0.559500959692898,10.0821113961141,"Connecting progenitor cells","CAGCGTGCATGATGCT_1",3.59373827799459,1.79389559441794,12.8994554841231
"CAGCGTGGTCTTGCGG_1",14607,2711.46863840006,1362,0,-0.0363085263152962,"G2M",0.520153550863724,10.3698435078604,"Connecting progenitor cells","CAGCGTGGTCTTGCGG_1",3.7033083043923,2.80878316575278,13.4725647204499
"CAGCGTGTCCATGATG_1",14607,2561.7766702,1229,0,-0.0956868302055186,"G1",0.575815738963532,11.7519179815403,"Connecting progenitor cells","CAGCGTGTCCATGATG_1",4.18303604944845,1.44913762027015,NA
"CAGTTAGAGTGCTACT_1",14607,3203.91119670005,1910,0.200534759358289,-0.135918431622313,"G1",0.578694817658349,12.901705428997,"Connecting progenitor cells","CAGTTAGAGTGCTACT_1",4.53242560251852,0.908594809114829,NA
"CAGTTAGGTCAACCTA_1",14607,3568.50233309991,2594,0.0783545543584721,-0.0146984187448467,"G1",0.825335892514395,10.9148772214937,"Connecting progenitor cells","CAGTTAGGTCAACCTA_1",3.7597367368569,1.73235189133872,12.9270950343143
"CATACAGCAGAGGCTA_1",14607,3350.1506211999,2228,0.100603621730382,0.000802171029259724,"G2M",0.433781190019194,13.0960780833255,"Connecting progenitor cells","CATACAGCAGAGGCTA_1",4.59116001948019,0.0511134188770208,NA
"CATAGACAGTAGTGCG_1",14607,3192.30952229992,2024,0.115373521776752,0.0477919090786486,"S",0.429942418426104,13.325193180403,"Connecting progenitor cells","CATAGACAGTAGTGCG_1",4.3259627424111,0.143173597395316,NA
"CATCAAGGTGGCTGAA_1",14607,2841.98746630004,1492,0.0938086303939962,-0.0991365349327982,"G1",0.214011516314779,15.6161448642735,"Neuroblasts","CATCAAGGTGGCTGAA_1",5.44205113276144,-2.05357731169473,NA
"CATCCCAAGTCAGCGA_1",14607,3246.52892129994,1997,0.096401028277635,-0.00854566718432864,"G1",0.964491362763916,5.48172259908895,"Bridge","CATCCCAAGTCAGCGA_1",-0.53091379479269,2.35635267907371,10.0287857947958
"CATCCGTAGAGCATCG_1",14607,3128.59519479996,1902,0.09375,0.0402363550341491,"S",0.461612284069098,11.1730033375585,"Connecting progenitor cells","CATCCGTAGAGCATCG_1",3.07891484125753,0.855937115490333,NA
"CATGCAAGTCAGTCTA_1",14607,2891.35937690007,1689,0.11090573012939,-0.0606053009867834,"G1",0.921305182341651,3.16512839695848,"Bridge","CATGCAAGTCAGTCTA_1",-2.07819024697641,1.8667263906597,8.25521794769105
"CATGGATAGTAGAGTT_1",14607,2508.62298719998,1191,0.0611246943765281,-0.0615573509053427,"G1",0.491362763915547,10.1418744655639,"Connecting progenitor cells","CATGGATAGTAGAGTT_1",3.60054179056784,1.65399574452628,12.7874440961809
"CATTCCGCATTGAAAG_1",14607,3012.9256604,1734,0,-0.103135662393968,"G1",0.908829174664108,6.52911226777966,"SCPs","CATTCCGCATTGAAAG_1",-7.95984915868143,2.32481919938316,2.26217226784527
"CATTGTTCAACTTGCA_1",14607,2736.79620069997,1413,0.09765625,0.125005289647866,"S",0.528790786948177,13.2668741796457,"Connecting progenitor cells","CATTGTTCAACTTGCA_1",4.52912445887228,0.64241264724721,NA
"CATTTCAAGCCTCTGG_1",14607,2992.1324722999,1665,0,0.00411583364628954,"S",0.9510556621881,1.82135709742665,"Bridge","CATTTCAAGCCTCTGG_1",-3.72693518773417,1.74961041623344,6.58272708408784
"CATTTCAAGCTCCACG_1",14607,2998.67796480003,1875,0.0290782204129107,-0.0268308007913093,"G1",0.924184261036468,6.95706989565721,"Bridge","CATTTCAAGCTCCACG_1",0.156776627146206,2.32899486237754,10.8622222286232
"CATTTCACATGGCCAC_1",14607,3005.96672570001,1706,0.22927015666794,-0.134555018532667,"G1",0.553742802303263,10.7977316702921,"Connecting progenitor cells","CATTTCACATGGCCAC_1",3.78682633265158,1.83059405499686,12.9270950343143
"CCAAGCGTCGCTGTTC_1",14607,2396.22604229996,1116,0,-0.111716852426642,"G1",0.876199616122841,3.68370398305732,"Bridge","CCAAGCGTCGCTGTTC_1",-1.15700594560007,2.1612855117916,9.26825872885935
"CCACGTTGTCTGCATA_1",14607,3699.8333463001,2689,0.0602893890675241,-0.0907311003834452,"G1",0.923224568138196,6.37901443102293,"SCPs","CCACGTTGTCTGCATA_1",-8.53914527074198,2.52517472916831,1.6724327340303
"CCCTGATCACCCAATA_1",14607,3057.30891010005,1809,0,-0.102831267922284,"G1",0.957773512476008,1.48804393942289,"SCPs","CCCTGATCACCCAATA_1",-5.06816844121317,1.69178151303519,5.25443328043352
"CCCTTAGCACACACTA_1",14607,3079.84197069998,1819,0.0688231245698555,-0.0487786405168864,"G2M",0.399232245681382,11.9041253980654,"Connecting progenitor cells","CCCTTAGCACACACTA_1",4.37385435923239,0.984044246017829,NA
"CCCTTAGCATTGCCGG_1",14607,3470.97017890015,2368,0.0706214689265537,-0.0656113849385871,"G2M",0.5489443378119,17.8505600338157,"Neuroblasts","CCCTTAGCATTGCCGG_1",5.33739300593039,-3.4548889476658,NA
"CCCTTAGTCTTAAGGC_1",14607,3102.11370910004,1994,0.0290782204129107,-0.0598821307869381,"G1",0.891554702495202,2.4060173810596,"Bridge","CCCTTAGTCTTAAGGC_1",-2.41152767316202,1.71429430657615,7.92225825642464
"CCGCAAGTCGGTAGGA_1",14607,2886.34612200003,1549,0.174216027874564,-0.0447273528772333,"G1",0.620921305182342,13.0587757096467,"Connecting progenitor cells","CCGCAAGTCGGTAGGA_1",4.79422922953268,0.893371812641517,NA
"CCGGTGAAGCAATTAG_1",14607,2267.79183779996,1015,0,-0.114606879838323,"G1",0.459692898272553,8.47192367636642,"Connecting progenitor cells","CCGGTGAAGCAATTAG_1",2.34790321215292,1.74593149834861,12.3173978528214
"CCGGTGAAGCTCTATG_1",14607,3010.94025560006,1674,0.118389897395422,-0.0158138143229831,"G1",0.429942418426104,16.497303167082,"Neuroblasts","CCGGTGAAGCTCTATG_1",5.63649578913351,-2.61872280424844,NA
"CCTATCGCACGCGGTT_1",14607,2870.26118179994,1511,0,0.0645192617276814,"G2M",0.205374280230326,15.8417951945127,"Neuroblasts","CCTATCGCACGCGGTT_1",5.01988526209494,-2.15552700346719,NA
"CCTCAGTAGATAACAC_1",14607,3181.97907960003,1959,0.12426219322771,0.0342201409946769,"S",0.964491362763916,5.57485020795494,"SCPs","CCTCAGTAGATAACAC_1",-7.72938517705301,2.96456801110496,2.32257607344227
"CCTCCAAGTGTTGACT_1",14607,3507.31151729992,2392,0.122880314573605,-0.0814680439274668,"G1",0.925143953934741,2.12310335740396,"Bridge","CCTCCAAGTGTTGACT_1",-2.98087290898661,2.01029764825095,7.31071875993316
"CCTCTAGAGGGAGATA_1",14607,2300.12953959998,1030,0,-0.0972931971215186,"G1",0.659309021113244,12.4009580945419,"Connecting progenitor cells","CCTCTAGAGGGAGATA_1",2.79798217638632,4.16893421822776,14.3529188135168
"CCTTCAGAGGAACATT_1",14607,2695.41998659997,1353,0.0516262261228704,-0.0195784490458226,"G1",0.849328214971209,5.52973942400025,"SCPs","CCTTCAGAGGAACATT_1",-7.79765586034159,2.59476958924522,2.35047635311351
"CGAAGGAGTCAGACGA_1",14607,3174.42135229989,1944,0.093167701863354,-0.151825666858192,"G1",0.709213051823417,10.1375678397972,"Connecting progenitor cells","CGAAGGAGTCAGACGA_1",3.59830780848166,1.66323208028068,12.7938382255795
"CGACAGCCAAGGATGC_1",14607,3355.96425500008,2181,0.155400155400155,-0.099356040509785,"G1",0.576775431861804,11.961374346835,"Connecting progenitor cells","CGACAGCCAAGGATGC_1",4.12165661677023,1.09388809615363,NA
"CGAGAAGTCCACAGCG_1",14607,3213.7919660999,1891,0.246392115452306,-0.0800147978462721,"G1",0.488483685220729,16.096269176395,"Neuroblasts","CGAGAAGTCCACAGCG_1",3.88651247843405,-3.73656762427102,NA
"CGAGAAGTCTCCCAAC_1",14607,2293.43078899999,1014,0.218340611353712,-0.0590552103587783,"G1",0.86084452975048,3.65350190480677,"Bridge","CGAGAAGTCTCCCAAC_1",-1.05360219851831,2.29854094201316,9.40867666025605
"CGAGAAGTCTGAACGT_1",14607,3483.98290019997,2532,0.0205592105263158,-0.0720059352805406,"G1",0.82725527831094,3.65350209196693,"Bridge","CGAGAAGTCTGAACGT_1",-0.875982413447895,2.2596673887371,9.60898047768429
"CGATGCGGTGAACCGA_1",14607,3769.22180920013,2869,0.0746686578308755,0.364235472377211,"S",0.969289827255278,6.52911245493982,"SCPs","CGATGCGGTGAACCGA_1",-8.05717209950785,2.28115224057426,2.17913308305539
"CGATGGCAGATCACTC_1",14607,2662.59105090002,1304,0.221975582685905,0.0818022114058173,"S",0.244721689059501,15.9384366093316,"Neuroblasts","CGATGGCAGATCACTC_1",5.44780894144674,-2.24734128302346,NA
"CGATGGCCAGACGCTC_1",14607,3322.70839980003,2212,0.0523560209424084,-0.164800149272585,"G2M",0.895393474088292,3.18933405066388,"Bridge","CGATGGCCAGACGCTC_1",-2.100744882978,2.05790697747459,8.2251335354444
"CGATGGCTCCATTTAC_1",14607,3598.81299420007,2478,0.068870523415978,-0.014644884351891,"G1",0.979846449136276,3.83265529887436,"SCPs","CGATGGCTCCATTTAC_1",-6.61920289174417,2.28783511334647,3.64477329289282
"CGCATGGGTAATGTGA_1",14607,2973.97560669994,1677,0.0382262996941896,0.0249023260002428,"S",0.436660268714012,13.2918008894448,"Connecting progenitor cells","CGCATGGGTAATGTGA_1",3.6386954389443,0.69974587076892,NA
"CGCCATTGTCCATACA_1",14607,3016.83050320004,1800,0.168123739071957,-0.124461478171373,"G1",0.63915547024952,6.13375373394047,"Bridge","CGCCATTGTCCATACA_1",-0.15337852612833,2.41930388623466,10.5259461558575
"CGCGTGACAAAGCAAT_1",14607,2532.96302209997,1206,0,0.145466198611384,"S",0.502879078694818,9.72183518466985,"Connecting progenitor cells","CGCGTGACAAAGCAAT_1",3.1157519422402,1.63973473721732,12.5940464899291
"CGCGTGAGTCGGTGTC_1",14607,3859.52075060015,3039,0.0693842150910668,0.221086569433197,"S",0.900191938579655,6.44684802722096,"SCPs","CGCGTGAGTCGGTGTC_1",-8.45043543950418,2.39713501149406,1.78325977656012
"CGGAACCAGGAGGTTC_1",14607,3118.07268270005,1811,0.146305779078274,0.00529716639416994,"S",0.252399232245681,17.8481059996205,"Neuroblasts","CGGAACCAGGAGGTTC_1",5.66896744593283,-3.36524356192361,NA
"CGGACACTCTGAATCG_1",14607,2808.72996119999,1508,0.214592274678112,-0.11332881502277,"G2M",0.784069097888676,7.83159623420222,"Connecting progenitor cells","CGGACACTCTGAATCG_1",1.69228669031759,2.18946372681846,12.1929294492184
"CGTGAATGTCGTGCCA_1",14607,3150.93089120007,1783,0.0384763370527126,0.0649715213300908,"S",0.810940499040307,6.77905641269025,"SCPs","CGTGAATGTCGTGCCA_1",-8.09533242360453,2.83830510789146,2.01922307887036
"CGTGCTTAGCCTCGTG_1",14607,3019.9083081999,1721,0.0366434591425431,-0.0645071000395184,"G1",0.289827255278311,18.7588374880764,"Neuroblasts","CGTGCTTAGCCTCGTG_1",5.08375759943624,-4.21068967169534,NA
"CGTGCTTAGTTATGGA_1",14607,3375.21912039999,2188,0.161550888529887,0.0220318912916107,"S",0.607485604606526,11.173003899039,"Connecting progenitor cells","CGTGCTTAGTTATGGA_1",3.63306732996603,1.40565448218574,12.7219959710075
"CGTGCTTTCAACACCA_1",14607,3149.13323500004,1887,0.0658327847267939,-0.0516126513963939,"G1",0.703454894433781,10.7202968040167,"Connecting progenitor cells","CGTGCTTTCAACACCA_1",3.96428461893698,1.92258404904594,13.0926957086301
"CTAAGTGAGACGGTCA_1",14607,3073.95342530004,1765,0.146735143066764,-0.0224918049385861,"G1",0.67274472168906,13.8324279991043,"Connecting progenitor cells","CTAAGTGAGACGGTCA_1",4.62312432154318,-0.246206589400872,NA
"CTACCTGTCATTGCGA_1",14607,3914.40628430015,3297,0.0683526999316473,0.18914773414273,"S",0.936660268714012,5.60469795220416,"SCPs","CTACCTGTCATTGCGA_1",-7.48026589528421,2.67679607087363,2.61472182816068
"CTAGGTAGTATCGCAT_1",14607,3660.37492402006,2833,0.0820748522652659,-0.0548512749367064,"G1",0.978886756238004,1.53801479068346,"SCPs","CTAGGTAGTATCGCAT_1",-5.2686908640037,1.66855668240775,5.05882696147332
"CTATAGGTCGCCGAAC_1",14607,2449.38239970004,1117,0.209351011863224,-0.0582086484759488,"G2M",0.326295585412668,15.4942635156758,"Neuroblasts","CTATAGGTCGCCGAAC_1",5.18987580164572,-1.31872249430428,NA
"CTATCCGCATACAGGG_1",14607,2713.5397948,1372,0.0509943906170321,0.0570501789477001,"S",0.479846449136276,12.6734223068288,"Connecting progenitor cells","CTATCCGCATACAGGG_1",4.30799694880148,0.842736653625861,NA
"CTATCCGTCTCCGATC_1",14607,2813.30411020005,1480,0.183654729109275,0.0305184154787533,"S",0.243761996161228,15.8874636111547,"Neuroblasts","CTATCCGTCTCCGATC_1",5.35771151407858,-2.19692266768227,NA
"CTATCTAAGATGAATC_1",14607,3469.61337469987,2496,0.0390701308849385,-0.0634240152496302,"G1",0.829174664107486,6.95707008281737,"Bridge","CTATCTAAGATGAATC_1",0.285921236120663,2.09265064412345,10.8898004241018
"CTCAGGGCAATACAGA_1",14607,3545.78656730002,2351,0.0515198351365276,-0.053098437980721,"G1",0.967370441458733,2.53094749198606,"SCPs","CTCAGGGCAATACAGA_1",-5.84334353581766,1.70100962334861,4.4867772040422
"CTCATTAGTCACTCGG_1",14607,3220.35694739995,1979,0.124766063630692,0.0390126424396302,"S",0.500959692898273,11.6039344665812,"Connecting progenitor cells","CTCATTAGTCACTCGG_1",4.40240021570822,1.40473573619117,NA
"CTGAGCGGTAATCAGA_1",14607,3531.69363590005,2376,0.0250563768479078,0.0546622301538556,"S",0.395393474088292,17.8481063739408,"Neuroblasts","CTGAGCGGTAATCAGA_1",5.6253954969277,-3.52802909201394,NA
"CTGAGCGTCATTGGTG_1",14607,2630.59397690002,1314,0.104112441436752,-0.0132588290504915,"G1",0.568138195777351,13.2918012637652,"Connecting progenitor cells","CTGAGCGTCATTGGTG_1",4.0511767469277,0.581310662083224,NA
"CTGAGGCCACTGCTTC_1",14607,3090.59906309994,1720,0.324280502634779,-0.0656122705509024,"G1",0.906909788867562,3.84291058285557,"SCPs","CTGAGGCCACTGCTTC_1",-6.30770568028788,1.98056470566978,4.00337899341355
"CTGATCCAGTCTAACC_1",14607,3720.06198527996,2915,0.0488122356003905,0.00734319301822534,"S",0.988483685220729,3.83885051684945,"SCPs","CTGATCCAGTCTAACC_1",-6.87837866917948,2.15000080281486,3.356258313358
"CTGCATCAGGGTACGT_1",14607,2995.58848739998,1633,0.127496812579686,-0.0537769363968968,"G1",0.470249520153551,15.8563007438103,"Neuroblasts","CTGCATCAGGGTACGT_1",5.30920811518332,-2.16600216215859,NA
"CTGTGGGGTTGAATCC_1",14607,3168.92763149994,1935,0.0328083989501312,-0.0644953309072332,"G1",0.839731285988484,1.81663676466943,"Bridge","CTGTGGGGTTGAATCC_1",-3.71617464200357,1.71461664849509,6.5992422762788
"CTTACCGAGGGTTAGC_1",14607,3324.13005929993,2159,0.0809716599190283,0.00477173567317776,"S",0.707293666026871,9.66600417337528,"Connecting progenitor cells","CTTACCGAGGGTTAGC_1",2.88656373842855,1.92497705632438,12.6816355746332
"CTTCCTTCATTGAAAG_1",14607,2955.93984839993,1674,0.153609831029186,-0.0446183003116831,"G2M",0.374280230326296,15.248183051865,"Connecting progenitor cells","CTTCCTTCATTGAAAG_1",4.49789067133566,-0.825666435420617,NA
"CTTGATTCAACGTTAC_1",14607,3430.07326130004,2323,0.140350877192982,-0.0810053119016179,"G2M",0.980806142034549,5.50806513847901,"SCPs","CTTGATTCAACGTTAC_1",-7.66380337849955,2.78396522217979,2.41811849957042
"CTTTCAAAGAACAGGA_1",14607,3099.15127299997,1811,0.0724900326205147,-0.0553223919037898,"G1",0.937619961612284,5.62574410264484,"SCPs","CTTTCAAAGAACAGGA_1",-7.48112897054056,2.57281684094657,2.64341370347345
"GAACACTTCGCTAATG_1",14607,3004.91248600006,1647,0.126903553299492,-0.0067345587663169,"G1",0.611324376199616,11.5888529005264,"Connecting progenitor cells","GAACACTTCGCTAATG_1",4.49759026392599,1.63867770844688,NA
"GAAGAATTCCCGTAAA_1",14607,3036.40872959994,1677,0.0406834825061025,0.0807259061634562,"S",0.889635316698656,5.68736614756907,"SCPs","GAAGAATTCCCGTAAA_1",-7.34427670613626,2.58294235879172,2.76926739619399
"GAAGCCCGTTGGCCTG_1",14607,2687.96424040002,1344,0.10482180293501,0.0744306501959802,"S",0.513435700575816,10.0927935746461,"Connecting progenitor cells","GAAGCCCGTTGGCCTG_1",3.48760982378622,1.71686565095176,12.7761597642701
"GAAGGACGTCCTACAA_1",14607,2497.24691479997,1216,0.112485939257593,0.0373103720382264,"S",0.648752399232246,7.90126004392988,"Connecting progenitor cells","GAAGGACGTCCTACAA_1",1.56384106501242,2.29421877080192,12.1706098525014
"GACATCAGTTCGGCCA_1",14607,2727.65427210001,1393,0.102933607822954,0.169988026186838,"S",0.463531669865643,15.5888039743524,"Neuroblasts","GACATCAGTTCGGCCA_1",5.02205725535055,-2.14661610907327,NA
"GACCCAGAGTACGTCT_1",14607,3173.08093830005,1892,0.206043956043956,-0.066278469653715,"G1",0.555662188099808,11.9613749083155,"Connecting progenitor cells","GACCCAGAGTACGTCT_1",4.25101014002462,0.967148057758704,NA
"GACCGTGGTGTAGCAG_1",14607,2968.56807080006,1646,0.120048019207683,-0.0653844338323541,"G1",0.367562380038388,18.2909741445435,"Neuroblasts","GACCGTGGTGTAGCAG_1",5.30090018137594,-3.93086827582131,NA
"GACGCTGTCTATGTGG_1",14607,2743.04639090005,1371,0.213333333333333,-0.0884946318777875,"G1",0.464491362763916,12.0160668792572,"Connecting progenitor cells","GACGCTGTCTATGTGG_1",5.00019141062399,0.944624684393302,NA
"GACGTTACATGAAGGC_1",14607,2664.70567570001,1330,0.0511247443762781,-0.0726771433854081,"G1",0.345489443378119,4.69983153798972,"Neuroblasts","GACGTTACATGAAGGC_1",-0.549233848608532,-0.884423502147302,NA
"GACTCAAAGTATAACG_1",14607,2619.20558629999,1313,0,-0.073060739829737,"G1",0.533589251439539,11.9613750954756,"Connecting progenitor cells","GACTCAAAGTATAACG_1",4.06351490839621,0.961106679975882,NA
"GACTCTCAGACAACTA_1",14607,2533.5644664,1220,0,-0.0670549875705651,"G1",0.577735124760077,9.9569386893713,"Connecting progenitor cells","GACTCTCAGACAACTA_1",3.45101662500998,2.00425421410789,12.9270950343143
"GACTCTCTCGGTCAGC_1",14607,3665.0648711,2837,0.069312077629527,0.0170719027007776,"S",0.949136276391555,6.52911282926013,"SCPs","GACTCTCTCGGTCAGC_1",-7.91971186772684,2.3611670654415,2.29176048322759
"GAGACCCGTAGGAGTC_1",14607,3191.68629929996,1898,0.10183299389002,-0.0408274972450471,"G1",0.336852207293666,13.0397248565563,"Connecting progenitor cells","GAGACCCGTAGGAGTC_1",4.7392665944924,0.377486817181006,NA
"GAGACTTGTAACACGG_1",14607,3697.69754110015,2552,0.0693160813308688,-0.0481795678846185,"G1",0.981765834932822,2.4992546806181,"SCPs","GAGACTTGTAACACGG_1",-5.91088704243998,1.87529133969535,4.40212308377864
"GAGACTTTCGAGAATA_1",14607,2530.78284489996,1226,0,-0.119280651830994,"G1",0.385796545105566,11.1730044605194,"Connecting progenitor cells","GAGACTTTCGAGAATA_1",3.6742384038796,0.96324025803794,NA
"GAGGGATTCCATTTAC_1",14607,2559.24268089999,1229,0.0589970501474926,-0.119858296323099,"G1",0.880038387715931,1.64981579239012,"Bridge","GAGGGATTCCATTTAC_1",-3.56781319753031,1.69820129090537,6.74850902760037
"GAGTCATAGTTGCCCG_1",14607,3389.58515919986,2244,0.0754906894816306,-0.0930644744946014,"G1",0.965451055662188,6.52911301642029,"SCPs","GAGTCATAGTTGCCCG_1",-8.53176478520731,2.0251793783306,1.77201090193215
"GAGTGAGTCACGATAC_1",14607,2996.77988110008,1697,0.0761904761904762,0.00359667291991067,"S",0.517274472168906,13.9154762803899,"Connecting progenitor cells","GAGTGAGTCACGATAC_1",4.436000546061,-0.119505413234338,NA
"GATCAGTTCGTGTGGC_1",14607,3610.92304520012,2761,0.0171909919202338,-0.114275126415472,"G1",0.830134357005758,10.7710870822862,"Connecting progenitor cells","GATCAGTTCGTGTGGC_1",3.08112712725302,2.61879049950828,13.1802466580351
"GATCATGGTCGATTTG_1",14607,2945.24175169995,1621,0.121605188488042,-0.103927029832843,"G1",0.290786948176584,17.8518076478422,"Neuroblasts","GATCATGGTCGATTTG_1",5.43863793238302,-3.29457033461343,NA
"GATCCCTGTTTCGTAG_1",14607,3970.96901212001,3199,0.031041440322831,-0.108105421372802,"G1",0.920345489443378,6.44429936417351,"SCPs","GATCCCTGTTTCGTAG_1",-8.39043740407328,2.43406652623405,1.82999297233739
"GATGATCCAGAAGCTG_1",14607,2738.10319850003,1476,0.0881445570736007,-0.0188036357624151,"G2M",0.873320537428023,2.98409005059538,"Bridge","GATGATCCAGAAGCTG_1",-1.39374272004465,2.29596745187034,8.99468057741231
"GATGCTAGTTAAGTCC_1",14607,3035.78380030007,1728,0.0745434215430488,-0.0941697920882862,"G1",0.877159309021113,6.77841973240221,"SCPs","GATGCTAGTTAAGTCC_1",-8.14280060902933,3.04018198662986,1.94748893470871
"GATGCTATCTTTGGAG_1",14607,2883.01738680006,1587,0.0410172272354389,-0.080653886673257,"G2M",0.904990403071017,2.98226023490306,"Bridge","GATGCTATCTTTGGAG_1",-1.41004095450739,2.2859581630825,8.9780945043825
"GATGTTGAGCAACTTC_1",14607,3604.69133239991,2584,0,-0.00432771507506996,"G1",0.410748560460653,17.8483238028784,"Neuroblasts","GATGTTGAGCAACTTC_1",5.44057150705954,-3.44383014029275,NA
"GATGTTGCATGCCGCA_1",14607,3280.9943928999,2167,0.0510725229826353,-0.0597270507947141,"G1",0.784069097888676,6.81134463333361,"Bridge","GATGTTGCATGCCGCA_1",0.521953662477932,2.23935162240256,11.2162867963421
"GATGTTGTCACTACGA_1",14607,2977.81580640006,1645,0.0412201154163232,-0.0889319034106922,"G1",0.935700575815739,5.17558585493771,"SCPs","GATGTTGTCACTACGA_1",-7.2632706560264,2.54993271046867,2.85634400577715
"GCAACATCACTACCGG_1",14607,3357.90316929988,2134,0.0847218299915278,-0.0639256933469567,"G1",0.450095969289827,11.8751803970703,"Connecting progenitor cells","GCAACATCACTACCGG_1",4.31008835657736,0.994673512518302,NA
"GCAGGCTGTATGACAA_1",14607,2568.01323690002,1253,0,-0.0927756927933765,"G1",0.68809980806142,10.8106688312808,"Connecting progenitor cells","GCAGGCTGTATGACAA_1",3.07452364786764,3.72283469849814,14.0046154535616
"GCAGTTAGTCTTCTAT_1",14607,3022.56309720008,1828,0.0323101777059774,0.00507685037027207,"S",0.772552783109405,7.84421126681537,"Connecting progenitor cells","GCAGTTAGTCTTCTAT_1",1.67266031130453,2.08291267567863,12.1058385417917
"GCATTAGCAGTCAGAG_1",14607,2563.11631409999,1205,0.127307447485678,0.0408449374664576,"S",0.273512476007678,16.4214601710185,"Neuroblasts","GCATTAGCAGTCAGAG_1",5.55028363093039,-2.48190344160806,NA
"GCCAGCACAATGGGTG_1",14607,3093.95844530008,1749,0.115606936416185,-0.0339073059893021,"G2M",0.501919385796545,16.5045385669901,"Neuroblasts","GCCAGCACAATGGGTG_1",5.43798704966208,-2.41109288519631,NA
"GCCAGGTCACCCGTAG_1",14607,2792.94414270004,1485,0.0440917107583774,0.0762136425938429,"S",0.328214971209213,15.6104492744375,"Neuroblasts","GCCAGGTCACCCGTAG_1",5.26816960199972,-2.08862508124123,NA
"GCCATGGAGGCACGAT_1",14607,3458.93255749988,2167,0.03003003003003,-0.0577212493701759,"G1",0.842610364683301,5.63282263289541,"SCPs","GCCATGGAGGCACGAT_1",-7.95419148579935,2.75177346879233,2.17640146831239
"GCCATTCCACGTCGTG_1",14607,2868.47503300002,1509,0.22737608003638,-0.0577836089758011,"G2M",0.551823416506718,10.1348495346423,"Connecting progenitor cells","GCCATTCCACGTCGTG_1",3.55329151972433,1.64792775326957,12.7559206711949
"GCCCAGATCTTTACAC_1",14607,2887.9689119999,1634,0.116550116550117,-0.0763165696520458,"G1",0.697696737044146,8.18086903162525,"Connecting progenitor cells","GCCCAGATCTTTACAC_1",2.03328724726339,2.21912419015159,12.4194126956209
"GCCGATGAGGGCAGAG_1",14607,3405.96843790003,2235,0.0496770988574267,-0.109544409418161,"G1",0.928023032629559,6.37867541723907,"SCPs","GCCGATGAGGGCAGAG_1",-8.60764578954081,2.49129628354301,1.61665418806225
"GCTCAAACAGAGATGC_1",14607,3431.95889079994,2279,0.073837066207236,-0.0376650752543298,"G1",0.950095969289827,6.52911320358045,"SCPs","GCTCAAACAGAGATGC_1",-8.6168992914329,1.89468275719871,1.7124366736583
"GGACGTCTCCATCTAT_1",14607,2267.13762369999,1017,0.0700770847932726,-0.046238900946811,"G2M",0.713051823416507,8.30754554160945,"Connecting progenitor cells","GGACGTCTCCATCTAT_1",1.22170635088583,2.29489921742667,11.9076967710955
"GGAGCAATCATCGCTC_1",14607,2844.86272399998,1514,0.31574199368516,0.00622891272276332,"S",0.59404990403071,10.0278926171624,"Connecting progenitor cells","GGAGCAATCATCGCTC_1",3.58558102472921,1.91985689812888,12.9270950343143
"GGAGGATTCCGGTAGC_1",14607,3193.21137260001,1903,0.0685635927322592,0.0369105151711805,"S",0.322456813819578,16.5338582815195,"Neuroblasts","GGAGGATTCCGGTAGC_1",5.67390700205465,-2.69730151480447,NA
"GGATCTAGTGTTACAC_1",14607,3257.69389479995,2331,0.0430292598967298,-0.107374585427941,"G1",0.751439539347409,6.71527984841347,"Bridge","GGATCTAGTGTTACAC_1",0.624513705812893,2.19034337216605,11.2836462782657
"GGGAAGTTCTGGGCCA_1",14607,2919.00282059997,1618,0.199760287654814,-0.0531538876344507,"G1",0.702495201535509,10.6744029885668,"Connecting progenitor cells","GGGAAGTTCTGGGCCA_1",3.76035424097677,2.3597525280117,13.2663802190022
"GGGAGTATCCTCACCA_1",14607,3644.38465450011,2703,0.0396982929734021,-0.0820625541434925,"G1",0.81190019193858,1.43606302590634,"Bridge","GGGAGTATCCTCACCA_1",-3.40129403249125,1.80123495274772,6.90514366028155
"GGGATGATCAATCTCT_1",14607,3063.09083360009,1766,0.070997515086972,-0.0156448896290681,"G1",0.991362763915547,6.4428010649123,"SCPs","GGGATGATCAATCTCT_1",-8.59604052678446,2.3336088579296,1.65188865120164
"GGGATGATCGATACAC_1",14607,3727.3045622999,2719,0.0592300098716683,-0.106810538245218,"G1",0.936660268714012,3.83265623467515,"SCPs","GGGATGATCGATACAC_1",-6.67036227361063,2.24039136582603,3.56383751980364
"GGGCCATTCTCGACGG_1",14607,3664.45934670014,2803,0,-0.151444169984143,"G1",0.727447216890595,10.728051821659,"Connecting progenitor cells","GGGCCATTCTCGACGG_1",3.07538648470541,3.45657002145042,13.7963044384172
"GGGCTACCACATTCTT_1",14607,3620.33025279993,2651,0.078600903910395,-0.0638498602653941,"G1",0.520153550863724,13.2918020124058,"Connecting progenitor cells","GGGCTACCACATTCTT_1",3.94911261423727,0.772473968207732,NA
"GGGCTACTCCCTCTTT_1",14607,2756.50557670005,1452,0,0.0361630657206831,"S",0.920345489443378,5.56772627815058,"SCPs","GGGCTACTCCCTCTTT_1",-7.59991292134623,2.58600281888236,2.53188517307103
"GGGCTCACATGAAGGC_1",14607,3535.37841409978,2686,0.0191131498470948,-0.0949683147972215,"G1",0.998080614203455,3.29049284139138,"Bridge","GGGCTCACATGAAGGC_1",-2.20468525067667,1.88046776467551,8.12827907562184
"GGGTAGAAGCTCGGCT_1",14607,3375.35838689991,2183,0.0269469145782808,-0.0634561923984924,"G1",0.914587332053743,6.39192914747186,"SCPs","GGGTAGAAGCTCGGCT_1",-8.99437216893534,2.26134728604545,1.27271986296777
"GGGTCTGTCGGAGATG_1",14607,3049.02144810006,1668,0.123203285420945,0.0333970078274137,"S",0.928982725527831,5.63963235680976,"SCPs","GGGTCTGTCGGAGATG_1",-7.90204886571268,2.89969622308005,2.17729806303593
"GGGTTTAGTACCGGAA_1",14607,3120.30171720009,1747,0.158856235107228,-0.0664178067644169,"G1",0.804222648752399,5.68484509826105,"SCPs","GGGTTTAGTACCGGAA_1",-7.99756650105814,2.90942465478171,2.09815342651846
"GGTAACTAGTGTACAA_1",14607,3072.50211339988,1869,0.0636942675159236,-0.0217144332953999,"G1",0.559500959692898,9.8414686669968,"Connecting progenitor cells","GGTAACTAGTGTACAA_1",3.33539386614462,2.13909887486686,12.9559582345821
"GGTCTGGCATGACAGG_1",14607,3254.2309618001,2045,0.256118383608423,-0.112351615353753,"G1",0.71785028790787,11.8899545871041,"Connecting progenitor cells","GGTCTGGCATGACAGG_1",4.42331047876974,1.15244608336677,NA
"GGTGGCTAGGTCGTAG_1",14607,2726.98486049998,1452,0.0911577028258888,-0.0819101389654433,"G1",0.622840690978887,10.8539768554842,"Connecting progenitor cells","GGTGGCTAGGTCGTAG_1",2.90469642504354,3.76340781861533,14.005423536558
"GGTGGCTCAGGCATGA_1",14607,3087.14225289996,1717,0.16116035455278,0.0144374385155813,"S",0.935700575815739,2.64219393347377,"SCPs","GGTGGCTCAGGCATGA_1",-6.13745812550882,1.89918779546012,4.17793311205328
"GGTGTCGGTCGAAGCA_1",14607,2621.84747039994,1324,0.0495540138751239,-0.00145836428992145,"G2M",0.649712092130518,5.48172278624911,"Bridge","GGTGTCGGTCGAAGCA_1",-0.462469640567401,1.76138793641318,9.98105883091254
"GGTTCTCAGACGTCCC_1",14607,2909.88460209995,1679,0.036941263391208,-0.1042830042009,"G1",0.775431861804223,5.48172297340927,"Bridge","GGTTCTCAGACGTCCC_1",-0.514796240634718,2.11788367444266,9.99855352566093
"GGTTGTATCACAACCA_1",14607,2798.2589283,1468,0,-0.0438631551344975,"G1",0.523032629558541,11.6133867652113,"Connecting progenitor cells","GGTTGTATCACAACCA_1",4.55141087397238,1.32950799876441,NA
"GTAATGCCAGTATTCG_1",14607,3249.81338110007,1996,0.0318775900541919,0.0401798019231701,"S",0.380998080614203,17.1931618121979,"Neuroblasts","GTAATGCCAGTATTCG_1",5.24576683863302,-2.85965336149941,NA
"GTACAGTGTCATACCA_1",14607,3143.91054550009,1910,0.0644329896907216,-0.0682760528371846,"G1",0.607485604606526,13.8875878267055,"Connecting progenitor cells","GTACAGTGTCATACCA_1",4.25601597651144,-0.262063987910852,NA
"GTAGAAATCGCCATAA_1",14607,2622.16497789995,1278,0.0571428571428571,-0.122044655660172,"G1",0.441458733205374,11.9613758441163,"Connecting progenitor cells","GTAGAAATCGCCATAA_1",3.81232043131491,1.04740055614699,NA
"GTAGCTAGTCCCTAAA_1",14607,3514.15680000007,2441,0.0459136822773186,-0.0591879489228755,"G2M",0.793666026871401,10.0871413579069,"Connecting progenitor cells","GTAGCTAGTCCCTAAA_1",3.53570862635275,1.75371944123496,12.8336475057521
"GTAGGAGTCATCTCTA_1",14607,2722.73043020002,1352,0.0547645125958379,0.216037873509064,"S",0.318618042226488,16.4764377361339,"Neuroblasts","GTAGGAGTCATCTCTA_1",5.40525837763449,-2.68003714865456,NA
"GTCAAGTCAATAGAGT_1",14607,3243.35099429993,2142,0.0255297421496043,-0.0981929506732626,"G1",0.850287907869482,3.65350302776773,"Bridge","GTCAAGTCAATAGAGT_1",-1.13169173375467,2.05254506283988,9.28534373070636
"GTCACGGAGTCTGGAG_1",14607,3075.1252834,1747,0.228050171037628,-0.049155124543996,"G1",0.433781190019194,17.3434239901061,"Neuroblasts","GTCACGGAGTCTGGAG_1",5.03858729227682,-2.81073940581094,NA
"GTCATGACAGTCGTTA_1",14607,3278.85425920003,2047,0.0898472596585804,0.0787721635878928,"S",0.95489443378119,5.53638656593632,"SCPs","GTCATGACAGTCGTTA_1",-7.7816598810325,2.66232620888938,2.34878776308403
"GTCCCATGTTCCGCGA_1",14607,2787.38829479999,1380,0.0550660792951542,-0.0751437414703715,"G1",0.428982725527831,15.5842195475928,"Neuroblasts","GTCCCATGTTCCGCGA_1",5.26596947535177,-2.03765214270364,NA
"GTCGTTCCACCGCTAG_1",14607,2456.6969414,1149,0.124223602484472,0.0867441187308286,"S",0.326295585412668,18.2076901279646,"Neuroblasts","GTCGTTCCACCGCTAG_1",5.19779511316916,-3.59415543860207,NA
"GTCTCACCAAACACGG_1",14607,3185.69801000003,2074,0.0531490831783152,0.00429402738495688,"S",0.822456813819578,8.63173006635468,"Connecting progenitor cells","GTCTCACCAAACACGG_1",2.03608842714926,1.79705142194022,12.1761841294595
"GTCTCACCAGTCACGC_1",14607,3495.74353330004,2188,0.0304321363359708,-0.0147413938573326,"G1",0.964491362763916,3.7274468209858,"SCPs","GTCTCACCAGTCACGC_1",-6.24203519002298,1.70645677262534,4.08978756711729
"GTCTGTCAGTGGAATT_1",14607,3429.55401430007,2274,0.0522056904202558,-0.0409086035650003,"G1",0.502879078694818,11.1730050219999,"Connecting progenitor cells","GTCTGTCAGTGGAATT_1",3.22674365862509,0.736597142755881,NA
"GTGAGTTCAGTAGGAC_1",14607,3093.96811689991,1806,0.144196106705119,-0.0144966211445424,"G1",0.262955854126679,17.3783482436981,"Neuroblasts","GTGAGTTCAGTAGGAC_1",5.55674906595846,-2.96056187933694,NA
"GTGATGTCATCGATAC_1",14607,2528.18659340002,1198,0.0607533414337789,-0.0671643471827357,"G1",0.322456813819578,13.2645432988798,"Connecting progenitor cells","GTGATGTCATCGATAC_1",4.42125960215231,0.0829358022807989,NA
"GTGCGTGAGCTCCACG_1",14607,2829.83204549997,1452,0.0971345313258863,-0.0903574731504168,"G2M",0.883877159309021,5.63986853833619,"SCPs","GTGCGTGAGCTCCACG_1",-7.89247731343607,2.92191540414085,2.17729806303593
"GTGCTGGAGTAAGCAT_1",14607,3145.068604,1817,0.0362581580855693,0.0101079404714108,"S",0.452975047984645,13.6056497924016,"Connecting progenitor cells","GTGCTGGAGTAAGCAT_1",3.71918364390036,0.352784864246741,NA
"GTGCTGGTCCAAACCA_1",14607,3174.64711489995,1972,0.117647058823529,0.0819560664967722,"S",0.740882917466411,11.2578665324704,"Connecting progenitor cells","GTGCTGGTCCAAACCA_1",3.82125540598532,1.23576640301932,NA
"GTGCTTCTCCGATAGT_1",14607,3151.02682320007,1880,0.19588638589618,0.00314106528768529,"G2M",0.519193857965451,13.1027346789574,"Connecting progenitor cells","GTGCTTCTCCGATAGT_1",4.62535162790915,0.437742523491279,NA
"GTGGGAACACCGGAAA_1",14607,3610.40337450011,2611,0.123102174805088,-0.032418852467761,"G1",0.927063339731286,6.44152912345353,"SCPs","GTGGGAACACCGGAAA_1",-9.05727271214823,2.10292278939475,1.23346524612045
"GTGGGAAGTCACCGAC_1",14607,2864.58465859996,1529,0.178731009830206,-0.0374381865801774,"G1",0.432821497120921,11.2578667196306,"Connecting progenitor cells","GTGGGAAGTCACCGAC_1",3.98302574976583,1.30880307370414,NA
"GTGGTTACATCTCATT_1",14607,3114.87403120003,1745,0.040950040950041,0.104191679985051,"S",0.36468330134357,15.4279090727186,"Neuroblasts","GTGGTTACATCTCATT_1",5.27584238871237,-1.72447527235757,NA
"GTGTGATCAGGCATGA_1",14607,2550.11190669999,1244,0.0552791597567717,-0.0674199049303613,"G1",0.645873320537428,11.1566086656241,"Connecting progenitor cells","GTGTGATCAGGCATGA_1",2.73476549013754,3.92090880089988,14.1200597987475
"GTGTGATGTTGAATCC_1",14607,2856.06415059998,1505,0.0933271115258983,-0.0759317339962955,"G1",0.759117082533589,13.0911013556517,"Connecting progenitor cells","GTGTGATGTTGAATCC_1",4.51753064020773,0.395963884532348,NA
"GTGTTAGTCTTCGATT_1",14607,2894.48178160002,1583,0.0414250207125104,0.00092785618513197,"S",0.577735124760077,10.9134018905353,"Connecting progenitor cells","GTGTTAGTCTTCGATT_1",3.70770951136251,1.79745864087333,12.9270950343143
"GTGTTCCGTACCTATG_1",14607,3365.84835199992,2179,0.0534616412723871,-0.116814977870866,"G1",0.982725527831094,2.95588934293139,"Bridge","GTGTTCCGTACCTATG_1",-1.86369566098551,2.18344401532401,8.48595781103044
"GTTACAGCAATCTAGC_1",14607,2701.38260770004,1346,0.106894708711919,0.0162134997252199,"S",0.876199616122841,6.37869425798998,"SCPs","GTTACAGCAATCTAGC_1",-8.85905913487772,2.36373590642203,1.39092983359752
"GTTACAGTCTGGCCGA_1",14607,2438.21769839995,1114,0.200400801603206,0.0448803712596391,"S",0.928023032629559,5.58297641553249,"SCPs","GTTACAGTCTGGCCGA_1",-7.84783677235941,2.74335014039268,2.26420059512797
"GTTACGAGTAATTGGA_1",14607,3309.72237309989,2066,0.0605877006967586,-0.0934100262829819,"G1",0.896353166986564,5.58739754123559,"SCPs","GTTACGAGTAATTGGA_1",-7.57775429860453,2.54064559155692,2.55989739458417
"GTTACGATCGCCACTT_1",14607,3710.7842919998,3016,0.0316005688102386,-0.099197397918514,"G1",0.880038387715931,6.38814850206967,"SCPs","GTTACGATCGCCACTT_1",-9.32534484044413,2.10312675648917,0.967173824071159
"GTTCATTTCATTCCTA_1",14607,3675.56316299987,2778,0,-0.145821965894048,"G1",0.960652591170825,6.52911395222109,"SCPs","GTTCATTTCATTCCTA_1",-8.13032082692484,2.06681048089255,2.1614323868944
"GTTGAACGTTCCAGGC_1",14607,2631.57194090001,1309,0.10911074740862,0.0291162712892467,"S",0.569097888675624,10.7003016612073,"Connecting progenitor cells","GTTGAACGTTCCAGGC_1",4.05433388575216,2.42843412572135,13.3480387588505
"GTTGCTCCACATTCTT_1",14607,3509.74017319994,2473,0.0612369871402327,-0.123560544490248,"G1",0.738003838771593,11.1730055834804,"Connecting progenitor cells","GTTGCTCCACATTCTT_1",3.57451506479879,1.38878261262168,12.6730490645992
"TAACGACTCCCAACTC_1",14607,3455.65894779994,2290,0.149253731343284,-0.146631280315887,"G1",0.989443378119002,3.83265642183531,"SCPs","TAACGACTCCCAACTC_1",-6.80545786992411,2.32091914826621,3.38504206641745
"TAACTTCGTGAATGAT_1",14607,2776.87425440006,1470,0.136177939173854,-0.0408131416387539,"G1",0.896353166986564,2.96985059289884,"Bridge","TAACTTCGTGAATGAT_1",-1.69761017934183,1.96667420083274,8.66676433463364
"TAAGCACAGAAATCCA_1",14607,4148.92694749989,3804,0.0462802267731112,-0.145782877326124,"G1",0.983685220729367,6.73532809427487,"SCPs","TAAGCACAGAAATCCA_1",-8.10490874425272,2.71861159020652,2.03724781641443
"TACCCACGTACTAGCT_1",14607,2298.76987159996,1017,0.221565731166913,0.0023526831302587,"G2M",0.752399232245681,10.7328013567711,"Connecting progenitor cells","TACCCACGTACTAGCT_1",3.94384928568502,1.76070176774253,12.9432514958794
"TACCGGGAGTCCGTCG_1",14607,2584.02154919999,1239,0.119760479041916,-0.0168122533264298,"G1",0.898272552783109,1.85295191087801,"Bridge","TACCGGGAGTCCGTCG_1",-3.7497892774711,1.72512530499686,6.56287394480555
"TAGAGTCTCATACGGT_1",14607,3797.75014955005,3104,0.104884626910399,-0.0941932282998217,"G1",0.722648752399232,11.1730061449609,"Connecting progenitor cells","TAGAGTCTCATACGGT_1",3.58373614176413,1.34924798423041,12.6472259243716
"TAGATCGGTTCAGGTT_1",14607,3378.75550899992,2227,0.0791765637371338,-0.148524040998952,"G1",0.562380038387716,13.2918027610464,"Connecting progenitor cells","TAGATCGGTTCAGGTT_1",3.66799565180441,0.682733639716998,NA
"TAGCACAGTTTGGGAG_1",14607,3017.97808510005,1660,0,-0.099634808135284,"G1",0.173704414587332,18.4756346860461,"Neuroblasts","TAGCACAGTTTGGGAG_1",5.08605881556173,-3.86558068579446,NA
"TAGGAGGAGGTGCGAT_1",14607,2685.48875480003,1331,0,-0.033311176597585,"G1",0.609404990403071,11.3637807986444,"Connecting progenitor cells","TAGGAGGAGGTGCGAT_1",4.0779535375466,1.60064815694083,NA
"TATCGCCCATGATCTG_1",14607,3300.0274330001,2067,0.0901442307692308,0.0932079778722064,"S",0.467370441458733,16.5120230596408,"Neuroblasts","TATCGCCCATGATCTG_1",5.6356608472695,-2.65365327185403,NA
"TCAGTTTGTTGCCTAA_1",14607,2916.39864930001,1643,0,-0.106187741020346,"G1",0.403071017274472,13.2177393181261,"Connecting progenitor cells","TCAGTTTGTTGCCTAA_1",4.14640017374655,0.48324444109191,NA
"TCATATCGTTCTCACC_1",14607,2896.95834540008,1609,0.080450522928399,-0.0135317321507196,"G1",0.50383877159309,11.6424007023678,"Connecting progenitor cells","TCATATCGTTCTCACC_1",4.34993334635397,1.43118839675178,NA
"TCATCATTCAGTGATC_1",14607,3317.5631505001,2118,0.0852757248436612,-0.0487150554678929,"G1",0.622840690978887,10.7141221741338,"Connecting progenitor cells","TCATCATTCAGTGATC_1",3.92000456675192,1.76844202691306,12.9376644175536
"TCATGCCAGGATTTCC_1",14607,3495.74893260011,2233,0.0571428571428571,-0.0940068029285237,"G1",0.923224568138196,2.09466066432873,"Bridge","TCATGCCAGGATTTCC_1",-2.97451714650492,1.97325634175529,7.32044363650311
"TCATTGTTCGAACCAT_1",14607,3176.02184290007,1949,0.0312989045383412,0.0350312055434809,"S",0.781190019193858,9.63984982470416,"Connecting progenitor cells","TCATTGTTCGAACCAT_1",2.85176869257589,2.04509329015006,12.7532733761532
"TCCACGTCAAAGGGCT_1",14607,3221.84263030006,2036,0.0297796307325789,-0.1346201039687,"G1",0.574856046065259,11.1730067064414,"Connecting progenitor cells","TCCACGTCAAAGGGCT_1",3.19654031618734,1.13177805358161,12.405393969399
"TCCATGCGTTGCATTG_1",14607,2729.54775529993,1428,0.0460617227084293,-0.0714760445374659,"G1",0.969289827255278,5.68880668515525,"SCPs","TCCATGCGTTGCATTG_1",-7.33361081258158,2.60003148728599,2.7745691359222
"TCCCATGAGGATTTAG_1",14607,2778.91424399996,1433,0.0963391136801542,0.0186041057203182,"S",0.362763915547025,13.0143850226307,"Connecting progenitor cells","TCCCATGAGGATTTAG_1",4.58152123316427,0.304828635990516,NA
"TCCCATGCACCCGTAG_1",14607,3197.36342469997,1885,0.0703482237073514,0.0976960132310468,"S",0.665067178502879,15.4614631264643,"Neuroblasts","TCCCATGCACCCGTAG_1",5.21548529490133,-1.44808185881387,NA
"TCCGATCGTATGGGAC_1",14607,2541.91045330002,1216,0.0588235294117647,0.0359118760207724,"S",0.904030710172745,2.95360037506241,"Bridge","TCCGATCGTATGGGAC_1",-1.59637598172525,2.22712408715476,8.77043342478341
"TCCTCCCAGCATTGTC_1",14607,3334.48558229994,2102,0.0578536303153023,0.0120977318433688,"S",0.640115163147793,15.9356995125151,"Neuroblasts","TCCTCCCAGCATTGTC_1",5.04097481592794,-2.25053823775063,NA
"TCGACGGCAGGAGACT_1",14607,3275.73161320007,2035,0.0882093501911203,-0.0925561106033218,"G1",0.956813819577735,4.11406854244801,"SCPs","TCGACGGCAGGAGACT_1",-6.99369458333353,1.96931087189902,3.28876984691262
"TCGCTCAGTATCGAAA_1",14607,3227.2428294999,1963,0.0965250965250965,0.0323967967300206,"S",0.367562380038388,16.4345205403471,"Neuroblasts","TCGCTCAGTATCGAAA_1",5.55518074854513,-2.51020849531899,NA
"TCGGATAGTCGATGCC_1",14607,2757.46691539995,1384,0.213447171824973,-0.082348896549575,"G1",0.262955854126679,15.4851419029452,"Neuroblasts","TCGGATAGTCGATGCC_1",5.24800511225363,-1.84906733816873,NA
"TCGGGCACAATGGCCC_1",14607,3513.8257404001,2357,0.101522842639594,-0.113523702961292,"G1",0.934740882917466,2.28945335849384,"Bridge","TCGGGCACAATGGCCC_1",-2.57465652600626,2.06795059853782,7.73182692334671
"TCGTAGAGTAGTGTGG_1",14607,2800.64389,1410,0.155359917141378,-0.0943453097235861,"G1",0.887715930902111,2.5046642460336,"SCPs","TCGTAGAGTAGTGTGG_1",-5.94719199315409,1.79099141770591,4.37444113777252
"TCGTGCTAGCAATTAG_1",14607,2899.86184989993,1785,0,-0.130955366810274,"G1",0.821497120921305,12.774554957926,"Chromaffin cells","TCGTGCTAGCAATTAG_1",2.07987876757284,4.86768995934714,14.9985418227266
"TCTCACGAGGTAGTCG_1",14607,2862.44220190006,1457,0.105652403592182,-0.0126259417227152,"G2M",0.257197696737044,12.9787884395669,"Neuroblasts","TCTCACGAGGTAGTCG_1",5.04656048639914,0.355211741864577,NA
"TCTCAGCGTGGCGCTT_1",14607,2547.85135760001,1267,0,0.0617275351150307,"G2M",0.948176583493282,4.85800365301491,"SCPs","TCTCAGCGTGGCGCTT_1",-7.65231923238138,2.33554815465201,2.54662710227521
"TCTGGCTCATCTTCGC_1",14607,3289.91778440002,2135,0,-0.0731916483553276,"G1",0.559500959692898,11.1730070807617,"Connecting progenitor cells","TCTGGCTCATCTTCGC_1",3.72711153849264,1.00012331420173,NA
"TCTTCCTAGATACAGT_1",14607,2883.88160380004,1786,0.063653723742839,-0.0707300687510401,"G1",0.847408829174664,3.65350321492789,"Bridge","TCTTCCTAGATACAGT_1",-0.845528195060291,2.29906844311942,9.64428367675555
"TCTTTGAAGGCCCGTT_1",14607,3412.37133910009,2257,0.0777000777000777,-0.0814510458083304,"G1",0.9021113243762,6.44278666022091,"SCPs","TCTTTGAAGGCCCGTT_1",-8.60427550450663,2.32946848088493,1.6466873885242
"TGAACGTTCAGGGTAG_1",14607,3187.36540099994,2035,0.0267522739432852,-0.0772869623870911,"G2M",0.836852207293666,3.65350340208805,"Bridge","TGAACGTTCAGGGTAG_1",-0.811161050952473,2.0876007001995,9.65095815077266
"TGAACGTTCTACTATC_1",14607,3097.71356709995,1803,0.138552130239002,-0.108954581538062,"G2M",0.481765834932821,15.4632661170285,"Neuroblasts","TGAACGTTCTACTATC_1",4.88188382013937,-1.66505182570229,NA
"TGACAGTCATGTGCCG_1",14607,3229.21861430001,1894,0.0348432055749129,0.149072529984981,"S",0.429942418426104,16.0875488247257,"Neuroblasts","TGACAGTCATGTGCCG_1",5.24701948984762,-2.40165580099831,NA
"TGACTCCAGCAACAAT_1",14607,3067.24878069997,1737,0.154858691444057,-0.0615484579312244,"G2M",0.308061420345489,17.2863804736995,"Neuroblasts","TGACTCCAGCAACAAT_1",5.41371270044943,-3.10811889952432,NA
"TGAGGGAAGTCACTCA_1",14607,3288.15891459993,2096,0.0881575080811049,-0.145709491707228,"G1",0.602687140115163,10.5057619041107,"Connecting progenitor cells","TGAGGGAAGTCACTCA_1",3.38876696451803,3.36493431740989,13.7963044384172
"TGATCAGGTCTTCATT_1",14607,3352.07562910009,2344,0.0452898550724638,-0.146366893331185,"G1",0.883877159309021,3.82951787216484,"Bridge","TGATCAGGTCTTCATT_1",-1.3735213078628,2.0203171890377,9.00677142518041
"TGATGGTTCGTGCACG_1",14607,3305.33694359994,2128,0.1085776330076,-0.0425794799651211,"G1",0.700575815738964,9.98835201922857,"Connecting progenitor cells","TGATGGTTCGTGCACG_1",3.56817599161764,2.34100317174186,13.1605028676047
"TGATTCTAGACATAAC_1",14607,4070.21819831012,3586,0.0500312695434647,0.0682018793585901,"S",0.952975047984645,6.51575659455628,"SCPs","TGATTCTAGACATAAC_1",-8.20697192326883,2.34483670407523,2.02328501152884
"TGATTCTAGGGTATAT_1",14607,2759.29071710005,1414,0.150075037518759,-0.0693496239873005,"G1",0.4021113243762,16.6660199677304,"Neuroblasts","TGATTCTAGGGTATAT_1",5.00814076288839,-2.56060231512795,NA
"TGATTCTCACGTACAT_1",14607,3095.63423739997,1784,0.0737191301142646,0.0204798748426518,"S",0.473128598848368,13.8778272736321,"Connecting progenitor cells","TGATTCTCACGTACAT_1",4.62889166697165,-0.377415247619256,NA
"TGATTCTGTCTAACTG_1",14607,2649.98776800004,1325,0.0533333333333333,-0.0782277088410888,"G1",0.333973128598848,15.9958014561995,"Neuroblasts","TGATTCTGTCTAACTG_1",4.72222395762106,-2.31622947043191,NA
"TGATTCTTCATTTGCT_1",14607,2718.96743030006,1384,0,0.0716780549072856,"S",0.306142034548944,17.8572141922182,"Neuroblasts","TGATTCTTCATTTGCT_1",5.09217806681295,-3.42290128058205,NA
"TGATTTCGTAGTTCCA_1",14607,2962.24604819996,1670,0.0387296669248645,-0.0958879724605189,"G2M",0.343570057581574,15.5534168983973,"Neuroblasts","TGATTTCGTAGTTCCA_1",5.02638407572409,-2.07485998457681,NA
"TGCCGAGCAGTGGTGA_1",14607,2883.95507109995,1538,0,-0.0145204037731654,"G1",0.508637236084453,15.0757229272104,"Connecting progenitor cells","TGCCGAGCAGTGGTGA_1",4.3766014181008,-1.32951987570535,NA
"TGCCGAGGTAGATGTA_1",14607,3079.37856500007,1762,0.107488355428162,-0.0905441055220602,"G2M",0.487523992322457,16.6660201548906,"Neuroblasts","TGCCGAGGTAGATGTA_1",5.06735821589132,-2.47718561476479,NA
"TGCCGAGTCAATCTCT_1",14607,3150.49865819995,1858,0.0350508236943568,-0.113094657207631,"G1",0.932821497120921,6.39367436908836,"SCPs","TGCCGAGTCAATCTCT_1",-8.43871335164408,2.5387166660427,1.76863711224176
"TGCGACGAGCTCCATA_1",14607,2951.40811589991,1607,0,-0.0105039283834676,"G1",0.961612284069098,6.52786004792672,"SCPs","TGCGACGAGCTCCATA_1",-8.87477473393778,1.97526573353995,1.43492185888572
"TGCGACGTCACTCTTA_1",14607,2710.1956785,1390,0.0497512437810945,0.177663130192001,"S",0.563339731285988,10.8946771915565,"Connecting progenitor cells","TGCGACGTCACTCTTA_1",4.28303595408102,1.84060835057487,13.1009220995812
"TGCGGCACAGAGGCAT_1",14607,3266.34633750009,1971,0.0663790242283439,0.0708337026839475,"S",0.340690978886756,16.7196150640113,"Neuroblasts","TGCGGCACAGAGGCAT_1",5.72220822199484,-2.7469860393406,NA
"TGCGGCATCCGGTTCT_1",14607,3797.95371559982,2773,0.0209907640638119,-0.048512539778862,"G1",0.855086372360845,3.87406304524347,"SCPs","TGCGGCATCCGGTTCT_1",-6.81531886235575,1.96586322003593,3.47391418752063
"TGCTCCACACAGTCGC_1",14607,3550.99322989991,2524,0.104449550866931,-0.0361123562639962,"G1",0.959692898272553,6.39660901193984,"SCPs","TGCTCCACACAGTCGC_1",-8.98773650304178,2.25277578049888,1.28052870519466
"TGGATCACAGGTCCCA_1",14607,3160.56483059992,1905,0.161759948236817,0.00369874951251747,"G2M",0.651631477927063,9.98835220638873,"Connecting progenitor cells","TGGATCACAGGTCCCA_1",3.54157133921286,2.14427160435905,13.0661595566911
"TGGCGTGCACTACTTT_1",14607,3376.33372180012,2188,0.104085349986989,-0.074077704316829,"G1",0.941458733205374,6.36383177804653,"SCPs","TGGCGTGCACTACTTT_1",-8.85011080876688,2.40618609601249,1.39326820714528
"TGGTAGTGTACGATCT_1",14607,3407.12219099995,2378,0.0651324359531046,-0.0921720732672067,"G1",0.830134357005758,8.31491540983649,"Connecting progenitor cells","TGGTAGTGTACGATCT_1",2.21255679949423,2.12104951554526,12.4616355183491
"TGGTTAGTCATCACCC_1",14607,2361.23407250001,1100,0.0627746390458255,-0.0436016547001312,"G1",0.373320537428023,10.3104933676556,"Connecting progenitor cells","TGGTTAGTCATCACCC_1",3.48872276171347,3.10723482781638,13.6224528993409
"TGTAACGTCTTGGTCC_1",14607,3273.32085469993,2272,0.0707046900777752,-0.0203872659172717,"G2M",0.875239923224568,8.16201089195865,"Connecting progenitor cells","TGTAACGTCTTGGTCC_1",1.97500105723043,2.12266027146567,12.3312430879504
"TGTGCGGCAGCTCGGT_1",14607,2460.76975109993,1172,0,-0.11281508505712,"G2M",0.697696737044146,11.8998622903701,"Connecting progenitor cells","TGTGCGGCAGCTCGGT_1",4.37059565409323,1.1656629961132,NA
"TGTTCTAGTATGAGAT_1",14607,3148.72834870002,1771,0.154738878143133,-0.0257376319975046,"G2M",0.514395393474088,16.4570696851428,"Neuroblasts","TGTTCTAGTATGAGAT_1",5.48487826212545,-2.36957848852883,NA
"TGTTCTATCTCTCTTC_1",14607,2922.97500559997,1590,0.0415282392026578,-0.08880040358994,"G1",0.948176583493282,4.05846534810085,"SCPs","TGTTCTATCTCTCTTC_1",-7.09520844594339,2.18565916234244,3.12795997313733
"TGTTGGAGTTACCGTA_1",14607,3876.33129830006,3342,0.0651975485721737,-0.0802579996019818,"G1",0.983685220729367,6.44249088492494,"SCPs","TGTTGGAGTTACCGTA_1",-8.19964102879862,2.53544663602103,1.99581935127023
"TGTTTGTAGTCGAAAT_1",14607,3391.29137330008,2171,0.0870322019147084,-0.0727511479589411,"G1",0.933781190019194,0.0324023396150774,"SCPs","TGTTTGTAGTCGAAAT_1",-4.6356637872825,1.65528630429496,5.68889030301605
"TGTTTGTTCGCTGACG_1",14607,3499.89522789983,2402,0,0.0341065432568156,"S",0.880998080614203,2.46285964245825,"Bridge","TGTTTGTTCGCTGACG_1",-2.39773956910471,1.92489766293754,7.92492470712436
"TTACGTTGTCTGTGTA_1",14607,2460.64934900005,1129,0.0657030223390276,-0.054977805198773,"G2M",0.608445297504798,9.21934066991923,"Connecting progenitor cells","TTACGTTGTCTGTGTA_1",2.77184482439657,1.8219015520214,12.5794019019805
"TTAGGCAAGTGATAAC_1",14607,3114.08538909997,1752,0.189393939393939,-0.088782468439584,"G2M",0.345489443378119,17.1848126618376,"Neuroblasts","TTAGGCAAGTGATAAC_1",5.36578722818991,-2.83296192473184,NA
"TTAGGCAGTAGACGTG_1",14607,2676.05408949997,1325,0.109769484083425,-0.0581453660493516,"G2M",0.68042226487524,11.5682434608992,"Connecting progenitor cells","TTAGGCAGTAGACGTG_1",4.48269911631247,1.48371135407676,NA
"TTCACGCGTGTCGCTG_1",14607,3137.96904929995,1811,0.0374812593703149,0.0648049512015054,"S",0.258157389635317,15.5363590970185,"Neuroblasts","TTCACGCGTGTCGCTG_1",5.17483778818747,-1.98032487219582,NA
"TTCATTGGTTCCGCGA_1",14607,2689.06038230004,1400,0.0943841434638981,-0.00297072845522794,"G1",0.970249520153551,2.94697373120209,"Bridge","TTCATTGGTTCCGCGA_1",-1.7491287387977,2.14431487733115,8.6008550836019
"TTCCGGTGTGTAAACA_1",14607,3011.51690819996,1658,0.0829531314807134,-0.0455951895874507,"G1",0.974088291746641,5.17558716505883,"SCPs","TTCCGGTGTGTAAACA_1",-7.29772500172953,2.51935898476829,2.83213570295157
"TTCCGGTTCCATCCGT_1",14607,2920.61754230002,1577,0.0444839857651246,-0.00485611219757454,"G1",0.871401151631478,1.84003322697365,"Bridge","TTCCGGTTCCATCCGT_1",-3.13307670728067,1.85192953759421,7.17367484240593
"TTCCGTGAGTTCCGTA_1",14607,2594.45156899997,1271,0.282167042889391,-0.068292277986921,"G2M",0.833013435700576,10.6744048601684,"Connecting progenitor cells","TTCCGTGAGTTCCGTA_1",3.77180930002829,2.28512465172996,13.2056144921978
"TTCCTCTAGGTTCCGC_1",14607,3571.31521399992,2446,0.0480769230769231,0.00417793237231362,"S",0.966410748560461,6.52911488802189,"SCPs","TTCCTCTAGGTTCCGC_1",-7.8492286600242,2.28219389134635,2.37588389415206
"TTCGATTAGGCACGAT_1",14607,3490.76274339995,2313,0.13437248051599,-0.0638398061303499,"G1",0.574856046065259,13.8684170658812,"Connecting progenitor cells","TTCGATTAGGCACGAT_1",4.50734253748556,-0.190627940356835,NA
"TTCGATTTCGCTACAA_1",14607,2961.02924599996,1673,0.11454753722795,0.0654041756039005,"S",0.948176583493282,2.40500089210546,"Bridge","TTCGATTTCGCTACAA_1",-2.47428301946024,2.07464563065757,7.83156642864161
"TTGACCCGTTGCAACT_1",14607,4116.29728409984,3170,0.0355050594709746,-0.0296795294056565,"G1",0.976007677543186,4.38415003900433,"SCPs","TTGACCCGTTGCAACT_1",-7.51506880894999,1.86083316022147,2.81331994641766
"TTGCATTCAACAGCTT_1",14607,2846.00930119992,1475,0.0496277915632754,0.00617999454963389,"S",0.850287907869482,1.37811348359334,"Bridge","TTGCATTCAACAGCTT_1",-3.30388573781351,1.83265208417167,7.00177774050565
"TTGCATTCATGACTGT_1",14607,2676.81842159996,1318,0.224971878515186,-0.118810519996427,"G1",0.31957773512476,11.5609794594857,"Connecting progenitor cells","TTGCATTCATGACTGT_1",4.58720179422995,1.47412144356956,NA
"TTGCCTGCAAGGACAC_1",14607,3224.88878570008,1970,0.0921375921375921,-0.112158151982632,"G1",0.449136276391555,11.9613782771983,"Connecting progenitor cells","TTGCCTGCAAGGACAC_1",3.85835905893942,0.982330999910728,NA
"TTGCCTGTCCGTGTGG_1",14607,2857.75401760002,1552,0.168137873055906,-0.0478368023887218,"G1",0.247600767754319,15.5061068553622,"Neuroblasts","TTGCCTGTCCGTGTGG_1",4.87181874140402,-2.04460109061013,NA
"TTGCTGCGTGTGGTCC_1",14607,3242.38830079992,1954,0.0668225860340795,0.145875979937703,"S",0.441458733205374,16.718235600469,"Neuroblasts","TTGCTGCGTGTGGTCC_1",5.61831732615133,-2.74419749563943,NA
"TTGTTCAGTCCTTAAG_1",14607,3193.22889020005,1984,0.0905523694536674,-0.0990799931886114,"G1",0.494241842610365,13.2821042215282,"Connecting progenitor cells","TTGTTCAGTCCTTAAG_1",4.24505492075583,0.595948452703551,NA
"TTTACCATCCATAGAC_1",14607,2842.43080939996,1539,0.0855431993156544,-0.130304954872346,"G2M",0.497120921305182,10.6744050473285,"Connecting progenitor cells","TTTACCATCCATAGAC_1",3.84482022150656,1.93831454926719,13.04491838907
"TTTACGTAGTTGCGAG_1",14607,2492.52752969999,1231,0.217509516041327,0.102627288828651,"S",0.63147792706334,6.94904087468098,"Connecting progenitor cells","TTTACGTAGTTGCGAG_1",0.369134982668362,2.2491933029293,11.0561494009623
"TTTCACAAGCACACAG_1",14607,3218.47093120008,2027,0.0581226387678001,0.0229022360284233,"S",0.506717850287908,13.1258687983694,"Connecting progenitor cells","TTTCACAAGCACACAG_1",4.61523838862082,-0.0206152278781977,NA
"TTTCAGTAGGGAGGTG_1",14607,2953.23171069998,1607,0.169995750106247,-0.0131318381258453,"G1",0.879078694817658,6.52152783777989,"SCPs","TTTCAGTAGGGAGGTG_1",-8.93104056493143,1.96288143807639,1.38121796624171
"TTTCGATCATGGGATG_1",14607,3094.35437670005,1775,0.0741564701520208,-0.0175986533730937,"G1",0.467370441458733,9.62674103038963,"Connecting progenitor cells","TTTCGATCATGGGATG_1",2.89491339548727,0.998271457493201,12.2311843933308
"TTTGGTTGTCGATTTG_1",14607,3215.51467680005,1998,0.118133490844654,-0.0669564432176582,"G1",0.673704414587332,9.83508468116316,"Connecting progenitor cells","TTTGGTTGTCGATTTG_1",3.30804630144735,1.89750098401298,12.825007499565
"TTTGGTTGTTGAATCC_1",14607,2364.76287930001,1064,0.143266475644699,0.0728275145921839,"S",0.367562380038388,15.5244567888958,"Neuroblasts","TTTGGTTGTTGAATCC_1",5.30450268610617,-1.90367949789773,NA
"TTTGTTGCACCCATAA_1",14607,3508.05360379991,2428,0.0698812019566736,-0.00288366993576575,"G1",0.539347408829175,13.8942162283975,"Connecting progenitor cells","TTTGTTGCACCCATAA_1",4.48824520929953,-0.504332073390588,NA
"TTTGTTGGTTGCTCCT_1",14607,3351.76970619991,2515,0.0552181115405853,0.0142003619119593,"G2M",0.850287907869482,3.65350396356853,"Bridge","TTTGTTGGTTGCTCCT_1",-0.776052633679905,2.21660637074699,9.70248765827596
"AACAAGAGTATTCTCT_2",12614,3144.35916330004,2130,0.04995004995005,-0.123447971491649,"G1",0.797504798464491,5.06655709409959,"Bridge","AACAAGAGTATTCTCT_2",-0.0156951941619302,0.934861592590705,10.2421700938544
"AACAGGGTCGATGCAT_2",12614,2760.30909830005,1500,0.0873743993010048,-0.0179856087299167,"G1",0.664107485604607,10.2997362322079,"Connecting progenitor cells","AACAGGGTCGATGCAT_2",1.71448393686911,0.232135615885154,11.3221133663884
"AACCCAACAGACCTAT_2",12614,3246.25271089993,2113,0.0285551113649343,-0.058988534722756,"G1",0.924184261036468,2.40213317608335,"Bridge","AACCCAACAGACCTAT_2",-2.33148888722757,1.22818683797111,8.02781211180764
"AACGGGATCATGAGAA_2",12614,2858.52061840003,1641,0.0735835172921266,-0.0569658169097191,"G1",0.748560460652591,12.3029459595743,"Chromaffin cells","AACGGGATCATGAGAA_2",1.82148667200705,4.28868638688316,14.300926690532
"AAGAACAGTTAAGCAA_2",12614,3059.53685870005,1806,0.0694927032661571,-0.108529756484208,"G1",0.53742802303263,10.3700837531849,"Connecting progenitor cells","AAGAACAGTTAAGCAA_2",1.93492766245504,0.00272702389945123,11.3560630239922
"AAGACAACAACATACC_2",12614,3473.8846808999,2264,0.0277546489036914,-0.0565767337791919,"G1",0.299424184261036,16.107836314169,"Neuroblasts","AAGACAACAACATACC_2",3.77894993647238,-3.910208829105,NA
"AAGACAACACATGACT_2",12614,3203.27647650001,2343,0.0213995292103574,-0.0426650961346715,"G2M",0.753358925143954,5.06655728125975,"Bridge","AAGACAACACATGACT_2",0.354494234167538,0.965539030372992,10.5648898500686
"AAGCGAGCACCGGAAA_2",12614,3132.89084690004,2137,0.024975024975025,-0.0823823982166859,"G1",0.950095969289827,1.69868946192205,"Bridge","AAGCGAGCACCGGAAA_2",-2.93963889256815,1.51013075524558,7.39927454173776
"AAGCGTTGTCTAGATC_2",12614,2914.63989650004,1607,0,-0.131927587142842,"G1",0.914587332053743,6.52911563666252,"SCPs","AAGCGTTGTCTAGATC_2",-7.92965487614969,2.01193701440086,2.37185065623853
"AAGTGAAAGGAGTACC_2",12614,3407.73165390009,2374,0.0475737392959087,-0.096145414638453,"G1",0.62763915547025,9.53213556615885,"Connecting progenitor cells","AAGTGAAAGGAGTACC_2",1.67612644060751,0.940544001400367,11.5317043533523
"AAGTGAAGTACCCGCA_2",12614,2814.25973199996,1471,0,0.0810124253522151,"S",0.309980806142035,15.0249512156912,"Connecting progenitor cells","AAGTGAAGTACCCGCA_2",2.88672443255087,-2.80964053457986,NA
"AATCACGGTGAGCTCC_2",12614,3065.96314330002,1756,0,-0.0742735573737296,"G1",0.499040307101727,16.1534989696939,"Neuroblasts","AATCACGGTGAGCTCC_2",3.7831480108132,-4.0969992954136,NA
"AATGGAAAGCCAACCC_2",12614,3914.77113389999,3129,0.0516173434273916,-0.0660994698614209,"G1",0.981765834932822,1.80418051318455,"Bridge","AATGGAAAGCCAACCC_2",-2.48797825948099,1.12890284472694,7.87840829979745
"AATGGCTAGTGTACAA_2",12614,3729.71956900007,2629,0.0439367311072056,-0.0627413454131791,"G1",0.94721689059501,4.00340304492876,"SCPs","AATGGCTAGTGTACAA_2",-7.07568005696634,2.22691415959586,3.13556949343828
"ACACCAAGTCACAATC_2",12614,3170.9981514,1948,0.0609756097560976,-0.0624852504598374,"G1",0.575815738963532,10.5453025916104,"Connecting progenitor cells","ACACCAAGTCACAATC_2",2.19273277147909,0.782478950559989,11.7710320203631
"ACATCGAAGCGTGTTT_2",12614,3314.11784480002,2133,0.0286779466590192,-0.040869755723413,"G1",0.686180422264875,11.2291157239681,"Connecting progenitor cells","ACATCGAAGCGTGTTT_2",1.80253263338705,4.03439842873801,14.0181406428996
"ACCAACAGTGGGCTCT_2",12614,3442.19315549996,2029,0.0350385423966363,0.0938525857320637,"G2M",0.563339731285988,15.0249514028513,"Neuroblasts","ACCAACAGTGGGCTCT_2",3.16168948038717,-2.8191729862095,NA
"ACCACAATCAAGCCCG_2",12614,4515.49316209992,3958,0,-0.0362393913356631,"G1",0.602687140115163,16.1506927542842,"Neuroblasts","ACCACAATCAAGCCCG_2",3.86486788614889,-4.03177893942605,NA
"ACCGTTCTCCAAATGC_2",12614,3762.06137680014,2878,0.0179468772433597,-0.177138773787524,"G1",0.977927063339731,6.52911582382268,"SCPs","ACCGTTCTCCAAATGC_2",-8.4071128763328,1.88801109009971,1.92613730460547
"ACGCACGTCGGCATAT_2",12614,2806.2339373,1469,0.0947867298578199,-0.0940955341241551,"G1",0.301343570057582,10.4920607620067,"Connecting progenitor cells","ACGCACGTCGGCATAT_2",1.84848209246298,-0.143052466571435,11.2634780855719
"ACGTACAAGTTTAGGA_2",12614,2806.38115599999,1735,0,-0.130025650843472,"G1",0.794625719769674,9.96404738359248,"Bridge","ACGTACAAGTTTAGGA_2",0.55681570395132,0.618517888352171,10.6494048620179
"ACGTTCCTCTAACACG_2",12614,2705.11815220002,1395,0.144648023143684,0.000745307717036903,"S",0.536468330134357,10.9548027128579,"Connecting progenitor cells","ACGTTCCTCTAACACG_2",2.03221269472738,-0.44337583369027,NA
"ACTGCAATCGTTAGAC_2",12614,4573.62235553984,5398,0.02963841138115,0.149293128818765,"S",0.669865642994242,10.587121223759,"Neuroblasts","ACTGCAATCGTTAGAC_2",0.292778750502071,-1.29141701048623,NA
"ACTTATCAGGCAGTCA_2",12614,3627.34740249994,2505,0.0236518448438978,-0.0684679129572901,"G1",0.234165067178503,17.2374173652117,"Neuroblasts","ACTTATCAGGCAGTCA_2",4.17985649927755,-4.16878760641824,NA
"ACTTATCTCAAACGTC_2",12614,3892.45043569986,2881,0.0194401244167963,-0.101436415591952,"G1",0.561420345489443,17.2657421923548,"Neuroblasts","ACTTATCTCAAACGTC_2",4.25870533808371,-4.06302846258889,NA
"ACTTCGCCAAATCAAG_2",12614,3389.35743560004,2179,0,-0.0309022819804692,"G1",0.392514395393474,16.1709058575207,"Neuroblasts","ACTTCGCCAAATCAAG_2",3.84070988520285,-4.13152039831887,NA
"AGAACCTGTACGGCAA_2",12614,3594.47864130006,2426,0.0250563768479078,-0.100229923078215,"G2M",0.960652591170825,1.8270625387189,"SCPs","AGAACCTGTACGGCAA_2",-5.38695792332987,1.27958273106803,4.99558737868462
"AGAACCTTCCGCTGTT_2",12614,2741.26488319992,1493,0.0412541254125412,0.00712054098159898,"S",0.674664107485605,7.80658846652136,"Connecting progenitor cells","AGAACCTTCCGCTGTT_2",1.87138410433432,2.91599022561301,12.8625142814201
"AGACCATGTTACCCAA_2",12614,3256.72392809991,1996,0.0328623069339468,-0.0270236104722654,"G1",0.9510556621881,3.49814039159135,"SCPs","AGACCATGTTACCCAA_2",-6.30894974843363,1.54525386506309,4.03537717642921
"AGACCATTCTGGCCGA_2",12614,3214.83933190009,1979,0.031104199066874,-0.0138302220384892,"G2M",0.9510556621881,5.93306912751964,"SCPs","AGACCATTCTGGCCGA_2",-8.38110808507303,1.03888588362922,2.15214058391262
"AGACTCAAGATGTTAG_2",12614,3164.88048510012,1956,0,-0.119278316764985,"G1",0.473128598848368,10.9384633903889,"Connecting progenitor cells","AGACTCAAGATGTTAG_2",2.32028289660116,-0.538448222339257,NA
"AGACTCATCCAAGCTA_2",12614,4247.25451352982,4839,0,-0.00478793718698503,"G1",0.760076775431862,10.3175947114074,"Connecting progenitor cells","AGACTCATCCAAGCTA_2",0.7426970802178,-0.0652316886783686,10.6192589250372
"AGAGCAGCAGCACAGA_2",12614,2928.09588969996,1808,0,-0.0611815939293438,"G1",0.86468330134357,4.79959024015493,"Bridge","AGAGCAGCAGCACAGA_2",-0.795916775620976,0.909115574896232,9.5242929538128
"AGATGCTCATCCTCAC_2",12614,3730.47694916015,2970,0.0335064499916234,0.00340545744083456,"S",0.829174664107486,5.14985795527823,"Bridge","AGATGCTCATCCTCAC_2",-0.297051841772595,0.818063325822249,9.96121495999963
"AGCCACGTCGTGCATA_2",12614,2740.57273060001,1432,0.0937207122774133,-0.0524746620166024,"G1",0.547024952015355,10.0793787496658,"Connecting progenitor cells","AGCCACGTCGTGCATA_2",1.29807468279501,0.536213155478135,11.1603151491385
"AGCTACACAAGAGGCT_2",12614,4609.0711531904,6171,0.0999789517996211,0.11972996382432,"G2M",0.67274472168906,10.5871215980793,"Connecting progenitor cells","AGCTACACAAGAGGCT_2",0.444627185903988,-0.907703884303674,10.2694608966615
"AGCTACATCGTCAGAT_2",12614,3263.19534039992,2107,0,-0.114683521638947,"G1",0.673704414587332,14.7098610349995,"Chromaffin cells","AGCTACATCGTCAGAT_2",2.19914837702414,6.04678618127097,16.2631909603974
"AGCTACATCTACCCAC_2",12614,3385.29982239991,2384,0.0220701831825204,-0.0374491044640804,"G1",0.833973128598848,6.61434008008537,"Bridge","AGCTACATCTACCCAC_2",0.775164207064113,1.49126731568565,11.0977313484117
"AGGCATTGTATCGTAC_2",12614,3378.4675371,2691,0.0170068027210884,-0.044653311783468,"G1",0.624760076775432,6.65031349692284,"Bridge","AGGCATTGTATCGTAC_2",0.596623858057461,1.14665334635963,10.8267610856982
"AGGCCACGTGTTAAAG_2",12614,3622.60213650002,2757,0.0187863986473793,-0.0245691731035427,"G1",0.288867562380038,17.636126055538,"Neuroblasts","AGGCCACGTGTTAAAG_2",4.05753680094381,-4.44385159796487,NA
"ATATCCTGTGCCTAAT_2",12614,3989.79096574001,3555,0.025736713421696,-0.124984102468941,"G1",0.924184261036468,6.52911601098284,"SCPs","ATATCCTGTGCCTAAT_2",-8.2767417825828,1.96809410268058,2.04143937996349
"ATCCATTTCTTCCACG_2",12614,3107.63031089994,1682,0.0434404865334492,-0.0430391446550929,"G1",0.847408829174664,15.196202580931,"Neuroblasts","ATCCATTTCTTCCACG_2",3.73817177637716,-2.73051966017495,NA
"ATCGGATCAATAACGA_2",12614,2631.31135670004,1304,0.0551876379690949,-0.126622780092984,"G2M",0.238963531669866,16.1422129536892,"Neuroblasts","ATCGGATCAATAACGA_2",3.69253559931418,-4.10955584830056,NA
"ATGACCAGTAGGCAAC_2",12614,3489.99026319983,2299,0,-0.117403505958788,"G1",0.90595009596929,3.46665809709821,"SCPs","ATGACCAGTAGGCAAC_2",-6.43308285848001,1.63511466199149,3.90551112127632
"ATGGAGGGTTCAAAGA_2",12614,2882.45798540008,1565,0.0874508089199825,0.170288211572622,"S",0.915547024952015,5.94206833866873,"SCPs","ATGGAGGGTTCAAAGA_2",-8.45080641881327,0.992625079691306,2.09485562719992
"ATGGGTTAGACTAAGT_2",12614,3948.28014509986,2855,0,-0.0578659097950068,"G2M",0.982725527831094,4.09589635157346,"SCPs","ATGGGTTAGACTAAGT_2",-6.56290129796366,0.479027047395602,3.87638936823404
"ATGGTTGTCGCAGTTA_2",12614,3082.79830120008,1888,0.0962772785622593,-0.0556300945029515,"G1",0.632437619961612,10.5076044053404,"Connecting progenitor cells","ATGGTTGTCGCAGTTA_2",1.77570649012228,0.78465264254798,11.5317043533523
"ATGTCCCAGGGTACGT_2",12614,4004.86234339971,4066,0,-0.129140970376649,"G1",0.810940499040307,5.06655765558006,"Bridge","ATGTCCCAGGGTACGT_2",0.252666314684353,0.351121194302932,10.3254338770515
"ATTACCTGTGTCGATT_2",12614,2824.9550222,1524,0,-0.00274020443619302,"G1",0.911708253358925,2.35567908185034,"Bridge","ATTACCTGTGTCGATT_2",-2.36639122144083,1.1937414329647,7.9947741857938
"ATTCACTGTAACATAG_2",12614,2978.19606390011,1841,0.0308166409861325,-0.0788619536498806,"G2M",0.622840690978887,6.68182559580472,"Bridge","ATTCACTGTAACATAG_2",0.545851429544887,0.984718851387397,10.7272817410425
"ATTCATCTCTGCCTGT_2",12614,3359.69434280009,2334,0,0.0291524964035714,"S",0.981765834932822,3.61362892648851,"SCPs","ATTCATCTCTGCCTGT_2",-6.33771256581644,1.68730150872459,3.99585213084705
"ATTCCTACAACACGAG_2",12614,3280.05121640009,2214,0,-0.060510316384877,"G1",0.999040307101727,4.41023721607507,"Bridge","ATTCCTACAACACGAG_2",-1.50750092641214,1.14384721928825,8.84702558231326
"ATTCTTGGTAAGGAGA_2",12614,2791.90736579992,1694,0,-0.127440213219619,"G1",0.731285988483685,10.3002302742375,"Connecting progenitor cells","ATTCTTGGTAAGGAGA_2",1.78712507113119,0.303142659008399,11.3560630239922
"CAAAGAATCACAGTGT_2",12614,2704.52564889996,1543,0.0763650248186331,-0.0828445788998666,"G1",0.72552783109405,5.06655784274022,"Bridge","CAAAGAATCACAGTGT_2",-0.226753095544377,1.0252390127777,10.0701947332469
"CAACAACAGCATGCAG_2",12614,2378.11505710001,1139,0,-0.0564976692408832,"G1",0.483685220729367,10.3030114158366,"Connecting progenitor cells","CAACAACAGCATGCAG_2",1.80383845194479,0.358334518611327,11.3773309729618
"CAACAACAGTAAAGCT_2",12614,3389.54817989992,2285,0,-0.00167947004064734,"G1",0.464491362763916,10.9927551733288,"Connecting progenitor cells","CAACAACAGTAAAGCT_2",1.95725818499228,-0.395212062060937,NA
"CAATGACAGTTTCGAC_2",12614,3427.75190369992,2399,0.0475850582916964,-0.0959423499995489,"G1",0.976967370441459,4.34586676420293,"Bridge","CAATGACAGTTTCGAC_2",-1.17209712640146,0.900380245983497,9.16731106509417
"CACGGGTCAGCGTGCT_2",12614,2860.04155009996,1595,0.0810372771474878,-0.101563145385512,"G1",0.358925143953935,11.0613323749857,"Connecting progenitor cells","CACGGGTCAGCGTGCT_2",1.85292716845175,-0.248149045169457,NA
"CACGTGGGTGACAACG_2",12614,2964.5173927999,1739,0,-0.0209502778841788,"G1",0.731285988483685,5.06655802990038,"Bridge","CACGTGGGTGACAACG_2",0.298989912115536,0.696921705841914,10.4623981615494
"CACTGTCAGGTCTACT_2",12614,3330.79376760008,2028,0.0952380952380952,-0.158692663672171,"G1",0.953934740882918,2.16795572947865,"SCPs","CACTGTCAGGTCTACT_2",-5.8400004305015,1.18548607045402,4.55163000636155
"CAGCACGAGAAACTCA_2",12614,3180.91384939988,2098,0.053633681952266,-0.0605705735378507,"G1",0.931861804222649,4.69983209947019,"Neuroblasts","CAGCACGAGAAACTCA_2",-0.531263934827843,-0.411791332423791,NA
"CAGGTATGTGTAAATG_2",12614,2951.87435770003,1769,0,-0.0964442254893236,"G2M",0.884836852207294,3.30200239190058,"Bridge","CAGGTATGTGTAAATG_2",-2.22308544293741,1.19725071603049,8.13686502469617
"CAGTGCGGTGCAGTGA_2",12614,3315.12184059989,2129,0.0575705238917674,0.0637913533937934,"S",0.96257197696737,5.11694004962803,"SCPs","CAGTGCGGTGCAGTGA_2",-7.13253382817606,1.65405987912406,3.23618748758257
"CAGTTAGAGTATCCTG_2",12614,3531.22590190011,2444,0.0474833808167142,0.126724470324643,"S",0.403071017274472,16.1149611488743,"Neuroblasts","CAGTTAGAGTATCCTG_2",3.4311508737435,-3.95123446768533,NA
"CAGTTAGGTTTCAGAC_2",12614,3708.80534759991,2710,0,-0.088770277994121,"G1",0.438579654510557,4.69983228663035,"Neuroblasts","CAGTTAGGTTTCAGAC_2",-0.327359119809666,-1.18299520796548,NA
"CATACTTAGAAGTGTT_2",12614,2785.53855579995,1545,0.0838574423480084,-0.0864983063205034,"G1",0.588291746641075,9.9919502310929,"Bridge","CATACTTAGAAGTGTT_2",0.660858591639004,0.616944802567259,10.7079550972213
"CATCGTCTCTAAGCGT_2",12614,3617.07243220007,2608,0.0646412411118293,-0.123862149566895,"G1",0.588291746641075,10.3100570412804,"Connecting progenitor cells","CATCGTCTCTAAGCGT_2",1.52002545221945,0.211678467333213,11.1800498097136
"CATGCAAAGTCCGCCA_2",12614,3130.79590079994,2040,0.0799786723540389,-0.00411162270637588,"G1",0.849328214971209,4.93869121711293,"Bridge","CATGCAAAGTCCGCCA_2",-0.938103834546604,0.975290886700049,9.39091059819848
"CATGCAATCCGAGATT_2",12614,3322.3294017999,2089,0.0588928150765607,-0.0361577193989395,"G1",0.850287907869482,1.69869002340253,"Bridge","CATGCAATCCGAGATT_2",-2.91243247166971,1.31280332022895,7.44288060192892
"CATGGTAGTTCGAACT_2",12614,3415.90095690003,2457,0.0630119722747322,-0.0220412922634566,"G1",0.854126679462572,4.90245397430654,"Bridge","CATGGTAGTTCGAACT_2",-0.898395548022785,1.03024413400878,9.43461117848968
"CATTCATGTAGTGCGA_2",12614,3046.49006710007,1830,0,-0.105789018512155,"G1",0.567178502879079,11.2092766681235,"Connecting progenitor cells","CATTCATGTAGTGCGA_2",2.17201825007101,-0.208518334090814,NA
"CATTCCGCAAACTCGT_2",12614,2967.58211659998,1679,0.0380662352493338,0.0199395092683963,"S",0.619961612284069,9.96653454539366,"Bridge","CATTCCGCAAACTCGT_2",0.974773486696682,0.518835447370902,10.9156655959706
"CATTCCGTCTGGGCCA_2",12614,3324.09644650005,2063,0,-0.109628164355093,"G1",0.949136276391555,4.27153287046362,"SCPs","CATTCCGTCTGGGCCA_2",-7.040974894918,1.83898936921348,3.27488905369279
"CATTCTATCCGCTTAC_2",12614,3296.77746629998,2175,0,-0.0647111421250603,"G1",0.516314779270633,9.61340448856146,"Connecting progenitor cells","CATTCTATCCGCTTAC_2",2.38857026919027,0.933675072729484,11.9368703783642
"CCACAAAAGGGATCTG_2",12614,3273.89365859996,2544,0.0197160883280757,-0.137642266166513,"G1",0.833973128598848,4.34586695136309,"Bridge","CCACAAAAGGGATCTG_2",-1.11889610663752,0.860184572279349,9.2086506170332
"CCACGAGCAAGTCCCG_2",12614,3112.03003689993,1925,0.032478077297824,0.0383161310086143,"S",0.915547024952015,2.60286615471098,"SCPs","CCACGAGCAAGTCCCG_2",-6.06658391133646,1.55931209737052,4.27676374900561
"CCATCACTCCTAGCGG_2",12614,3330.00318310007,2466,0,-0.0994356954296977,"G1",0.730326295585413,11.2291162854486,"Connecting progenitor cells","CCATCACTCCTAGCGG_2",1.99739237650534,3.3267067592739,13.3187035048736
"CCCTGATGTCCAGCCA_2",12614,3701.72849629981,2985,0,-0.00290557339769668,"G1",0.835892514395393,1.56544710004133,"Bridge","CCCTGATGTCCAGCCA_2",-3.40347437039713,1.22002004796256,6.96411581572287
"CCCTTAGTCGTCCATC_2",12614,3266.6279283999,2310,0.0220848056537102,-0.0692296706972658,"G1",0.82725527831094,6.66767775410588,"Bridge","CCCTTAGTCGTCCATC_2",0.846013864122829,1.41894196683158,11.1306985938596
"CCGAACGCAGATTAAG_2",12614,3323.82377220003,2347,0.0469373386528984,0.123241442288164,"S",0.887715930902111,2.99379323799474,"Bridge","CCGAACGCAGATTAAG_2",-1.97337440625528,1.40314757043113,8.3804879032241
"CCGATGGGTCGAGTGA_2",12614,2869.61737909991,1586,0,0.035665593928246,"S",0.730326295585413,6.60720651517778,"Bridge","CCGATGGGTCGAGTGA_2",0.665726622187099,0.753443874061004,10.7597447302249
"CCTAACCGTGGACTGA_2",12614,2773.68350400005,1523,0,-0.094111951266267,"G2M",0.690978886756238,9.9548057432254,"Bridge","CCTAACCGTGGACTGA_2",0.662870844446621,0.58481402380009,10.698727374638
"CCTATCGAGTCGGCAA_2",12614,3441.92416189991,2417,0.0708048147274015,-0.128688598461204,"G1",0.948176583493282,3.03311912796281,"Bridge","CCTATCGAGTCGGCAA_2",-1.85414163247446,1.13758122140159,8.50445317571884
"CCTCAGTAGAGGCCAT_2",12614,2722.15150659995,1455,0,-0.120418713855335,"G1",0.747600767754319,10.3175956472082,"Bridge","CCTCAGTAGAGGCCAT_2",0.854538043581447,0.516733094692126,10.8267610856982
"CCTCATGGTATCCTTT_2",12614,3178.2880017999,2064,0.0550964187327824,-0.0836568448927688,"G1",0.67658349328215,9.60259442372235,"Bridge","CCTCATGGTATCCTTT_2",1.2996263109078,1.04733841830482,11.34040641132
"CGAGAAGTCTTACACT_2",12614,4048.5609097001,3891,0.011154489682097,-0.116233947225166,"G1",0.929942418426104,6.52911657246332,"SCPs","CGAGAAGTCTTACACT_2",-8.25109986440042,1.89932285958518,2.08211597800617
"CGATCGGTCTGATGGT_2",12614,2755.04324879994,1496,0,-0.0521162763586736,"G1",0.556621880998081,7.80658902800184,"Connecting progenitor cells","CGATCGGTCTGATGGT_2",1.7782492242684,2.57806538754691,12.5259227651735
"CGGAGAAGTTGCATTG_2",12614,3125.27464200008,2094,0.0264270613107822,-0.0381720184268412,"G1",0.955854126679463,1.69869039772285,"Bridge","CGGAGAAGTTGCATTG_2",-2.87998847142557,1.37983565741767,7.46960773137053
"CGGTCAGCAATAAGGT_2",12614,3268.60670510012,2221,0,-0.156649389825416,"G1",0.502879078694818,6.78707320388607,"Bridge","CGGTCAGCAATAAGGT_2",0.429457803808651,0.99653749877204,10.6457418443176
"CTAACCCAGACGACGT_2",12614,3593.69391469984,2518,0,-0.025792612357222,"G1",0.907869481765835,5.09854028450492,"SCPs","CTAACCCAGACGACGT_2",-7.46658972874979,1.74141346627463,2.89324353831264
"CTAACCCTCCTCGATC_2",12614,4138.97792380008,3957,0.0339136332805788,-0.0497404377105809,"G1",0.550863723608445,11.3642063966417,"Connecting progenitor cells","CTAACCCTCCTCGATC_2",2.26629992350241,-0.0384844023586359,NA
"CTATAGGCATCAACCA_2",12614,3148.88087669993,1980,0.0883652430044183,-0.0447955014242505,"G2M",0.540307101727447,10.4468245953688,"Connecting progenitor cells","CTATAGGCATCAACCA_2",1.31568010672232,-0.146012373626336,10.9726062998582
"CTATCTACACGTCGGT_2",12614,3713.50133070016,2899,0.053134962805526,-0.111494774994399,"G1",0.945297504798465,6.52911694678364,"SCPs","CTATCTACACGTCGGT_2",-7.95908097401957,1.92115937882651,2.3681750640548
"CTCACTGTCTGAATCG_2",12614,3410.33110020012,2427,0.0452079566003617,-0.111655905124407,"G2M",0.534548944337812,10.4763033701939,"Connecting progenitor cells","CTCACTGTCTGAATCG_2",1.51882251127859,-0.158627696693048,11.0616007957404
"CTCAGAACATTGTGCA_2",12614,3678.17547410017,3092,0,-0.017609535147708,"G1",0.788867562380038,10.3175960215285,"Connecting progenitor cells","CTCAGAACATTGTGCA_2",1.40368946417471,0.323169372618094,11.1643117548073
"CTCAGGGCAAGCGAAC_2",12614,3404.1146722001,2710,0.0354421407052986,-0.127097823976983,"G1",0.831094049904031,4.34586732568341,"Bridge","CTCAGGGCAAGCGAAC_2",-1.05631564036707,0.962002746403113,9.27869327921315
"CTCAGGGGTTTAGAGA_2",12614,3396.54623420002,2265,0.0251067034898318,-0.0594715677318679,"G1",0.463531669865643,10.3086312093321,"Bridge","CTCAGGGGTTTAGAGA_2",1.03111346586843,0.796520314752952,11.0308542407927
"CTCATTAAGGTTATAG_2",12614,3169.94692979994,2067,0,-0.0769804218589597,"G1",0.82341650671785,6.62342015135652,"Bridge","CTCATTAAGGTTATAG_2",0.603950580202541,0.91071208530654,10.7561905623258
"CTCCAACGTCACCGAC_2",12614,2799.18455199997,1535,0,-0.0917222607927249,"G1",0.476967370441459,11.1799292648683,"Connecting progenitor cells","CTCCAACGTCACCGAC_2",2.05924983843466,-0.178193994224175,NA
"CTCCATGAGAAGGTAG_2",12614,2994.29712059989,1752,0.107219442458899,-0.0236329561059967,"G1",0.679462571976967,5.06655859138086,"Bridge","CTCCATGAGAAGGTAG_2",0.33511753901144,0.732854477703467,10.475281049113
"CTCCCAATCTACTATC_2",12614,3821.07326339988,2717,0.0445335114673792,-0.0031077067229997,"G1",0.99232245681382,0.797839554512828,"SCPs","CTCCCAATCTACTATC_2",-3.8855154909263,1.31295537167777,6.47597648950065
"CTCCTCCTCCCATACC_2",12614,4170.58239957029,5559,0,-0.103440530804287,"G1",0.941458733205374,4.69983284811083,"Bridge","CTCCTCCTCCCATACC_2",-0.608131597198048,0.600061393916503,9.65951399684249
"CTGGTCTCACTCACTC_2",12614,3306.24624700009,2100,0.0288101411696917,-0.100707152090443,"G1",0.919385796545106,4.44262128424108,"SCPs","CTGGTCTCACTCACTC_2",-7.81154612676004,1.87684654408683,2.52219918205048
"CTGTATTAGACATACA_2",12614,3460.84881639995,2470,0.0217485863418878,0.00317180234691916,"S",0.587332053742802,10.2920250737804,"Connecting progenitor cells","CTGTATTAGACATACA_2",2.05611725672384,0.41988670045127,11.535927710028
"CTTCAATCAGAGGCTA_2",12614,3440.19555280012,2197,0.0565450947130336,-0.0130232663012565,"G1",0.95873320537428,4.00180477237138,"SCPs","CTTCAATCAGAGGCTA_2",-6.65570763722757,1.73129903489341,3.67537983648704
"CTTTCAAGTTCCCACT_2",12614,3438.27123480002,2273,0.0271591526344378,-0.0469743671516127,"G1",0.54126679462572,13.6925933589449,"Connecting progenitor cells","CTTTCAAGTTCCCACT_2",2.62447496279379,-2.02578771895181,NA
"CTTTCAATCGACCAAT_2",12614,3950.75954299982,3369,0,-0.12309341773057,"G2M",0.871401151631478,2.29105169207638,"SCPs","CTTTCAATCGACCAAT_2",-5.75815610066751,1.40669666939963,4.60609360820161
"GAACTGTGTGACCGTC_2",12614,3013.68527259997,1629,0,-0.0218093996863847,"G1",0.961612284069098,3.41735279820655,"SCPs","GAACTGTGTGACCGTC_2",-6.36355475560526,1.51869337970008,3.98295963622978
"GAAGGGTTCTGAGATC_2",12614,4972.73778923009,8000,0.00348638566398215,-0.0247425707414489,"G2M",0.800383877159309,10.5871229082004,"Connecting progenitor cells","GAAGGGTTCTGAGATC_2",0.221494277559719,-0.608177431285485,10.1206418038183
"GACAGCCAGCGACTGA_2",12614,3626.87064240009,3270,0.0263608804534071,-0.00955252880913704,"G1",0.692898272552783,5.06655877854102,"Bridge","GACAGCCAGCGACTGA_2",0.385728856169186,0.772865570723906,10.5357038283983
"GACAGCCCAATAGTAG_2",12614,2969.66052449993,1863,0,-0.0495757767337522,"G1",0.522072936660269,5.29294032920212,"Bridge","GACAGCCCAATAGTAG_2",-0.422126690305271,0.834352247059241,9.8585272430662
"GACCTTCGTCGTGCCA_2",12614,2894.96808329996,1567,0,-0.0668077108744342,"G1",0.880998080614203,4.35416449111133,"SCPs","GACCTTCGTCGTGCCA_2",-7.32824162618021,1.87300550156821,2.98867135734208
"GAGACCCCAACTGATC_2",12614,3388.60140779997,2688,0,-0.0587585583001698,"G1",0.820537428023033,4.35864308803423,"Bridge","GAGACCCCAACTGATC_2",-1.15828917399744,0.986200920879737,9.18548202436288
"GAGTCATAGAATCGCG_2",12614,3296.58563380003,2098,0.0568020448736154,-0.177836628674249,"G1",0.577735124760077,12.3318610450252,"Connecting progenitor cells","GAGTCATAGAATCGCG_2",2.37063332422873,-0.396735258758172,NA
"GAGTGAGTCTTTACAC_2",12614,2761.73937740004,1608,0.0364564345607,0.0285638626838805,"S",0.800383877159309,4.80721031710936,"Bridge","GAGTGAGTCTTTACAC_2",-0.805835375941792,0.855094723045722,9.50895325846261
"GATAGCTTCGGACTTA_2",12614,2992.75669520006,1832,0.0331455087835598,-0.103288514177806,"G1",0.991362763915547,4.41023759039539,"Bridge","GATAGCTTCGGACTTA_2",-1.83330957070688,1.11226337367286,8.52550093301956
"GATCAGTGTGACTATC_2",12614,3577.03729599993,2506,0.0229937916762474,-0.125346545244842,"G2M",0.890595009596929,4.74319662930499,"SCPs","GATCAGTGTGACTATC_2",-7.87166289464334,1.92453216725577,2.45139413008702
"GATCCCTAGGAGATAG_2",12614,3302.49613879991,2514,0.0394866732477789,-0.131750157403094,"G1",0.665067178502879,4.8218239160512,"Bridge","GATCCCTAGGAGATAG_2",-0.820014039433994,0.882592461645499,9.49763294542255
"GATCCCTGTAATGCTC_2",12614,3063.0869261999,2012,0,0.0407589661652572,"S",0.772552783109405,11.2291174084095,"Connecting progenitor cells","GATCCCTGTAATGCTC_2",1.975466927134,4.00223361665,14.0262276609901
"GATGAGGCATTGCCGG_2",12614,3765.56293250011,3003,0.0349162011173184,-0.120532311220464,"G1",0.87236084452975,1.47523586634857,"SCPs","GATGAGGCATTGCCGG_2",-5.09339741841654,1.53094278985252,5.2514448045432
"GCAGCTGGTTGCATTG_2",12614,3410.67955279991,2252,0.0519210799584631,-0.0264002897289523,"G2M",0.99616122840691,1.69869077204317,"Bridge","GCAGCTGGTTGCATTG_2",-3.01527194157938,1.32658915930976,7.339145754036
"GCAGGCTAGCTTCATG_2",12614,3258.24069620006,2039,0,-0.0387364932828601,"G1",0.990403071017274,1.69869095920333,"Bridge","GCAGGCTAGCTTCATG_2",-2.90797356740335,1.16790198498954,7.45943639275388
"GCATCTCGTCGTTGGC_2",12614,3996.20747290003,3227,0.0338066260987153,-0.101231359023691,"G1",0.915547024952015,4.420172249056,"SCPs","GCATCTCGTCGTTGGC_2",-7.21303395406107,2.1547598760723,3.01938879079415
"GCATTAGAGTTGCGAG_2",12614,2908.03745600006,1692,0.108813928182807,-0.0251129796654716,"G1",0.380038387715931,10.9384641390295,"Connecting progenitor cells","GCATTAGAGTTGCGAG_2",2.05288525446554,-0.721174486339196,NA
"GCCAGTGTCCGTACGG_2",12614,3491.41916229989,2679,0,-0.119332840536337,"G1",0.994241842610365,2.46281619427823,"Bridge","GCCAGTGTCCGTACGG_2",-2.30490211621622,1.38389372044791,8.0461534368489
"GCGGAAACATGGAACG_2",12614,4142.20511949978,3481,0.170674941815361,-0.107050645386714,"G1",0.847408829174664,5.84319446754913,"SCPs","GCGGAAACATGGAACG_2",-6.76142100468973,0.575210636123911,3.70929260769491
"GCTGGGTAGAGGTCAC_2",12614,2758.27676770002,1427,0.14792899408284,-0.0496184161812544,"G1",0.554702495201535,10.3175969573293,"Connecting progenitor cells","GCTGGGTAGAGGTCAC_2",1.34706338270803,0.224120102465049,11.0706663055197
"GGAAGTGTCAATCGGT_2",12614,3490.28785689996,2315,0.051907604464054,-0.136721534772448,"G1",0.883877159309021,6.26961602495452,"SCPs","GGAAGTGTCAATCGGT_2",-8.50832823888163,1.48787634783973,1.90950118761948
"GGAGGTACATACTGAC_2",12614,3316.89355339996,2071,0.0302388872089507,0.00544903918117298,"S",0.885796545105566,4.3254108833059,"SCPs","GGAGGTACATACTGAC_2",-7.25677327290873,1.82156669312705,3.07118014477382
"GGAGGTAGTCTCCTGT_2",12614,2976.75993439994,1692,0.0793335977786593,0.0232927434876677,"S",0.620921305182342,10.5298435249229,"Connecting progenitor cells","GGAGGTAGTCTCCTGT_2",1.32064648493429,-0.238790817916497,10.9412679614141
"GGGAAGTTCCGAGGCT_2",12614,2959.8177551001,1654,0,-0.107977695378122,"G1",0.696737044145873,10.9384643261897,"Connecting progenitor cells","GGGAAGTTCCGAGGCT_2",2.06292005404135,-0.549451955020532,NA
"GGGATGATCTCTCGCA_2",12614,2851.20451839994,1641,0.113938473224459,-0.0442156797865125,"G1",0.566218809980806,10.3175973316497,"Bridge","GGGATGATCTCTCGCA_2",0.731900771700344,0.442164070546523,10.7141447378601
"GGGCTACGTCCGGCAT_2",12614,2991.88480069991,1682,0,-0.0645537198541289,"G2M",0.973128598848369,2.6749587414805,"SCPs","GGGCTACGTCCGGCAT_2",-5.91701058522562,1.49544923716773,4.43406216657188
"GGGTGTCAGCCAAGCA_2",12614,4067.86378340021,3859,0,-0.139615152099718,"G1",0.882917466410749,4.09589672589377,"SCPs","GGGTGTCAGCCAAGCA_2",-6.62729672566751,1.207142941296,3.7665428207683
"GGGTGTCCACCATATG_2",12614,3092.09585379992,1905,0.0318674314850223,-0.0746679239534183,"G1",0.469289827255278,12.6069713063554,"Connecting progenitor cells","GGGTGTCCACCATATG_2",2.39600082262655,-1.05019069498788,NA
"GGTAATCCAGATTCGT_2",12614,2876.8690535,1583,0.0407996736026112,-0.0951347064250455,"G1",0.411708253358925,11.028986279211,"Connecting progenitor cells","GGTAATCCAGATTCGT_2",1.84211178644796,-0.433359869182214,NA
"GGTGTCGCAAACTGCT_2",12614,3288.16326300003,2196,0.025974025974026,-0.0973504518445833,"G1",0.825335892514395,6.6544786734107,"Bridge","GGTGTCGCAAACTGCT_2",0.557890256487331,0.792488269150153,10.6720745466113
"GGTTAACAGCTTCTAG_2",12614,3426.43935839993,2409,0,-0.145691512759745,"G1",0.987523992322457,1.69869114636349,"Bridge","GGTTAACAGCTTCTAG_2",-2.71618489400248,1.21841465646018,7.64568844484121
"GTAGAAACATAACGGG_2",12614,4318.74772100026,4280,0,-0.155878475064836,"G1",0.878119001919386,3.2562007776915,"SCPs","GTAGAAACATAACGGG_2",-6.32308415547709,1.32015537434806,4.03847166629357
"GTAGAGGGTGGACTGA_2",12614,3729.60211220016,3073,0.0335965059633798,-0.0590398411452141,"G2M",0.977927063339731,3.8718618688007,"Bridge","GTAGAGGGTGGACTGA_2",-1.06129078046183,1.41244583541144,9.30752507911926
"GTCAAGTTCATAGAGA_2",12614,3253.68633060013,2100,0.0826218672541999,-0.0129181155738856,"G2M",0.609404990403071,10.0096107651123,"Bridge","GTCAAGTTCATAGAGA_2",0.853875120722256,0.584975615251705,10.8297992846088
"GTCATTTCACGCGCAT_2",12614,4033.94728155022,3825,0.0226834524214585,-0.111437815428842,"G1",0.566218809980806,11.2646759552043,"Connecting progenitor cells","GTCATTTCACGCGCAT_2",2.43086977823874,0.0387058776019964,NA
"GTCGAATGTCCTGGTG_2",12614,2908.29141230003,1705,0.0365230094959825,-0.0621037177885668,"G1",0.596928982725528,10.2828817557872,"Connecting progenitor cells","GTCGAATGTCCTGGTG_2",1.54831000193258,0.648613988995448,11.3560630239922
"GTCTACCTCACCCTCA_2",12614,3377.15984210004,2275,0.09765625,-0.130216749801858,"G1",0.567178502879079,12.8650293068647,"Connecting progenitor cells","GTCTACCTCACCCTCA_2",2.38831706865927,-0.816486843288049,NA
"GTGAGGACAGAAATTG_2",12614,2762.66403709994,1555,0,-0.0117341467469474,"G1",0.54126679462572,5.0665593400215,"Bridge","GTGAGGACAGAAATTG_2",0.380335887514553,0.628444239139453,10.486401763114
"GTGCTTCTCTGAGAAA_2",12614,3472.95648830009,2654,0.0190949016612564,-0.0554209786768154,"G1",0.99232245681382,4.38822898303868,"Bridge","GTGCTTCTCTGAGAAA_2",-1.53921631947855,0.877658001720801,8.81495169265716
"GTGGGAATCGTGAGAG_2",12614,3191.16370489994,1941,0.03315649867374,-0.0458671116001473,"G1",0.932821497120921,6.52911750826412,"SCPs","GTGGGAATCGTGAGAG_2",-7.88876370564798,2.34264539891471,2.32639826451006
"GTGTAACAGAGAGTTT_2",12614,3142.00266150008,1766,0,-0.105768426529952,"G1",0.380038387715931,15.6892532970203,"Neuroblasts","GTGTAACAGAGAGTTT_2",3.52390952929159,-3.50016415900002,NA
"GTGTTCCGTATTAAGG_2",12614,2726.92608289997,1344,0,0.0328004713029754,"G2M",0.858925143953935,2.16795647811929,"SCPs","GTGTTCCGTATTAAGG_2",-6.35261372701029,0.708528756737605,4.05572969967314
"GTTAGACAGCGATGGT_2",12614,3309.38201940013,2472,0.0197472353870458,-0.0850487868763377,"G1",0.803262955854127,5.06655971434182,"Bridge","GTTAGACAGCGATGGT_2",-0.0332288838992502,0.974659047663108,10.2341901016461
"GTTGTCCCAATAGGGC_2",12614,2870.65553169996,1659,0,-0.086109776028483,"G1",0.595009596928983,7.88312406730158,"Connecting progenitor cells","GTTGTCCCAATAGGGC_2",1.89201398714682,2.19984637910117,12.3295223720338
"TAACACGGTACGCTAT_2",12614,4799.5276219996,7828,0.0418598660484286,-0.100923894678503,"G1",0.81190019193858,10.5871236568411,"Connecting progenitor cells","TAACACGGTACGCTAT_2",0.559025724970302,-0.538596637904748,10.3831352796177
"TAAGCCATCGCAGTTA_2",12614,2103.43488069996,883,0.176056338028169,0.00632208893663098,"S",0.416506717850288,10.2985495707755,"Connecting progenitor cells","TAAGCCATCGCAGTTA_2",1.40784414633413,-0.0545080978275385,11.0060267577339
"TAATCTCCAAGTGTCT_2",12614,2870.30770090004,1781,0.0965561635017702,-0.0594764477830429,"G1",0.576775431861804,7.80658958948232,"Connecting progenitor cells","TAATCTCCAAGTGTCT_2",1.66637321337362,2.33484911137809,12.2708051515516
"TACCGAATCTAGGAAA_2",12614,4226.82507160012,3652,0.0142045454545455,-0.074608565866167,"G1",0.478886756238004,17.5886338419498,"Neuroblasts","TACCGAATCTAGGAAA_2",3.43649478777548,-4.16204036062966,NA
"TACTTGTCAACACAGG_2",12614,2711.50885749995,1567,0,0.00943807734720758,"S",0.755278310940499,4.84841780238478,"Bridge","TACTTGTCAACACAGG_2",-0.849359581626454,0.83672436290969,9.46379207844153
"TAGACTGTCCGCGAGT_2",12614,3030.60399210001,1930,0.0288933834151979,-0.0528914779276044,"G1",0.991362763915547,4.41023796471571,"Bridge","TAGACTGTCCGCGAGT_2",-1.77034262791971,1.02273034268607,8.58923104408867
"TAGAGTCAGCTAAGTA_2",12614,2835.94982269994,1588,0.0408163265306122,0.022884979053439,"S",0.888675623800384,1.69869133352365,"Bridge","TAGAGTCAGCTAAGTA_2",-2.94414786473612,1.21416049414863,7.41952189174961
"TATCCTAGTGGTCAAG_2",12614,3546.58807640013,2661,0.020271639975674,-0.0907935043750559,"G1",0.785028790786948,6.6072068894981,"Bridge","TATCCTAGTGGTCAAG_2",0.785304149233303,1.01673214846839,10.9337217349529
"TATCTTGAGGCACGAT_2",12614,3049.70077830008,1699,0,-0.0289305020322266,"G1",0.928982725527831,1.76685000136499,"Bridge","TATCTTGAGGCACGAT_2",-3.60681323186258,1.36728220397224,6.74644646822609
"TATCTTGCAACGCCCA_2",12614,2974.93993030011,1689,0.0388953714507974,-0.0455887494139116,"G1",0.90595009596929,4.34813219222775,"SCPs","TATCTTGCAACGCCCA_2",-7.24344090596537,1.90312718564262,3.0614732859707
"TCAATCTCATCATTGG_2",12614,2902.97017140003,1718,0,-0.0660067856638939,"G2M",0.59404990403071,9.98612109151291,"Bridge","TCAATCTCATCATTGG_2",0.930705150209865,0.546253580242291,10.8856479336619
"TCAGCCTCACATACTG_2",12614,2376.61133010002,1064,0.204498977505113,-0.0133188971302207,"G2M",0.90595009596929,5.69779484403685,"SCPs","TCAGCCTCACATACTG_2",-6.71492985860209,0.414622999369994,3.77473577183172
"TCAGCCTGTGCAAGAC_2",12614,3338.94510950013,2345,0,-0.0155400128130776,"G1",0.45873320537428,10.9665397977754,"Connecting progenitor cells","TCAGCCTGTGCAAGAC_2",2.06622048243185,-0.318114050090417,NA
"TCATGGATCATACAGC_2",12614,2841.06706569993,1597,0.0400801603206413,-0.13839227727497,"G1",0.558541266794626,7.80658996380264,"Connecting progenitor cells","TCATGGATCATACAGC_2",1.63256855829855,3.25318538361777,13.0388205479301
"TCATTGTGTAATGCTC_2",12614,2945.88324629993,1843,0.0302480338777979,-0.0474138794473294,"G1",0.961612284069098,4.37067270515456,"Bridge","TCATTGTGTAATGCTC_2",-1.25581649915079,0.984155051052466,9.0879774189231
"TCCAGAATCATGGTAC_2",12614,2985.08155579995,1941,0,-0.101225605756347,"G1",0.714971209213052,5.06655990150198,"Bridge","TCCAGAATCATGGTAC_2",0.512330850206814,0.68077167832841,10.628075576576
"TCCGAAACAGCGAGTA_2",12614,3087.88696269993,1833,0.0696378830083565,-0.0278938507049202,"G1",0.976007677543186,1.69869152068381,"Bridge","TCCGAAACAGCGAGTA_2",-3.00944141522745,1.30208914691199,7.3471978431784
"TCCGAAACAGTTCACA_2",12614,3018.83336140005,1814,0,-0.0138295162216848,"G1",0.739923224568138,9.95214260649962,"Connecting progenitor cells","TCCGAAACAGTTCACA_2",1.49271329268118,0.38042291218032,11.196400612783
"TCCTCGAGTTGTACGT_2",12614,3332.77679070011,2482,0.0200803212851406,-0.105937826068969,"G1",0.829174664107486,4.34586751284357,"Bridge","TCCTCGAGTTGTACGT_2",-1.17235145942072,0.838279716312781,9.16388692968557
"TCCTCTTTCCACTTCG_2",12614,3071.71007280009,1897,0,-0.00428285174599824,"G1",0.748560460652591,6.60720707665826,"Bridge","TCCTCTTTCCACTTCG_2",0.758557399355373,0.924957267582313,10.8735316264375
"TCCTCTTTCTGATTCT_2",12614,3145.85176899992,2147,0,-0.131390271023757,"G1",0.736084452975048,11.2291200286518,"Connecting progenitor cells","TCCTCTTTCTGATTCT_2",1.61754198893209,3.6212750595211,13.4674915915504
"TCGATTTTCAGTCTTT_2",12614,3428.51806920011,2429,0.02106149957877,0.0169250009544786,"S",0.798464491362764,11.2291202158119,"Connecting progenitor cells","TCGATTTTCAGTCTTT_2",2.06059261187216,4.05108987504233,14.0931958045339
"TCTATACGTTCCGCAG_2",12614,3553.7789327001,2763,0,-0.111201786422682,"G1",0.68042226487524,12.3029465210548,"Chromaffin cells","TCTATACGTTCCGCAG_2",1.83930416926046,4.18447076493491,14.2018247623612
"TCTCACGTCAGTCATG_2",12614,2811.64985210004,1561,0,-0.14332657756787,"G1",0.422264875239923,11.2791951840712,"Connecting progenitor cells","TCTCACGTCAGTCATG_2",2.28134461268087,-0.307191856563195,NA
"TCTCTGGGTTCACGAT_2",12614,3429.16193279989,2528,0,-0.0315960621604687,"G1",0.765834932821497,6.7248558003853,"Bridge","TCTCTGGGTTCACGAT_2",1.01220270022055,1.0958495658039,11.1421959271933
"TCTGCCAGTAGCGCTC_2",12614,3187.55441180006,2127,0.0261985852763951,-0.0622948548082467,"G1",0.699616122840691,9.94368050439966,"Bridge","TCTGCCAGTAGCGCTC_2",0.886355599008999,0.520903743445769,10.8349428398076
"TCTGGCTGTCTAGATC_2",12614,3841.14482030002,3107,0.0461325542057512,0.281166224176112,"S",0.972168905950096,0.154800873893042,"SCPs","TCTGGCTGTCTAGATC_2",-4.51311806813578,1.54552625828971,5.82469177312532
"TCTTGCGAGGCACAAC_2",12614,3247.81006410003,2026,0,-0.0932001817372027,"G1",0.4510556621881,14.2513451019974,"Neuroblasts","TCTTGCGAGGCACAAC_2",2.78043719156881,-2.51196254080544,NA
"TGACAGTGTCTGTAGT_2",12614,3043.52514980004,1872,0.0316455696202532,-0.132237463954697,"G1",0.601727447216891,8.61561416390343,"Connecting progenitor cells","TGACAGTGTCTGTAGT_2",1.7975408635964,1.8587520044445,12.0567268717618
"TGACCCTCACCCTTAC_2",12614,3073.91389700001,1761,0.03813882532418,-0.0106648780540433,"G1",0.975047984644914,0.526042529848728,"Bridge","TGACCCTCACCCTTAC_2",-4.17194441930155,1.39334671908607,6.18248747617241
"TGACGCGCATAGTCGT_2",12614,3186.73801970003,1877,0.13971358714635,-0.157415911928619,"G1",0.912667946257198,4.40422586285528,"SCPs","TGACGCGCATAGTCGT_2",-7.61628417149881,1.86667095834006,2.71470033858104
"TGATGGTAGCCGTCGT_2",12614,2941.12983909995,1694,0,-0.0982638625504231,"G1",0.50767754318618,10.4153705401565,"Connecting progenitor cells","TGATGGTAGCCGTCGT_2",1.84682365282675,-0.0570513684154597,11.3025461266865
"TGATGGTAGGACGGAG_2",12614,2519.34540520006,1271,0,-0.0917388281940603,"G1",0.513435700575816,10.5871245926419,"Connecting progenitor cells","TGATGGTAGGACGGAG_2",1.72263475283285,-0.331058569610223,NA
"TGCAGATTCTGCGGAC_2",12614,3205.36132050003,2089,0.0272479564032698,-0.0322450751134815,"G1",0.542226487523992,11.0150279313599,"Connecting progenitor cells","TGCAGATTCTGCGGAC_2",1.81226821764608,-0.561869748294457,NA
"TGCATGAGTAGACAAT_2",12614,3281.2405993001,2069,0.0301204819277108,-0.115656737700827,"G1",0.964491362763916,0.908618465010569,"Bridge","TGCATGAGTAGACAAT_2",-3.72659520284037,1.34607952052344,6.62975453316475
"TGCGGCAAGTTCCGTA_2",12614,3171.93583959998,2042,0.0283205890682526,-0.0143374910451108,"G1",0.482725527831094,11.3642075196026,"Connecting progenitor cells","TGCGGCAAGTTCCGTA_2",2.07871504648825,0.0651905458568487,11.4626391902459
"TGCGGCAGTGTGTCCG_2",12614,2906.68163270002,1746,0,-0.0635624869169345,"G1",0.585412667946257,5.06656008866214,"Bridge","TGCGGCAGTGTGTCCG_2",0.45281453951498,0.775127775609389,10.6002671466974
"TGCTTCGCACTTCAAG_2",12614,3619.94073229996,2844,0.107584722969338,-0.0926514919119816,"G1",0.742802303262956,10.3142753021088,"Connecting progenitor cells","TGCTTCGCACTTCAAG_2",1.55364032610556,0.302665613233939,11.2134915969335
"TGGGCTGAGCCGATCC_2",12614,2941.03856439992,1713,0.0703977472720873,-0.0221384181117102,"G1",0.640115163147793,6.60720745097858,"Bridge","TGGGCTGAGCCGATCC_2",0.672595342241726,0.749477065741912,10.7648169935651
"TGGTTAGTCGTGTGAT_2",12614,2527.82438480002,1297,0,-0.128765722695058,"G1",0.669865642994242,10.3175980802903,"Bridge","TGGTTAGTCGTGTGAT_2",0.976751526438198,0.401084474861518,10.8719042832495
"TGTAAGCCAGGCATGA_2",12614,2204.5697117,952,0.0801924619085806,-0.104934852071495,"G1",0.459692898272553,10.4314826907399,"Connecting progenitor cells","TGTAAGCCAGGCATGA_2",1.72081585749289,0.733180172383681,11.4986022393475
"TGTAAGCGTCCACATA_2",12614,3388.62554839993,2289,0.0490075961774075,-0.120590769280446,"G1",0.471209213051823,7.80659071244327,"Connecting progenitor cells","TGTAAGCGTCCACATA_2",1.96471114977499,3.09368764573325,13.0722819575545
"TGTGATGGTGGTCAAG_2",12614,3746.90369600015,3261,0.0144843568945539,-0.0983918893718705,"G1",0.5978886756238,10.4823826560507,"Connecting progenitor cells","TGTGATGGTGGTCAAG_2",1.6111714444985,-0.15613514965783,11.1460877455892
"TGTTCCGAGTTCCGTA_2",12614,3400.87478719992,2464,0.0209073803052478,-0.0799279266747299,"G1",0.777351247600768,11.2291209644526,"Connecting progenitor cells","TGTTCCGAGTTCCGTA_2",2.10514398440023,3.79163681679954,13.8360263171528
"TGTTCCGGTGCCGTTG_2",12614,3339.78854729989,2471,0.0392233771327711,-0.169772926054557,"G1",0.67274472168906,11.2291211516127,"Connecting progenitor cells","TGTTCCGGTGCCGTTG_2",1.95083828791281,3.64553486520042,13.633193598497
"TGTTGAGAGTCGAAGC_2",12614,2940.75186960009,1713,0,-0.121052635271959,"G1",0.618042226487524,10.3081536822122,"Connecting progenitor cells","TGTTGAGAGTCGAAGC_2",1.66601320131918,0.312189064562217,11.3170907547276
"TTATTGCGTGTACATC_2",12614,4106.20877329998,4220,0.0101112234580384,-0.0823866002208496,"G1",0.892514395393474,4.39943968864141,"Bridge","TTATTGCGTGTACATC_2",-1.67686156407694,0.841440848648444,8.67697328107854
"TTCAGGAGTGCCGAAA_2",12614,3073.72165769995,1938,0.148323939483833,-0.0339013309816159,"G1",0.579654510556622,10.0245824224414,"Connecting progenitor cells","TTCAGGAGTGCCGAAA_2",1.50378008707663,0.439433045327559,11.2339717379758
"TTCCTTCCATCGTCCT_2",12614,3134.16417350006,1838,0.0359066427289048,-0.061768804110336,"G1",0.955854126679463,5.07727602874492,"SCPs","TTCCTTCCATCGTCCT_2",-6.98900107518534,1.57670616322745,3.38959042668547
"TTCCTTCGTGTCATGT_2",12614,3199.52804790009,1915,0,-0.126999923996886,"G1",0.228406909788868,17.3383583325855,"Neuroblasts","TTCCTTCGTGTCATGT_2",4.21286364420553,-4.4316898662449,NA
"TTCCTTCTCAAATGAG_2",12614,3566.45472810005,2478,0.0237360550676478,0.213119584171834,"S",0.456813819577735,12.5122409588281,"Connecting progenitor cells","TTCCTTCTCAAATGAG_2",2.84660693033834,-1.14346409624825,NA
"TTCGCTGCAATCAAGA_2",12614,3298.08607759991,2418,0.0397219463753724,-0.0834565580792931,"G1",0.752399232245681,12.302946708215,"Connecting progenitor cells","TTCGCTGCAATCAAGA_2",1.82728238924643,4.3991423767208,14.4408501182409
"TTCTTCCGTGGTAATA_2",12614,3460.8674764998,2567,0.0382262996941896,-0.020767005171829,"G1",0.540307101727447,6.6072078252989,"Bridge","TTCTTCCGTGGTAATA_2",0.7037965856423,0.88837458902587,10.8267610856982
"TTGCATTAGCAGGTCA_2",12614,3636.61989640001,2637,0.0655164883162263,-0.0352924731620657,"G1",0.419385796545106,17.3636874554554,"Neuroblasts","TTGCATTAGCAGGTCA_2",4.50295372828146,-4.06097281759988,NA
"TTGCTGCGTTGGGTTT_2",12614,3136.06900030009,1749,0,-0.128701488134369,"G1",0.972168905950096,2.40437109886675,"SCPs","TTGCTGCGTTGGGTTT_2",-5.63191203252176,1.22366129571189,4.75922133949415
"TTGGATGTCGAGCCTG_2",12614,3162.08050290007,2013,0,-0.053871402632994,"G1",0.87236084452975,4.69983434539211,"Bridge","TTGGATGTCGAGCCTG_2",-0.688992554701367,0.918493263065711,9.62059859817534
"TTGGGTAGTTGACGGA_2",12614,3223.69508410006,1983,0,-0.00862756764960348,"G1",0.223608445297505,16.8009707759695,"Neuroblasts","TTGGGTAGTTGACGGA_2",3.90768500193258,-4.20015013998757,NA
"TTTCATGAGAGGCGGA_2",12614,3063.85885680006,1865,0.0317460317460317,-0.0591611941586816,"G1",0.526871401151631,7.80659127392375,"Connecting progenitor cells","TTTCATGAGAGGCGGA_2",1.70473190172812,3.10700403863181,12.9503537103112
"TTTCATGAGGTTCACT_2",12614,3160.18213580002,1871,0.0696621386276559,-0.157603070657274,"G1",0.914587332053743,6.52911881838523,"SCPs","TTTCATGAGGTTCACT_2",-8.16186360493998,1.74147128278007,2.21495862274086
"TTTGGAGAGTTGCTCA_2",12614,3679.10602885989,2960,0,-0.0659576250316314,"G1",0.77447216890595,11.2291220874135,"Connecting progenitor cells","TTTGGAGAGTTGCTCA_2",1.8405050836434,3.33725129777183,13.2401684893285
"TTTGTTGCAACTCCCT_2",12614,2497.82690429997,1294,0,-0.0292465307701331,"G1",0.478886756238004,10.5453027787705,"Connecting progenitor cells","TTTGTTGCAACTCCCT_2",2.45163484438559,0.693812787175075,11.8820056478379
"AACACACAGCATTGTC_3",13810,3852.10482718016,3034,0.202224469160768,-0.0602065699243944,"G1",0.964491362763916,0.726765341452639,"SCPs","AACACACAGCATTGTC_3",-3.95134786740641,1.47562932187308,6.3914641444028
"ACAGAAACAACGGCTC_3",13810,3725.90034499988,3078,1.93610842207164,-0.137959712775687,"G1",0.678502879078695,6.72883539470466,"Bridge","ACAGAAACAACGGCTC_3",0.516517480455837,1.22541057282676,10.7830270036724
"ACCCAAAGTATCCCTC_3",13810,3822.82310339989,3310,0.0561324726354196,-0.0938415671805185,"G1",0.500959692898273,6.77237952172232,"Bridge","ACCCAAAGTATCCCTC_3",0.476183792196712,1.31158237868537,10.7749951893686
"ACGTCCTAGCGCCATC_3",13810,3797.80665085006,3037,0.0644849266483959,-0.0859811741294183,"G1",0.960652591170825,1.75533488273571,"Bridge","ACGTCCTAGCGCCATC_3",-2.77698163167337,1.39681189471473,7.57176825460413
"ACTGTGAGTATCCCAA_3",13810,3502.34224169989,2653,0.478380864765409,-0.113016950196433,"G1",0.832053742802303,5.0665602758223,"Bridge","ACTGTGAGTATCCCAA_3",-0.0919623769889261,1.00047906452407,10.1829068291756
"AGTACTGCACTTCAAG_3",13810,3617.51851999998,2715,0.116453169189819,-0.155063965490187,"G1",0.990403071017274,2.45317864109844,"SCPs","AGTACTGCACTTCAAG_3",-5.63756064549784,1.59289633446921,4.70326162401597
"ATAGACCGTGGATTTC_3",13810,2999.84275310003,1759,0,-0.0290845431880315,"G1",0.830134357005758,6.98239150255033,"Chromaffin cells","ATAGACCGTGGATTTC_3",1.12271233423849,1.3768144171833,11.339647406799
"ATTCCTAGTTGAATCC_3",13810,2557.75581289999,1340,0,-0.027319769178609,"G1",0.63531669865643,17.9783329893769,"Chromaffin cells","ATTCCTAGTTGAATCC_3",3.27687426432272,8.50055157357444,17.9378219046853
"CCTACGTTCCGTGACG_3",13810,3569.43616620015,2625,0.224306688417618,-0.14292685004328,"G1",0.987523992322457,2.34098179451399,"Bridge","CCTACGTTCCGTGACG_3",-2.41170493737558,1.38247590476264,7.93957387229913
"CGAGAAGGTGCTGCAC_3",13810,4024.76783799982,3155,0.482509047044632,0.124770136772513,"S",0.978886756238004,3.41189298977507,"SCPs","CGAGAAGGTGCTGCAC_3",-6.49625329152445,1.64259206467857,3.84193031019289
"CGCCAGAGTTGCATTG_3",13810,3930.04526400011,3557,0.171213331811437,-0.00262083961790133,"G1",0.707293666026871,6.66613130144087,"Bridge","CGCCAGAGTTGCATTG_3",0.623425563417873,1.60871051961173,11.0110554257353
"CGGGACTTCGTCCATC_3",13810,4036.51229494008,3518,0.133495145631068,-0.0465972384980398,"G1",0.87236084452975,3.94607340092964,"SCPs","CGGGACTTCGTCCATC_3",-6.78702143803934,1.80322241002311,3.53271857795986
"CGGGCATAGTCTACCA_3",13810,3205.17944879989,1998,0.199714693295292,-0.119680277940174,"G2M",0.479846449136276,6.60720801245906,"Bridge","CGGGCATAGTCTACCA_3",0.847018440805874,1.15023552590598,11.0163208264522
"CGTCCATAGCCTGAAG_3",13810,3351.15776159998,2433,0.056710775047259,-0.114833655858058,"G1",0.356046065259117,6.21097200604556,"Bridge","CGTCCATAGCCTGAAG_3",0.354925712191067,1.38443481141318,10.6864280297826
"GACTATGGTAGATTAG_3",13810,3269.00203300011,2212,0.117591721542803,-0.130379532858151,"G1",0.522072936660269,17.9783339251777,"Chromaffin cells","GACTATGGTAGATTAG_3",3.3292677007546,8.7715948742031,18.0776087021318
"GGAGATGTCCGATCTC_3",13810,3589.87894049992,2947,0.406198284940575,-0.0310090092260412,"G1",0.895393474088292,4.3521727318426,"Bridge","GGAGATGTCCGATCTC_3",-1.14708737508158,0.957026801645652,9.19517992541612
"GTACAACAGGAAAGAC_3",13810,3043.19212500006,1984,0.0488997555012225,-0.0554746744887846,"G1",0.637236084452975,17.9783350481387,"Chromaffin cells","GTACAACAGGAAAGAC_3",3.27981038912436,8.92412649804343,18.1629853844446
"GTACAACCAATCGAAA_3",13810,3104.20364620009,1990,0.16008537886873,0.00441639803075083,"S",0.513435700575816,5.17095327092594,"Bridge","GTACAACCAATCGAAA_3",-0.253617445386448,1.24905555659522,10.0870531790736
"GTCCACTTCTCCACTG_3",13810,4430.16139770002,4502,0.843764487714418,-0.0971781162116986,"G1",0.99616122840691,1.7131885167021,"Bridge","GTCCACTTCTCCACTG_3",-2.597695390142,1.15415691548575,7.76730019598382
"GTCTACCCAGACGGAT_3",13810,3217.95252799988,2282,0.0639795265515035,-0.134072217095161,"G1",0.580614203454894,6.77729772709042,"Bridge","GTCTACCCAGACGGAT_3",0.494721134745083,1.56128012353171,10.8766087652646
"GTGAGGACAACTCATG_3",13810,3869.31342280003,3472,0.0260145681581686,-0.0531076208876278,"G1",0.775431861804223,10.3175984546106,"Connecting progenitor cells","GTGAGGACAACTCATG_3",0.9933473668923,0.124928526222602,10.8267610856982
"GTTGCTCCATTGCTTT_3",13810,4139.35748759996,4154,0.048666536889235,0.175116250397702,"S",0.974088291746641,4.92113177973014,"SCPs","GTTGCTCCATTGCTTT_3",-7.5322873987327,1.61311172658195,2.86805722711781
"TAACTTCAGAGCAACC_3",13810,3548.85729760013,2693,0.346146839132811,0.0241008918169907,"S",0.484644913627639,17.9783361710997,"Chromaffin cells","TAACTTCAGAGCAACC_3",3.24356051310202,8.98542296105613,18.2340364786634
"TACACCCGTACCGGCT_3",13810,2909.21196270002,1765,0.402530189764232,-0.101957144111798,"G1",0.514395393474088,17.9783363582598,"Chromaffin cells","TACACCCGTACCGGCT_3",3.27852960451742,8.91903483086814,18.1595122696907
"TACACCCTCTCATAGG_3",13810,3033.28024079998,1856,0.147972773009766,-0.0489812896613184,"G1",0.99232245681382,1.72364666702858,"Bridge","TACACCCTCTCATAGG_3",-2.80912880078653,1.39890556746711,7.53955444662698
"TACTTACTCTTGGGCG_3",13810,3711.84667829989,2974,0.155110904296572,-0.120272039737285,"G1",0.979846449136276,1.72286511827196,"Bridge","TACTTACTCTTGGGCG_3",-2.97094730512003,1.57695078068961,7.36249013146557
"TCATATCGTTGGTGTT_3",13810,3086.13440390011,1947,0.0792602377807133,-0.0813158331110982,"G1",0.550863723608445,5.98016828057006,"Bridge","TCATATCGTTGGTGTT_3",0.120161672674618,1.48581140452613,10.5008962890876
"TCATTACAGTGCAGGT_3",13810,2958.25556939995,1777,0.13080444735121,-0.117543076583041,"G1",0.524952015355086,9.7783683282425,"Bridge","TCATTACAGTGCAGGT_3",1.18215461596151,1.22055768185844,11.3184335065543
"TCCTGCACAGGTGACA_3",13810,3505.20832089993,2711,0.0640307347526813,-0.0519787945587859,"G1",0.595009596928983,9.62674159187011,"Connecting progenitor cells","TCCTGCACAGGTGACA_3",2.48196955546041,1.02455355936278,12.0567268717618
"TCCTGCATCACGGGAA_3",13810,4030.10016505016,3565,0.533997864008544,-0.0627678641592969,"G1",0.976007677543186,5.11171604322181,"SCPs","TCCTGCATCACGGGAA_3",-7.12633351460794,1.64777969533195,3.24385848690512
"TCGCTTGGTATCGCTA_3",13810,3131.98626189995,2119,0.0677048070412999,-0.0510346338745457,"G1",0.623800383877159,6.81329258199426,"Bridge","TCGCTTGGTATCGCTA_3",0.451083620630703,1.52551149541129,10.825454212666
"TCTAACTCACACCTTC_3",13810,2741.22310760001,1471,0,-0.0912901327708246,"G1",0.595009596928983,17.9783369197403,"Chromaffin cells","TCTAACTCACACCTTC_3",3.25059696062704,8.88705050164451,18.1489494832646
"TGACGCGGTGTTACAC_3",13810,3050.79285390001,1808,0.0953288846520496,-0.0490032780822432,"G1",0.490403071017274,5.89670940082996,"Bridge","TGACGCGGTGTTACAC_3",0.0241648755898093,1.41285329276313,10.3886888746064
"TGTCCCATCGTCAACA_3",13810,3023.74085900003,1884,0.116279069767442,-0.140458201417622,"G1",0.583493282149712,6.81269785407645,"Bridge","TGTCCCATCGTCAACA_3",0.450549384199581,1.51306074076881,10.8206455946977
"TTGCGTCTCCGTGTCT_3",13810,3252.15725079993,2239,0.045045045045045,-0.140054254456518,"G1",0.432821497120921,17.9783374812208,"Chromaffin cells","TTGCGTCTCCGTGTCT_3",3.17602463587423,8.95398413354148,18.246335208492
"TTGTTGTAGCTGACTT_3",13810,3284.07993659985,2482,0.203779177473138,-0.13468242702061,"G1",0.719769673704415,4.87457700671496,"Bridge","TTGTTGTAGCTGACTT_3",-0.8638703025947,1.18020569497336,9.48414939022531
"AAACCCATCCTACGGG_4",14933,3736.23503090013,3036,0.0630914826498423,-0.0628875561209372,"G1",0.861804222648752,8.82593622073063,"Connecting progenitor cells","AAACCCATCCTACGGG_4",1.81574221476217,1.47641544753303,11.8820056478379
"AAAGAACTCATTGTGG_4",14933,3253.2727523001,2258,0.0697999069334574,-0.0715489650199837,"G2M",0.744721689059501,9.62674177903027,"Connecting progenitor cells","AAAGAACTCATTGTGG_4",2.44199534281393,1.58100365811576,12.2634712990312
"AAAGAACTCCGGACTG_4",14933,3412.10904919992,2323,0.168431183830606,-0.0508162400969335,"G1",0.973128598848369,2.48159497795857,"Bridge","AAAGAACTCCGGACTG_4",-2.37152592316965,1.86808907204856,7.9540967084772
"AACCACATCAAGTCGT_4",14933,3091.39581880007,1872,0.344287949921753,-0.0360037315940654,"G1",0.562380038387716,9.86827230601896,"Connecting progenitor cells","AACCACATCAAGTCGT_4",3.04793759211203,2.54182743245353,13.1009220995812
"AACCACATCGTACCTC_4",14933,3969.07146369985,3607,0.024090580582992,-0.0303844448041646,"G1",0.991362763915547,3.84291114433605,"SCPs","AACCACATCGTACCTC_4",-6.40176467076639,1.99222850018729,3.90575729881989
"AACTTCTAGCTATCTG_4",14933,3655.16785699993,2664,0.141843971631206,0.0038185223651945,"S",0.567178502879079,13.6056505410423,"Connecting progenitor cells","AACTTCTAGCTATCTG_4",3.53698845728537,-0.0125034529567805,NA
"AACTTCTCAGTCGGAA_4",14933,3279.99159529988,1995,0.192061459667093,-0.087049430530125,"G2M",0.477927063339731,14.7023997024422,"Neuroblasts","AACTTCTCAGTCGGAA_4",4.03728218897482,-1.83376015013467,NA
"AAGACAACATGGCTAT_4",14933,3122.08904719995,1804,0.070871722182849,-0.0168754586978211,"G2M",0.629558541266795,14.7023998896023,"Neuroblasts","AAGACAACATGGCTAT_4",4.03620835169455,-1.92862976378213,NA
"AAGACTCAGATGAAGG_4",14933,2898.8126613,1590,0.122399020807834,0.0583026493036013,"S",0.433781190019194,9.72183593331048,"Connecting progenitor cells","AAGACTCAGATGAAGG_4",3.05451174601217,1.57201992684592,12.5794019019805
"ACAAAGATCGGTCTGG_4",14933,2964.2757596999,1639,0.16246953696182,-0.101005940273829,"G1",0.396353166986564,15.5259594973559,"Neuroblasts","ACAAAGATCGGTCTGG_4",4.52730770929953,-2.22496259993325,NA
"ACAGGGAAGCCTGGAA_4",14933,3630.03959860015,2834,0.124688279301746,-0.0507132422685686,"G1",0.81957773512476,13.8154997465747,"Chromaffin cells","ACAGGGAAGCCTGGAA_4",2.19465919359823,5.4233192127346,15.6101961140099
"ACATCGAAGCCATCCG_4",14933,3582.69510390004,2593,0.0208073241781107,-0.0649291654899576,"G1",0.422264875239923,17.5813418208089,"Neuroblasts","ACATCGAAGCCATCCG_4",4.46177168711325,-3.76189864462624,NA
"ACATCGAAGGGATCTG_4",14933,3188.75944569995,1964,0.0303490136570561,-0.02162499302005,"G2M",0.584452975047985,9.65185574679248,"Connecting progenitor cells","ACATCGAAGGGATCTG_4",2.8030442796578,2.12745367699851,12.7532733761532
"ACATGCAAGAGGTGCT_4",14933,3581.4481003999,2511,0.0442282176028306,0.0264128184934219,"S",0.606525911708253,10.4087151893832,"Chromaffin cells","ACATGCAAGAGGTGCT_4",3.04016729220053,3.13144146615256,13.530848395688
"ACATGCAAGCGCGTTC_4",14933,3392.88146539994,2281,0.098255956767379,-0.130984259354003,"G1",0.683301343570058,9.62674215335059,"Connecting progenitor cells","ACATGCAAGCGCGTTC_4",2.57569857462545,1.51213788205375,12.306297870014
"ACCAACAAGTTGTAGA_4",14933,3332.25037529996,2148,0.0537489922063961,-0.105644148539351,"G2M",0.662188099808061,11.1730089523633,"Connecting progenitor cells","ACCAACAAGTTGTAGA_4",3.30601068361898,1.34518932515372,12.5794019019805
"ACGGTCGCACAGTATC_4",14933,3203.65442710006,1982,0.123114804555248,-0.055569824762187,"G2M",0.928023032629559,1.86205289599758,"Bridge","ACGGTCGCACAGTATC_4",-3.01644162312845,1.77412437611808,7.29695177658157
"ACGTACAAGGTGATAT_4",14933,3573.7947219801,3165,0.0391696043869957,-0.147595286882491,"G1",0.986564299424184,5.48172353488975,"Bridge","ACGTACAAGGTGATAT_4",-0.451445548243323,1.55313193017234,9.9516628495823
"ACTATTCAGGCTCCCA_4",14933,3731.12348320007,2789,0.0201369311316955,0.133271648694452,"S",0.993282149712092,2.56520158142271,"SCPs","ACTATTCAGGCTCCCA_4",-6.03456715718607,1.82747887784232,4.28641925301913
"ACTCCCATCGGCTGTG_4",14933,2945.90285790007,1682,0.0382409177820268,-0.0341289668045338,"G2M",0.910748560460653,1.85143132108804,"Bridge","ACTCCCATCGGCTGTG_4",-3.18718961850504,1.59681343251456,7.1412367841342
"ACTTAGGCAACGCATT_4",14933,3191.02405229995,1970,0.0931098696461825,0.00183503948613334,"S",0.301343570057582,13.8861623262111,"Connecting progenitor cells","ACTTAGGCAACGCATT_4",3.69027348383566,-0.520773537814721,NA
"ACTTTGTGTTGCTCGG_4",14933,3015.57207280006,1690,0.153964588144727,0.0425322506737262,"S",0.809021113243762,9.72183649479096,"Connecting progenitor cells","ACTTTGTGTTGCTCGG_4",2.92642422541281,1.29901146107902,12.395194519116
"AGAACAACATCGTTCC_4",14933,3167.55670460004,2087,0.0749250749250749,-0.0371111108550691,"G1",0.564299424184261,10.8608726719046,"Chromaffin cells","AGAACAACATCGTTCC_4",2.96746583803793,3.86002718621482,14.1138040626937
"AGAACAATCAAGTCTG_4",14933,3916.64960647978,3340,0.161836104163602,-0.120274382908273,"G1",0.663147792706334,12.3423309333431,"Connecting progenitor cells","AGAACAATCAAGTCTG_4",2.83492346628805,-0.321092315375909,NA
"AGACCATAGGCAGGGA_4",14933,3377.52042700008,2229,0.0780843310775638,-0.0339702329780384,"G1",0.953934740882918,6.52911937986571,"SCPs","AGACCATAGGCAGGGA_4",-8.35458926335672,2.04487358742942,1.94522843771325
"AGAGAGCGTAACGTTC_4",14933,3736.06554340004,2962,0.0495376486129458,-0.0671168306923525,"G1",0.531669865642994,12.9602687778667,"Connecting progenitor cells","AGAGAGCGTAACGTTC_4",3.46252270563742,-0.860756047427758,NA
"AGAGAGCGTAGCGCTC_4",14933,2784.05154830003,1537,0.156372165754496,0.0566193398575556,"S",0.476967370441459,11.29241807651,"Connecting progenitor cells","AGAGAGCGTAGCGCTC_4",2.49612255915304,-0.193455227077111,NA
"AGCTACACAGGCCCTA_4",14933,3941.58177449995,3458,0.0387296669248645,-0.0363821152475367,"G1",0.509596928982726,17.0609362812199,"Neuroblasts","AGCTACACAGGCCCTA_4",4.46816178187033,-4.4129582721592,NA
"AGGATAACACTGGCGT_4",14933,3370.25807119991,2237,0.149551345962114,-0.110478157003913,"G1",0.832053742802303,9.72183668195112,"Connecting progenitor cells","AGGATAACACTGGCGT_4",3.12823077067038,1.45578025990714,12.5525486990497
"AGGATCTCAAGCGCAA_4",14933,3416.24522460006,2323,0.120221207020918,-0.0745531810170936,"G1",0.579654510556622,11.1730097010039,"Connecting progenitor cells","AGGATCTCAAGCGCAA_4",3.23040409907003,0.970961354315177,NA
"AGGTGTTCAAACTCTG_4",14933,3810.33439479981,2904,0.178699070764832,-0.0884135875448406,"G1",0.961612284069098,6.36853576374605,"SCPs","AGGTGTTCAAACTCTG_4",-8.91064433232645,2.36348497086753,1.33999221106378
"AGGTTACTCGATAACC_4",14933,3340.39800869996,2158,0.0798934753661784,-0.0700322253708662,"G1",0.952975047984645,5.53285519417465,"SCPs","AGGTTACTCGATAACC_4",-7.6767433084617,2.58165501767387,2.4605899371712
"AGGTTGTCAGATGCGA_4",14933,4021.09566040007,4096,0.0273672687465791,-0.131713617154567,"G1",0.917466410748561,5.32981504801791,"Bridge","AGGTTGTCAGATGCGA_4",-0.431148158765831,1.41011189633597,9.94396220408434
"AGTGACTGTTAAACAG_4",14933,3761.34297069987,2928,0.0679925208227095,-0.108781976787128,"G1",0.966410748560461,6.39702866676783,"SCPs","AGTGACTGTTAAACAG_4",-8.5798252023826,2.45859169179191,1.64948323846818
"AGTGTTGGTAGCTGCC_4",14933,2946.63390510004,1632,0.155098875533152,-0.116503000905785,"G1",0.712092130518234,11.1730104496445,"Connecting progenitor cells","AGTGTTGGTAGCTGCC_4",3.31648679598471,1.1096652072071,12.4123100310674
"AGTTAGCCAAATAGCA_4",14933,2946.22951279993,1659,0.188040616773223,-0.109377805564456,"G1",0.481765834932821,11.2979449476406,"Connecting progenitor cells","AGTTAGCCAAATAGCA_4",3.1662308774819,0.563065923392669,NA
"ATACCGAAGTCACGCC_4",14933,3052.84592680003,1739,0.151457781143506,0.180268559575018,"S",0.596928982725528,11.1730106368047,"Connecting progenitor cells","ATACCGAAGTCACGCC_4",3.25444050654074,1.0276167910694,12.405393969399
"ATACCTTAGTGCAGCA_4",14933,3786.37200729999,3048,0.109323754490083,0.0313842572086727,"S",0.976967370441459,4.80016805231791,"SCPs","ATACCTTAGTGCAGCA_4",-7.32529429570536,2.18835806065787,2.90220931093991
"ATCCATTAGAGAGAAC_4",14933,3526.00147539989,2417,0.154593639575972,-0.0429841548300613,"G1",0.957773512476008,4.38431166894327,"SCPs","ATCCATTAGAGAGAAC_4",-7.36835364476542,1.94734346085776,2.92915276010785
"ATCCATTTCCTCATAT_4",14933,3532.69163270014,2632,0.135711516091508,-0.0757435305120674,"G1",0.664107485604607,6.69015452944085,"Bridge","ATCCATTTCCTCATAT_4",0.613466700159511,1.78398763352622,11.0772602044107
"ATCCCTGTCCACAGGC_4",14933,3592.84351960012,2933,0.0434530706836616,0.193965151488707,"S",0.483685220729367,15.0798323892526,"Neuroblasts","ATCCCTGTCCACAGGC_4",4.1499201856484,-2.99880159682046,NA
"ATCGTGAGTTACAGCT_4",14933,3553.89783069993,2740,0.0527148128624143,-0.117930850995627,"G2M",0.833973128598848,5.48172390921007,"Bridge","ATCGTGAGTTACAGCT_4",-0.51933646053771,1.83765267544974,9.92346420859599
"ATCTCTATCATGAGAA_4",14933,3521.26553489994,2586,0.0595710881652105,-0.00963670715756881,"G1",0.9021113243762,6.47562257788715,"SCPs","ATCTCTATCATGAGAA_4",-8.85228709355692,2.11992155724753,1.43497955349673
"ATGACCATCGTAACAC_4",14933,3201.89568700007,1988,0.121102028458977,-0.0109539191077759,"G2M",0.759117082533589,9.71471652174361,"Connecting progenitor cells","ATGACCATCGTAACAC_4",2.7813431821694,2.0626127641796,12.7271572118796
"ATGAGTCGTTCCTACC_4",14933,3443.08777379995,2522,0.104690117252931,-0.101031480974235,"G1",0.799424184261036,9.92981407117608,"Connecting progenitor cells","ATGAGTCGTTCCTACC_4",2.46528859957357,2.65867220574607,12.9556361810273
"ATGGAGGTCATGAGTC_4",14933,3276.89069569992,2033,0.149790293588975,-0.0247998742616515,"G1",0.893474088291747,6.52152746345957,"SCPs","ATGGAGGTCATGAGTC_4",-8.02873877660135,2.42051481419791,2.17729806303593
"ATGGGTTGTCGGTAAG_4",14933,3464.22407900009,2330,0.0696378830083565,-0.0747667383228019,"G1",0.985604606525912,3.83431499969011,"SCPs","ATGGGTTGTCGGTAAG_4",-6.55304268971781,2.19266223126639,3.72188597701391
"ATTACTCTCACTCACC_4",14933,3116.26953049996,1774,0.115295926210607,-0.012032853121102,"G2M",0.418426103646833,15.487138268888,"Neuroblasts","ATTACTCTCACTCACC_4",4.41218443735739,-1.87516344374429,NA
"ATTCACTAGCCTAACT_4",14933,3256.28608619995,2024,0.0889943636902996,-0.0392067084733786,"G1",0.980806142034549,3.90228440313955,"SCPs","ATTCACTAGCCTAACT_4",-6.81619052068094,1.89622496777763,3.48634327917746
"ATTCACTAGTCAACAA_4",14933,2789.39688249997,1456,0.316312697695436,0.00662675910648811,"S",0.752399232245681,1.66987626822735,"Bridge","ATTCACTAGTCAACAA_4",-3.58001212254862,1.67049180680503,6.73945815736508
"ATTCCCGTCTGGGTCG_4",14933,3180.41293999995,1849,0.0345781466113416,0.0445769791664482,"S",0.994241842610365,3.73714856423942,"SCPs","ATTCCCGTCTGGGTCG_4",-6.37669209615091,1.84723245316733,3.94330356729647
"ATTCCTAAGTCTTCGA_4",14933,3282.04072890001,2056,0.144508670520231,-0.132031619792982,"G1",0.984644913627639,1.73482973218046,"SCPs","ATTCCTAAGTCTTCGA_4",-5.43720177785257,1.68133758717765,4.89044319794877
"ATTCCTATCCGCCTAT_4",14933,1978.80127280001,795,0,-0.0740885064668015,"G2M",0.516314779270633,14.7024002639227,"Neuroblasts","ATTCCTATCCGCCTAT_4",4.16743155344625,-2.17415560072671,NA
"CAACCTCAGAAGCTGC_4",14933,3891.84127560016,3214,0.09938946471674,-0.101461472973024,"G1",0.977927063339731,6.51700677371995,"SCPs","CAACCTCAGAAGCTGC_4",-8.31136016026834,2.28870474511375,1.93731277479541
"CAACGGCGTCTGTGTA_4",14933,3188.38192210008,2002,0.11444921316166,-0.0966769415353648,"G1",0.332053742802303,17.4938710564378,"Neuroblasts","CAACGGCGTCTGTGTA_4",4.09859915598532,-4.60704053229104,NA
"CAATCGAGTCCAGCCA_4",14933,4025.77184305994,4351,0.049842166472836,-0.0871762360457343,"G1",0.852207293666027,11.2291228360542,"Connecting progenitor cells","CAATCGAGTCCAGCCA_4",2.06825729235312,3.53612958604087,13.5527727733249
"CACTTCGAGTGATGGC_4",14933,3793.64710119994,2732,0.236813778256189,-0.0129907263583309,"G2M",0.927063339731286,1.58754012939357,"SCPs","CACTTCGAGTGATGGC_4",-5.23152522221903,1.42068558150519,5.12969922477515
"CAGATCAGTCCAGGTC_4",14933,3893.99799029016,4151,0.0172117039586919,-0.0500712478208067,"G1",0.851247600767754,5.96413242077847,"Bridge","CAGATCAGTCCAGGTC_4",0.281684657179317,1.07866292411079,10.5301646985512
"CAGGCCAGTGCCCGTA_4",14933,3224.93601370002,2082,0.0530926466684364,-0.0827362173326982,"G1",0.851247600767754,6.4650251791243,"SCPs","CAGGCCAGTGCCCGTA_4",-8.75135211125711,2.19814800435294,1.52330182979321
"CAGGTATTCTCCAATT_4",14933,3479.01277999999,2683,0.0505902192242833,-0.0330795114749922,"G1",0.935700575815739,5.57842751580622,"Bridge","CAGGTATTCTCCAATT_4",-0.302346283949413,1.4973822157978,10.0871913240164
"CATCCCAAGGGCAGTT_4",14933,3148.20319510009,2005,0.137098985467508,0.0301272398471354,"S",0.841650671785029,7.0112134693002,"Connecting progenitor cells","CATCCCAAGGGCAGTT_4",0.927291949831448,1.97369550877799,11.454808822201
"CATGCGGCAAGAGTAT_4",14933,3481.55204149993,2333,0.0748502994011976,-0.113757110375178,"G1",0.481765834932821,13.6056520383235,"Connecting progenitor cells","CATGCGGCAAGAGTAT_4",3.4348220430245,0.216254405319587,NA
"CATGGATTCTTTCCGG_4",14933,3086.76913010009,1873,0.093984962406015,0.00388733294848068,"S",0.922264875239923,5.08386250617742,"SCPs","CATGGATTCTTTCCGG_4",-7.0552251733909,2.34460138493766,3.12334458292702
"CATTCTAAGACAGCTG_4",14933,3282.12515490007,2128,0.159616919393456,0.0319374502779336,"S",0.432821497120921,9.72183743059176,"Connecting progenitor cells","CATTCTAAGACAGCTG_4",3.16226216181417,1.65426694566001,12.6338250860753
"CATTCTAGTCGTGGTC_4",14933,2759.529129,1471,0.043308791684712,-0.113582930435509,"G1",0.472168905950096,10.4448493652159,"Connecting progenitor cells","CATTCTAGTCGTGGTC_4",2.74283810480734,3.10532557183494,13.4242341209147
"CATTGTTAGTATGACA_4",14933,3227.92930239998,1971,0.0619195046439629,-0.018264323066524,"G1",0.489443378119002,11.173012134086,"Connecting progenitor cells","CATTGTTAGTATGACA_4",3.17874570711752,0.996797881662742,12.3516825172454
"CATTTCATCAAGTGTC_4",14933,3201.30829170009,2007,0.0880023467292461,-0.0696859629448356,"G1",0.649712092130518,9.62674402495218,"Connecting progenitor cells","CATTTCATCAAGTGTC_4",2.59823175295492,1.00681938940276,12.0567268717618
"CCAATTTAGTGAGGCT_4",14933,2987.63166119997,1848,0.122511485451761,-0.103411911538991,"G2M",0.820537428023033,8.31203758163508,"Connecting progenitor cells","CCAATTTAGTGAGGCT_4",2.15867467745443,1.95631539040794,12.3382921471471
"CCATAAGTCGGTTGTA_4",14933,4179.54457904989,5547,0.0455811597872879,-0.160550751565109,"G1",0.810940499040307,12.7871821288574,"Connecting progenitor cells","CCATAAGTCGGTTGTA_4",1.54317208155294,4.55528079682578,14.5968354520709
"CCCGGAAAGCCATTTG_4",14933,3844.976291,3113,0.0622761949244901,-0.070192608432983,"G2M",0.922264875239923,6.52912068998683,"SCPs","CCCGGAAAGCCATTTG_4",-8.90532473698954,1.91422902756919,1.41408474164955
"CCCTAACTCTCATGCC_4",14933,3386.11713530002,2173,0.192096597145993,-0.0571069689641718,"G2M",0.973128598848369,6.37428006773719,"SCPs","CCCTAACTCTCATGCC_4",-8.94615058080057,2.33082377129783,1.3099096298037
"CCGATGGCAACACAAA_4",14933,3603.42727249984,2988,0.0757002271006813,-0.0415213114521574,"G1",0.632437619961612,12.7670449192885,"Chromaffin cells","CCGATGGCAACACAAA_4",2.19261189325949,4.98007857018699,15.1315093143536
"CCGCAAGTCATTGGTG_4",14933,3483.03412430004,2561,0.0386100386100386,-0.13788279142436,"G1",0.851247600767754,2.98983119866222,"Bridge","CCGCAAGTCATTGGTG_4",-1.72838405743937,1.77951323205222,8.62471790683772
"CCGGTGATCTCACCCA_4",14933,3687.03089180015,2842,0.0840618695359785,-0.13497771329444,"G1",0.914587332053743,6.47455851150652,"SCPs","CCGGTGATCTCACCCA_4",-8.38126830235819,2.94809662514915,1.74950196489263
"CGCAGGTAGCCGTTGC_4",14933,3163.55787189991,1901,0.130890052356021,-0.0390469123710637,"G1",0.624760076775432,9.74304166563727,"Connecting progenitor cells","CGCAGGTAGCCGTTGC_4",3.17912073954245,1.56809812003364,12.5794019019805
"CGCCATTAGGTATAGT_4",14933,3566.12630629985,2418,0.0752823086574655,-0.0165114723393909,"G1",0.758157389635317,10.6250385966706,"Connecting progenitor cells","CGCCATTAGGTATAGT_4",3.0311584077706,2.75537263566245,13.2747652015086
"CGGCAGTGTTCGCGTG_4",14933,3894.75426302014,3071,0.0971502590673575,-0.0394399960436197,"G1",0.936660268714012,6.42514455773521,"SCPs","CGGCAGTGTTCGCGTG_4",-8.834347525991,2.25778066331138,1.43158428414208
"CGGCAGTTCTACTGCC_4",14933,3340.42686679995,2415,0.0595710881652105,-0.0885161515844606,"G1",0.771593090211132,12.7846790664196,"Chromaffin cells","CGGCAGTTCTACTGCC_4",1.91569538935324,4.69843041115989,14.8033341012468
"CGTAAGTGTAGTCGTT_4",14933,3177.83699499989,1928,0.128040973111396,-0.0369281614571325,"G1",0.67274472168906,7.85013570657992,"Bridge","CGTAAGTGTAGTCGTT_4",1.691132029139,2.07695423775901,12.1152659949859
"CGTGAATCACAAAGTA_4",14933,2944.86607430006,1650,0.11472275334608,-0.0850833889259663,"G1",0.661228406909789,9.62674458643266,"Connecting progenitor cells","CGTGAATCACAAAGTA_4",2.80558129175802,1.14587091618766,12.2311843933308
"CGTTAGAGTATGTGTC_4",14933,3298.08606240004,2192,0.146163215590743,-0.0532602693560278,"G1",0.796545105566219,4.69983471971243,"Neuroblasts","CGTTAGAGTATGTGTC_4",-0.564040678001442,-0.515758999049768,NA
"CTAAGTGAGAGTCGAC_4",14933,3652.55067610007,3145,0.0688325991189427,-0.026437326640182,"G1",0.734165067178503,12.3029468953751,"Chromaffin cells","CTAAGTGAGAGTCGAC_4",1.96105953081747,4.2462590854763,14.285125760533
"CTCAATTTCCATGATG_4",14933,3121.67730359994,2176,0.0877963125548727,-0.000839382641473249,"G2M",0.653550863723608,11.2011160667193,"Chromaffin cells","CTCAATTTCCATGATG_4",2.4776322446694,3.80722510033836,13.9522859784547
"CTCATCGGTGCTCGTG_4",14933,3605.85748049985,2383,0.101936799184506,-0.129242637723146,"G1",0.940499040307102,3.76632053425533,"SCPs","CTCATCGGTGCTCGTG_4",-6.4842121996055,1.98079191857566,3.82461138293868
"CTCATTATCCAACTGA_4",14933,2782.41433549994,1609,0.0677966101694915,-0.127179107536771,"G1",0.750479846449136,14.3107932801854,"Chromaffin cells","CTCATTATCCAACTGA_4",2.84156390055319,5.45403515511741,15.5713820788623
"CTCCTCCGTACACGCC_4",14933,3582.93537829992,2854,0.0645994832041344,-0.0536925959332513,"G1",0.763915547024952,9.32163080679343,"Connecting progenitor cells","CTCCTCCGTACACGCC_4",2.82506390436789,1.65001296216239,12.5026878427698
"CTGCAGGGTATTTCTC_4",14933,3132.68509570001,1875,0.230794592812397,0.00322975783941057,"S",0.339731285988484,17.8701900158971,"Neuroblasts","CTGCAGGGTATTTCTC_4",4.89178629740377,-3.53911841696511,NA
"CTGCGAGGTACAGAAT_4",14933,3305.15400139992,2119,0.081366965012205,-0.00153617705422973,"G1",0.939539347408829,6.42337615037101,"SCPs","CTGCGAGGTACAGAAT_4",-8.9446580804954,2.20634388142814,1.3304575241399
"CTGGCAGGTGCATTAC_4",14933,3363.94762040004,2648,0.0496195831955012,-0.0906734282415403,"G2M",0.783109404990403,12.3138815025573,"Chromaffin cells","CTGGCAGGTGCATTAC_4",2.41003127916952,4.4512983482479,14.5826170328502
"CTGTAGAGTCTACAAC_4",14933,3071.35422430005,1857,0.0633111744222855,-0.0879611546168747,"G1",0.534548944337812,8.79719009076039,"Connecting progenitor cells","CTGTAGAGTCTACAAC_4",1.88688798769613,1.48293726855506,11.9013562119421
"CTGTATTCATGACGTT_4",14933,2909.19360260001,1610,0.115517905275318,0.145246624955846,"S",0.878119001919386,6.52912087714699,"SCPs","CTGTATTCATGACGTT_4",-8.6765048898826,2.04529046231498,1.62235120342776
"CTGTATTTCATCTACT_4",14933,3532.37292630011,2568,0.122124974557297,-0.059530910471976,"G1",0.448176583493282,12.3941446843589,"Connecting progenitor cells","CTGTATTTCATCTACT_4",3.23706003054281,0.201915017902747,NA
"CTTCGGTAGTAGGGTC_4",14933,2984.68915309998,1655,0.241837968561064,-0.0916688008856244,"G1",0.583493282149712,11.3642088297238,"Connecting progenitor cells","CTTCGGTAGTAGGGTC_4",2.74282284601828,0.787003002703086,12.0567268717618
"GAACTGTAGAAGAACG_4",14933,2918.55478339995,1560,0.0863185153215365,0.00783980514120482,"S",0.705374280230326,15.1786209793968,"Neuroblasts","GAACTGTAGAAGAACG_4",4.35633440836569,-2.48239529913674,NA
"GAAGGGTCACGTTCGG_4",14933,3484.70844700005,2286,0.129971406290616,-0.0507119431592806,"G2M",0.309021113243762,17.6064006761615,"Neuroblasts","GAAGGGTCACGTTCGG_4",4.60459824427267,-2.91065705603372,NA
"GAATCGTGTGCACATT_4",14933,3601.12832600009,2843,0.06732873253661,-0.0876958503118665,"G2M",0.810940499040307,4.69983490687259,"Neuroblasts","GAATCGTGTGCACATT_4",-0.474193582690754,-0.739937432468041,NA
"GACACGCAGTGTAGAT_4",14933,3347.78886869988,2109,0.117370892018779,-0.00554240951178037,"G1",0.489443378119002,11.1730130698868,"Connecting progenitor cells","GACACGCAGTGTAGAT_4",3.25193377360006,1.15448813849677,12.405393969399
"GACGCTGTCTTGAGCA_4",14933,2910.75582180001,1516,0.141176470588235,0.0745216088269471,"S",0.853166986564299,4.0545636221888,"SCPs","GACGCTGTCTTGAGCA_4",-6.78354815617899,1.53888171130408,3.5865557897284
"GACGTTAGTCTTGTCC_4",14933,3642.71096329992,2736,0.110864745011086,0.014773003921257,"S",0.769673704414587,8.57206498903008,"Connecting progenitor cells","GACGTTAGTCTTGTCC_4",1.77276559694906,1.70290290528525,11.9539365418439
"GACTATGTCTGCGAGC_4",14933,3153.66376830009,1820,0.0710732054015636,0.0349780183644662,"S",0.829174664107486,12.5249763531962,"Connecting progenitor cells","GACTATGTCTGCGAGC_4",2.47448321207663,-1.387530096233,NA
"GAGAGGTTCCGGACTG_4",14933,3257.03858650005,1991,0.0295333727111636,-0.0279055559204469,"G1",0.945297504798465,6.44332335736942,"SCPs","GAGAGGTTCCGGACTG_4",-8.68985919133524,2.2846940677761,1.5696672835373
"GAGCTGCCAAAGAGTT_4",14933,3375.14946540012,2357,0.0669642857142857,-0.00219111871910108,"G1",0.556621880998081,7.86051912502414,"Connecting progenitor cells","GAGCTGCCAAAGAGTT_4",1.27587862833639,1.54112415724982,11.5317043533523
"GAGGCCTAGCATCGAG_4",14933,2122.0758854,891,0.168918918918919,0.132826701906696,"S",0.228406909788868,15.7986030163341,"Neuroblasts","GAGGCCTAGCATCGAG_4",5.42192097529074,-2.1057781059147,NA
"GAGGCCTGTATCCTTT_4",14933,4501.91046250024,5420,0.0422169953561305,-0.00913988756573325,"G1",0.985604606525912,1.4499217235171,"SCPs","GAGGCCTGTATCCTTT_4",-5.12051324025492,1.53463577443351,5.22407870690657
"GAGGGATGTGAGTAAT_4",14933,3550.81970990009,2486,0.151613601906,0.000305138921734185,"S",0.979846449136276,1.75165792413106,"SCPs","GAGGGATGTGAGTAAT_4",-5.45126322881083,1.6813369911312,4.87651023376114
"GAGTGAGGTACTTCCC_4",14933,3235.51360210002,2084,0.135795763172189,-0.0542210601583861,"G1",0.794625719769674,11.7543493523549,"Chromaffin cells","GAGTGAGGTACTTCCC_4",2.61681886538168,4.04852973633994,14.2124679797044
"GAGTGAGTCTGAACGT_4",14933,3093.52509540007,2003,0.154838709677419,-0.0467506874021938,"G1",0.77063339731286,12.4009588431825,"Chromaffin cells","GAGTGAGTCTGAACGT_4",2.85829134806295,4.4169965904354,14.5946296256402
"GAGTGTTAGTGATAAC_4",14933,3736.00838749988,3352,0.0255069506440505,-0.00977846084012712,"G1",0.937619961612284,5.99773493424724,"Bridge","GAGTGTTAGTGATAAC_4",0.0352934800018881,1.71737765485038,10.4909127672482
"GATCATGGTTACCCAA_4",14933,3570.01200479996,2435,0.0932835820895522,-0.0421600140105227,"G1",0.952015355086372,4.91419851270836,"SCPs","GATCATGGTTACCCAA_4",-7.60272673741678,2.3676756542324,2.58505818105939
"GATGAGGTCGAAGAAT_4",14933,3783.93726060019,3085,0.0463750193229247,-2.24395946869238e-05,"G1",0.755278310940499,6.70233941307936,"Bridge","GATGAGGTCGAAGAAT_4",0.856044133745632,1.4699357073902,11.1616370380852
"GATTCGATCGGTGTAT_4",14933,3471.57342599983,2721,0.0354107648725212,-0.112289060220094,"G1",0.707293666026871,11.5300109734711,"Chromaffin cells","GATTCGATCGGTGTAT_4",2.43759437426229,3.99879419022788,14.1281813592281
"GATTTCTAGTCCTACA_4",14933,2943.32896970004,1666,0.0751032669921142,-0.0844107112200578,"G1",0.666986564299424,11.1730138185274,"Connecting progenitor cells","GATTTCTAGTCCTACA_4",3.36516853197714,1.12980198079337,12.459283000381
"GCATCGGTCGTGACTA_4",14933,3676.24399799992,2846,0.0181323662737987,-0.110694641829733,"G1",0.614203454894434,11.2167095943676,"Connecting progenitor cells","GCATCGGTCGTGACTA_4",2.49641176088949,3.93412958794822,14.0786203251243
"GCCCAGATCTGCGGAC_4",14933,3388.4834468001,2371,0.0224719101123595,-0.0378606666394499,"G1",0.559500959692898,11.1730141928477,"Connecting progenitor cells","GCCCAGATCTGCGGAC_4",3.21523042544027,1.12535189801444,12.405393969399
"GCCGATGAGCTGACTT_4",14933,3294.61501189996,2039,0.147972773009766,-0.0668828419049874,"G1",0.970249520153551,3.9908416826909,"SCPs","GCCGATGAGCTGACTT_4",-6.56072549001078,1.80501841717948,3.76081971096272
"GCCGTGAAGTCAATCC_4",14933,2254.0679156,984,0.300751879699248,0.0100574364383053,"S",0.508637236084453,11.1730145671681,"Connecting progenitor cells","GCCGTGAAGTCAATCC_4",3.5676037870278,0.791093922793761,NA
"GCCTGTTGTCCAATCA_4",14933,3162.94558520006,2015,0.0570450656018254,-0.0250734785161287,"G1",0.666986564299424,8.59905345458764,"Connecting progenitor cells","GCCTGTTGTCCAATCA_4",1.75753279551168,1.68380760365714,11.9300214477434
"GCGAGAAAGGTATTGA_4",14933,3867.0750715201,3419,0.0777705767984446,-0.061278667923458,"G1",0.565259117082534,13.2660743620378,"Neuroblasts","GCGAGAAAGGTATTGA_4",3.75197573526999,-1.732216723621,NA
"GCTGGGTCATATCGGT_4",14933,3186.58228499993,1979,0.180831826401447,0.0929250002046928,"S",0.558541266794626,14.7024017612039,"Neuroblasts","GCTGGGTCATATCGGT_4",4.16125985010763,-2.3016039211155,NA
"GCTTCACGTCCTGGTG_4",14933,3469.9617195001,2380,0.0681663258350375,-0.0270360073730204,"G1",0.525911708253359,11.1006008236283,"Connecting progenitor cells","GCTTCACGTCCTGGTG_4",2.24459238871237,-0.334144719302758,NA
"GGAAGTGAGCCATGCC_4",14933,3925.41247439987,4018,0.067443877059447,-0.143701066200943,"G1",0.728406909788868,11.2291230232143,"Connecting progenitor cells","GGAAGTGAGCCATGCC_4",1.8034596048226,3.71276556664695,13.6501758661228
"GGCGTCAAGGAAGTGA_4",14933,3337.72042660008,2105,0.0283607487237663,0.0191156397719582,"S",0.949136276391555,2.65842210650867,"SCPs","GGCGTCAAGGAAGTGA_4",-6.20987776891092,1.75841998273124,4.11788340251358
"GGGACCTCATGTACGT_4",14933,2942.42624030001,1587,0.12970168612192,-0.0416544612110292,"G1",0.498080614203455,11.1730149414884,"Connecting progenitor cells","GGGACCTCATGTACGT_4",3.55587693079611,0.853031746685401,NA
"GGGACTCAGCCAGACA_4",14933,3268.99217540004,1975,0.33003300330033,-0.0105267304275776,"G2M",0.960652591170825,5.66682247438318,"SCPs","GGGACTCAGCCAGACA_4",-7.38679961339334,2.58656667882194,2.72749811227722
"GGGAGATGTCAGACTT_4",14933,3770.70684550017,2901,0.0351617440225035,-0.136721369967905,"G1",0.583493282149712,13.605653722765,"Connecting progenitor cells","GGGAGATGTCAGACTT_4",3.2897009454598,0.166809163629905,NA
"GGGATCCTCGCCTCTA_4",14933,3745.20996729991,3232,0.0259942812581232,-0.0513687301373433,"G1",0.82341650671785,8.88158298481675,"Connecting progenitor cells","GGGATCCTCGCCTCTA_4",1.44003637655874,1.52366309577216,11.6372899792573
"GGGCGTTCAACGGTAG_4",14933,3132.45876469993,2092,0.105180120957139,-0.0552155325081937,"G2M",0.833013435700576,3.02636577511116,"Bridge","GGGCGTTCAACGGTAG_4",-1.5796312488685,1.72843896561851,8.78250681671516
"GGGCTCAAGCTCCCTT_4",14933,3482.97108799992,2774,0.0657138163298834,-0.0666868046580864,"G1",0.856046065259117,6.05454155666944,"Bridge","GGGCTCAAGCTCCCTT_4",0.046115835749111,1.80179785901298,10.5270343132497
"GGGTATTAGATCGCTT_4",14933,3653.87013490002,2694,0.198846689202625,-0.0961685592136804,"G1",0.930902111324376,3.31447618231065,"Bridge","GGGTATTAGATCGCTT_4",-2.22993044034342,1.77761375123252,8.10711399958333
"GGGTCACGTACAGTTC_4",14933,3522.04218010013,2620,0.0795544948289578,-0.0668163947387403,"G1",0.904030710172745,4.03887086817005,"Bridge","GGGTCACGTACAGTTC_4",-1.22807035819391,1.24381851369132,9.1289427936943
"GGGTCTGTCCACAGGC_4",14933,3044.04479430006,1722,0.192381685263563,-0.130561173775921,"G1",0.513435700575816,15.5834170400106,"Neuroblasts","GGGTCTGTCCACAGGC_4",5.20538254603048,-2.06087959593545,NA
"GGGTGTCAGTAAGAGG_4",14933,3472.30424689991,2396,0.0470256289677874,-0.0237680729856482,"G2M",0.658349328214971,10.4696530490741,"Connecting progenitor cells","GGGTGTCAGTAAGAGG_4",2.88919230326315,2.92234670335044,13.3178387846848
"GGGTTATCACATAGCT_4",14933,2981.6250477,1868,0.115506786023679,-0.125584753686205,"G1",0.739923224568138,13.4931285757151,"Chromaffin cells","GGGTTATCACATAGCT_4",1.71258922442099,5.31837641412009,15.5575395872986
"GTACAGTGTGTACATC_4",14933,3130.7467848,1886,0.0624414611301905,-0.0753602502658946,"G1",0.555662188099808,10.6371743018768,"Connecting progenitor cells","GTACAGTGTGTACATC_4",3.00165673121115,2.75223218613853,13.2614995962809
"GTAGCTAGTATGCTAC_4",14933,3445.70219750006,2261,0.2360346184107,-0.0515774573141282,"G1",0.408829174664108,15.4569619225437,"Neuroblasts","GTAGCTAGTATGCTAC_4",4.44825287684103,-1.98573888129006,NA
"GTAGGTTCATCGTCCT_4",14933,3884.23754093987,3400,0.051440329218107,-0.149791700951451,"G1",0.955854126679463,6.42576697497599,"SCPs","GTAGGTTCATCGTCCT_4",-9.04723338261942,2.14822148495902,1.23682748194029
"GTAGTACAGCCTGCCA_4",14933,4001.20234550015,3838,0.051376900945335,-0.128455339761751,"G1",0.939539347408829,6.52912162578762,"SCPs","GTAGTACAGCCTGCCA_4",-8.58570365086893,1.9706185978054,1.72907425739715
"GTATTTCAGGCATCTT_4",14933,3377.66392520002,2492,0.135004821600771,-0.0453712645493545,"G1",0.818618042226487,6.65621866249646,"Bridge","GTATTTCAGGCATCTT_4",0.639243444048366,1.65805291348685,11.0465132514391
"GTATTTCCAACTTCTT_4",14933,3207.60658640008,2092,0.0258064516129032,-0.0893293993901074,"G1",0.966410748560461,5.5112227487388,"SCPs","GTATTTCCAACTTCTT_4",-7.72172526494364,2.67181955987205,2.39281861351769
"GTCACTCCACAATTCG_4",14933,3648.69484120012,2596,0.151253241140882,-0.056864473523561,"G2M",0.971209213051823,2.49384654186191,"SCPs","GTCACTCCACAATTCG_4",-5.61600665227274,1.70451914483298,4.71114451688871
"GTCATTTTCCCATACC_4",14933,3897.21703829977,3319,0.0933457794372583,-0.1349719627667,"G1",0.956813819577735,6.52098429702594,"SCPs","GTCATTTTCCCATACC_4",-8.85425929204325,2.00320886784782,1.45091355725521
"GTCCACTAGCTACGTT_4",14933,3410.51888580009,2773,0.142517814726841,-0.0372372099602988,"G1",0.754318618042226,13.5923795244347,"Chromaffin cells","GTCCACTAGCTACGTT_4",1.92764421328207,4.9955300014614,15.1497543674517
"GTCCTCAAGAGATGCC_4",14933,3247.21286359986,1990,0.119617224880383,-0.0962236512237826,"G1",0.934740882917466,1.80328692659754,"Bridge","GTCCTCAAGAGATGCC_4",-3.11199096814493,1.70214878731956,7.20840341202456
"GTCGAATTCGTAGAGG_4",14933,3297.04130849991,2174,0.100477267018337,-0.0125589859291905,"G1",0.793666026871401,8.4720342343015,"Connecting progenitor cells","GTCGAATTCGTAGAGG_4",2.28120823725363,1.685503355801,12.2311843933308
"GTCGTAACAAACTGCT_4",14933,2828.58259780002,1502,0.0886917960088692,-0.0593466247733345,"G1",0.533589251439539,12.3941456201597,"Connecting progenitor cells","GTCGTAACAAACTGCT_4",3.19180270060202,-0.0467946607471552,NA
"GTCTCACGTGTCTTCC_4",14933,3589.72121579985,2675,0.0973520249221184,-0.0431256342991461,"G1",0.979846449136276,4.74319681646515,"SCPs","GTCTCACGTGTCTTCC_4",-7.8023879922996,2.19641946965446,2.44425224049882
"GTGAGTTAGCATTGTC_4",14933,2767.2872071,1479,0.043308791684712,-0.109219110776794,"G1",0.523992322456814,12.4009590303427,"Chromaffin cells","GTGAGTTAGCATTGTC_4",2.98304077013632,4.28114711457481,14.4906268906975
"GTGCGTGCACGTACAT_4",14933,3544.04986390009,2538,0.0628667225481978,0.116106174235675,"S",0.36084452975048,18.2731398342157,"Neuroblasts","GTGCGTGCACGTACAT_4",5.20992251261374,-3.65987885779153,NA
"GTGTTAGGTACCTTCC_4",14933,3625.98947490018,2858,0.123631225715295,-0.0575385549968684,"G1",0.784069097888676,9.62674664519441,"Connecting progenitor cells","GTGTTAGGTACCTTCC_4",2.29816647394796,1.43043320590247,12.117341758047
"GTGTTCCTCTTCACGC_4",14933,3145.22731070008,1853,0.13684570646596,-0.0795141605932975,"G1",0.961612284069098,2.52732063068874,"SCPs","GTGTTCCTCTTCACGC_4",-5.57393626347879,1.61478029900779,4.76393153237243
"GTTAGACCAGCCGGTT_4",14933,2967.95987119992,1949,0.0489835904971834,-0.0548067528704516,"G1",0.803262955854127,12.7836612580101,"Chromaffin cells","GTTAGACCAGCCGGTT_4",2.11590214594503,4.98253094369163,15.1347705706818
"GTTCTATAGCATGAAT_4",14933,3431.96042579993,2345,0.0698324022346369,-0.0632248021172455,"G1",0.363723608445297,17.2850300473358,"Neuroblasts","GTTCTATAGCATGAAT_4",4.01637335642477,-4.73152268713723,NA
"GTTGCTCAGTGATCGG_4",14933,3446.09993710005,2252,0.102960102960103,-0.0794579416579592,"G1",0.382917466410749,17.7694997739457,"Neuroblasts","GTTGCTCAGTGATCGG_4",4.7581326566567,-3.97385991400491,NA
"GTTGTGAAGACATATG_4",14933,3305.34762260013,2184,0.101677681748856,0.052358847102431,"S",0.502879078694818,11.3000045477322,"Connecting progenitor cells","GTTGTGAAGACATATG_4",3.19209357126852,0.571506118044153,NA
"TAACACGGTCACTACA_4",14933,3568.29366735003,2836,0.111731843575419,-0.0544301338466528,"G1",0.791746641074856,9.72183892787304,"Connecting progenitor cells","TAACACGGTCACTACA_4",2.93926831110617,1.40294807368507,12.405393969399
"TAAGCCAAGATCACCT_4",14933,3447.6763324001,2282,0.171232876712329,-0.0109309598262535,"G2M",0.995201535508637,1.69058855657004,"SCPs","TAAGCCAAGATCACCT_4",-4.85533694402079,1.60383772069205,5.47772909830472
"TAAGCGTAGATCACCT_4",14933,4412.07216292025,5568,0.04166170693965,-0.0873948846173108,"G1",0.773512476007678,10.3175993904114,"Connecting progenitor cells","TAAGCGTAGATCACCT_4",0.788575132929287,0.045003763973609,10.6494048620179
"TACAGGTGTACTGCCG_4",14933,4304.0398709503,4467,0.056872037914692,-0.082834001587141,"G1",0.997120921305182,2.16054508077131,"Bridge","TACAGGTGTACTGCCG_4",-2.65335802213053,1.86663078480949,7.66004181660424
"TACCTCGGTCTCTCTG_4",14933,3185.15122590009,1954,0.124378109452736,0.0162555269986992,"S",0.476967370441459,9.7218391150332,"Connecting progenitor cells","TACCTCGGTCTCTCTG_4",2.88994212969442,1.47160028630485,12.4094652325996
"TAGAGTCGTATTAAGG_4",14933,2952.43318310002,1650,0.159553250897487,0.152772357300713,"S",0.354126679462572,15.8766709987805,"Neuroblasts","TAGAGTCGTATTAAGG_4",5.14111395701071,-2.18914831465493,NA
"TAGGTTGTCTCGTGAA_4",14933,3090.07485819993,1814,0.0341296928327645,-0.00476319034375695,"G1",0.354126679462572,14.7024025098446,"Neuroblasts","TAGGTTGTCTCGTGAA_4",3.81725378855368,-2.11912406271706,NA
"TATACCTGTTAAGAAC_4",14933,3356.69396819993,2188,0.0802568218298555,-0.0634625432903409,"G1",0.971209213051823,1.88251804331145,"Bridge","TATACCTGTTAAGAAC_4",-3.06441573277811,1.84875034505118,7.24233812666085
"TATCCTATCCCGAGGT_4",14933,3007.70786149995,1747,0.106307583274274,-0.119461900973691,"G2M",0.5,9.62674720667489,"Connecting progenitor cells","TATCCTATCCCGAGGT_4",2.91244049891134,0.971626750767127,12.2311843933308
"TATTTCGGTCCACAGC_4",14933,2584.97484809996,1195,0.0669792364367046,0.0428599594968878,"S",0.277351247600768,15.550204728484,"Neuroblasts","TATTTCGGTCCACAGC_4",4.95752020701071,-2.09671200102578,NA
"TCAAGACAGGAAAGAC_4",14933,3509.690108,2432,0.069092584062644,-0.0320709812902815,"G1",0.967370441458733,6.49039269573544,"SCPs","TCAAGACAGGAAAGAC_4",-8.50497035161356,2.25839697533836,1.75528074184056
"TCAAGTGGTCGTCATA_4",14933,3528.75389769996,2349,0.096665055582407,-0.0390522479162681,"G1",0.980806142034549,4.09589747453441,"SCPs","TCAAGTGGTCGTCATA_4",-6.68104485646585,1.25828140193214,3.70704143745111
"TCACACCGTTCCTAGA_4",14933,3921.31991390007,3205,0.0459981600735971,0.0429849406071174,"S",0.374280230326296,17.1851181583426,"Neuroblasts","TCACACCGTTCCTAGA_4",4.53207226618429,-4.21944392508279,NA
"TCACTCGGTAGTTAGA_4",14933,3340.28378120003,2190,0.0524658971668416,-0.00221676987136182,"G2M",0.903071017274472,6.52912200010794,"SCPs","TCACTCGGTAGTTAGA_4",-8.21666220799784,2.15627741032828,2.05693335158948
"TCAGGTAGTGACACAG_4",14933,3209.17476700003,1977,0.121359223300971,-0.0651875938839289,"G1",0.431861804222649,12.3941459944801,"Connecting progenitor cells","TCAGGTAGTGACACAG_4",3.21966214998861,-0.13768655842553,NA
"TCAGTGAAGGAGGTTC_4",14933,2884.20512559997,1589,0.163867267513314,0.0401323591192095,"S",0.701535508637236,15.1594136341651,"Neuroblasts","TCAGTGAAGGAGGTTC_4",3.93879528864523,-1.33777261561166,NA
"TCATGTTCAGCTGTCG_4",14933,3033.69385599989,1884,0.0602228244504667,-0.00354006665493076,"G1",0.690978886756238,9.73053737331667,"Connecting progenitor cells","TCATGTTCAGCTGTCG_4",2.97004195078512,2.01793598347892,12.7532733761532
"TCCATGCGTCCTTGTC_4",14933,3432.34683809998,2454,0.0828500414250207,-0.0371534512223323,"G1",0.719769673704415,12.3794826889015,"Chromaffin cells","TCCATGCGTCCTTGTC_4",2.61650391443869,4.2557679336666,14.4126959425311
"TCCCACACAGCTACCG_4",14933,3726.73099064991,3168,0.136351240796291,-0.0688899672864929,"G1",0.880998080614203,3.81452025690507,"Bridge","TCCCACACAGCTACCG_4",-1.42941717282633,1.63855039292564,8.9396514154882
"TCCGATCAGCAACTTC_4",14933,3083.71643310001,1850,0.156690692572861,-0.0437892498988558,"G2M",0.414587332053743,13.2660749235183,"Neuroblasts","TCCGATCAGCAACTTC_4",3.88826485499044,-1.51629055327187,NA
"TCCGTGTTCTTCGACC_4",14933,3078.51642260007,1842,0.13550135501355,-0.105012606301993,"G2M",0.901151631477927,1.94853153260125,"Bridge","TCCGTGTTCTTCGACC_4",-3.27490548268656,1.78976248913993,7.03485958835232
"TCCTCCCCACCGCTGA_4",14933,3907.92670497986,3450,0.076550140341924,-0.0437076093784354,"G1",0.916506717850288,1.8163562323222,"Bridge","TCCTCCCCACCGCTGA_4",-3.14660123959879,1.58355819398154,7.1848110670601
"TCGAACAGTCCTGGTG_4",14933,2895.77044450004,1739,0.064998375040624,-0.00376562203525417,"G1",0.785988483685221,12.3029476440157,"Chromaffin cells","TCGAACAGTCCTGGTG_4",2.07955380304953,4.5149756591915,14.6119454893407
"TCGACCTAGGGAGATA_4",14933,2973.90104730006,1668,0.0377073906485671,0.0120476481806589,"S",0.44721689059501,11.1730162516095,"Connecting progenitor cells","TCGACCTAGGGAGATA_4",3.25215836390158,0.816954902946845,NA
"TCGCAGGAGAAGCTCG_4",14933,3146.71626710001,1961,0.0866300895177592,-0.0873572065828401,"G1",0.533589251439539,10.8592884371975,"Chromaffin cells","TCGCAGGAGAAGCTCG_4",3.20395751818319,3.95548402482261,14.2299482881836
"TCGGATAAGGACTGGT_4",14933,3403.8327049001,2264,0,-0.0124100907806094,"G1",0.423224568138196,17.0609366555402,"Neuroblasts","TCGGATAAGGACTGGT_4",4.43358107432028,-4.30745089834939,NA
"TCGGGACAGCGACTTT_4",14933,3287.23145789992,2069,0.0843407365757661,-0.0283621996412574,"G2M",0.477927063339731,15.1719301737712,"Neuroblasts","TCGGGACAGCGACTTT_4",4.2791573606362,-2.53363979643594,NA
"TCGTGGGTCCCTATTA_4",14933,3041.44579569997,1827,0.032927230819888,0.00169257405913482,"G2M",0.577735124760077,9.54423302585063,"Connecting progenitor cells","TCGTGGGTCCCTATTA_4",2.84913869722982,1.38160978966941,12.4013263851
"TCTACATAGCCTGACC_4",14933,3488.90049589992,2577,0.0978665100802505,-0.0152889530523001,"G2M",0.85700575815739,3.03311968944328,"Bridge","TCTACATAGCCTGACC_4",-1.57162121907572,1.68644963914146,8.79012322975001
"TCTCCGAGTCATCCGG_4",14933,3373.04540090014,2249,0.0520426749934947,-0.0669309647039347,"G1",0.993282149712092,1.69869208216429,"Bridge","TCTCCGAGTCATCCGG_4",-3.00869921819071,1.54122608119239,7.32601327160376
"TCTGCCACAGGGAGAG_4",14933,2959.99729199989,1806,0.119617224880383,-0.0873526018357836,"G1",0.72552783109405,13.0011862333295,"Chromaffin cells","TCTGCCACAGGGAGAG_4",2.19526930674215,4.63937126809348,14.7623209649239
"TGAACGTGTACAAACA_4",14933,3703.02820090016,3124,0.0429307384087006,-0.058127984631373,"G1",0.679462571976967,12.3029480183361,"Connecting progenitor cells","TGAACGTGTACAAACA_4",2.06620784624716,4.15937101060142,14.2192500861608
"TGACAGTGTTGGAGGT_4",14933,3497.81976630006,2805,0.100586756077117,-0.099490259228898,"G1",0.846449136276392,5.36287951823956,"Bridge","TGACAGTGTTGGAGGT_4",-0.39258142039875,1.45185898953666,9.98986417773574
"TGACTCCGTCATGCAT_4",14933,4129.0061963003,3419,0.0464468183929401,-0.0966734301615896,"G1",0.825335892514395,10.3064101587605,"Connecting progenitor cells","TGACTCCGTCATGCAT_4",3.73074646814962,3.13103663140525,13.7101737427065
"TGACTCCTCCCACAGG_4",14933,3796.08178849989,3106,0.0938967136150235,0.0650592948450942,"S",0.986564299424184,1.73476838039207,"Bridge","TGACTCCTCCCACAGG_4",-3.03952578679422,1.63299845868339,7.2869029972355
"TGAGGAGAGTTGCATC_4",14933,3127.65747200001,1821,0.0725163161711385,-0.0889242253360549,"G1",0.542226487523992,13.6056557815267,"Connecting progenitor cells","TGAGGAGAGTTGCATC_4",3.40363522394796,0.257880709707633,NA
"TGATCTTCACCGCTAG_4",14933,3218.42683810007,2008,0.0588581518540318,0.040552872440314,"S",0.466410748560461,17.8701905773776,"Neuroblasts","TGATCTTCACCGCTAG_4",4.58174153193136,-3.21083868330727,NA
"TGATCTTCATGGCCCA_4",14933,3365.32905370004,2245,0.0526592943654555,0.0365663271015616,"S",0.952015355086372,1.83847760474015,"Bridge","TGATCTTCATGGCCCA_4",-3.13913826123575,1.80150579625358,7.17226157325028
"TGATCTTTCATCTACT_4",14933,3479.76818589991,2240,0.0828958275766786,0.371618044032452,"S",0.959692898272553,4.07182085037116,"SCPs","TGATCTTTCATCTACT_4",-6.7326834596763,1.52164285594215,3.62414365025618
"TGATGGTAGGTCATTC_4",14933,3197.69781999993,1973,0.0306654400490647,-0.0984288336985963,"G1",0.713051823416507,8.59223353667138,"Connecting progenitor cells","TGATGGTAGGTCATTC_4",1.744505365931,1.69287871533622,11.9257848432208
"TGATTCTCAGAATGTA_4",14933,2887.98995220006,1801,0.0591016548463357,-0.119358024112254,"G1",0.687140115163148,15.5482182658687,"Chromaffin cells","TGATTCTCAGAATGTA_4",2.14108653887411,6.25311457329978,16.4857738878972
"TGATTCTGTCGTCTCT_4",14933,3368.59947280006,2407,0.0849798172933928,-0.105205332333252,"G1",0.853166986564299,8.67954311600931,"Connecting progenitor cells","TGATTCTGTCGTCTCT_4",1.6447715364327,1.96033000165214,12.0197543703685
"TGCATCCCAGGTGAGT_4",14933,4169.78333569977,4032,0.0420875420875421,-0.0232085568370446,"G1",0.984644913627639,6.4649929909881,"SCPs","TGCATCCCAGGTGAGT_4",-9.04421786443094,2.04969286137809,1.25410340988486
"TGCTTGCGTCACAGTT_4",14933,2991.99032840004,1874,0.139120756816917,-0.0243324233103186,"G1",0.710172744721689,12.3029482054962,"Chromaffin cells","TGCTTGCGTCACAGTT_4",2.23198767527243,4.45392262154807,14.5669042002291
"TGGAGGAAGTGGTTCT_4",14933,3656.53231429987,2721,0.076103500761035,0.0725259766361804,"S",0.484644913627639,14.7024028841649,"Neuroblasts","TGGAGGAAGTGGTTCT_4",4.21753092631002,-2.23263181036721,NA
"TGGAGGACACACTGGC_4",14933,3818.6844571001,3089,0.0624317153113782,-0.0381069933492596,"G1",0.940499040307102,6.52912256158842,"SCPs","TGGAGGACACACTGGC_4",-8.00762824193338,2.23752116376151,2.23813465521719
"TGGGAGAGTACTGTTG_4",14933,2899.45233659997,1616,0.0772200772200772,-0.0887520903287622,"G1",0.452015355086372,13.9961551677448,"Connecting progenitor cells","TGGGAGAGTACTGTTG_4",3.38231201990744,-0.418329127490624,NA
"TGGGTTATCGCTACAA_4",14933,3248.43705269992,2088,0.0808843354003775,-0.0593723578990217,"G1",0.64299424184261,10.345836029662,"Chromaffin cells","TGGGTTATCGCTACAA_4",2.94541974886557,3.01486002618064,13.4253032803849
"TGGTTAGCAGGCGAAT_4",14933,3169.96270740004,2050,0.228050171037628,-0.0197335543793279,"G1",0.878119001919386,1.9404814401086,"Bridge","TGGTTAGCAGGCGAAT_4",-3.29753235951761,1.58423220330466,7.03268040866496
"TGTCAGACATCCGTGG_4",14933,2538.63181409998,1221,0.573065902578797,-0.0870417263965847,"G2M",0.520153550863724,10.7596683181606,"Connecting progenitor cells","TGTCAGACATCCGTGG_4",3.95593996866842,1.65396939927329,12.9270950343143
"TGTCAGATCACGGACC_4",14933,3279.01419350006,1959,0.099502487562189,-0.044720168435802,"G1",0.613243761996161,15.4355722732598,"Neuroblasts","TGTCAGATCACGGACC_4",4.69309588297506,-1.91620481795083,NA
"TGTTACTGTACGACTT_4",14933,3559.87983330004,2577,0.0208855472013367,-0.0993677329522632,"G1",0.690978886756238,11.2291241461753,"Chromaffin cells","TGTTACTGTACGACTT_4",2.27500172480246,4.04903542214622,14.1495595491218
"TGTTACTGTGAGTAGC_4",14933,3149.38115039996,1822,0.03584229390681,-0.0527186003102075,"G1",0.887715930902111,0.0944238808030513,"SCPs","TGTTACTGTGAGTAGC_4",-4.57048730031351,1.55220036917914,5.76694198776147
"TGTTCCGTCACGGGCT_4",14933,3590.95278620013,2571,0.145077720207254,0.0305268941945039,"S",0.972168905950096,4.41682419368071,"SCPs","TGTTCCGTCACGGGCT_4",-7.50489548817972,1.97284042054404,2.79085757367179
"TTACGCCTCATTGCCC_4",14933,3270.67779009995,2041,0.0280662363177098,-0.0469284056227829,"G1",0.96257197696737,4.01161771027074,"SCPs","TTACGCCTCATTGCCC_4",-6.64202956334452,1.71397911721458,3.69103922548066
"TTCATGTTCGATGCTA_4",14933,3525.29706269988,2496,0.0641573994867408,-0.0775421013564851,"G1",0.383877159309021,17.0609370298605,"Neuroblasts","TTCATGTTCGATGCTA_4",4.64518519266745,-4.37617696112405,NA
"TTCCGTGCATGGAGAC_4",14933,3561.34410150004,2424,0.0475172249940603,-0.0630090377494159,"G1",0.968330134357006,6.26961696075532,"SCPs","TTCCGTGCATGGAGAC_4",-8.90479640141825,1.71398102456321,1.44528917375986
"TTCTAGTTCTGAGAAA_4",14933,3373.96719709999,2252,0.130276185513288,-0.00115820953563547,"G1",0.711132437619962,9.72184005083399,"Connecting progenitor cells","TTCTAGTTCTGAGAAA_4",2.99256511553427,1.51339840108146,12.5079918495086
"TTCTCTCAGACTTGTC_4",14933,3001.64723129992,1864,0.232761128891475,-0.0588697621311611,"G1",0.683301343570058,12.3300873806024,"Chromaffin cells","TTCTCTCAGACTTGTC_4",2.51319046839376,4.47606074029197,14.6178644634021
"TTCTCTCAGGTACAGC_4",14933,2958.47635609996,1634,0.040453074433657,-0.0767956591003502,"G1",0.549904030710173,9.51240696252179,"Connecting progenitor cells","TTCTCTCAGGTACAGC_4",2.73363228663107,1.54905002528419,12.405393969399
"TTGAACGTCGCACTCT_4",14933,3503.07059310014,2435,0.0696055684454756,-0.0856873644983173,"G1",0.549904030710173,9.72623427138616,"Connecting progenitor cells","TTGAACGTCGCACTCT_4",2.97630592211386,1.87713848763694,12.6980849785156
"TTGAGTGCACTTGTGA_4",14933,3666.14768420001,2728,0.0764233855559801,-0.05952519685943,"G1",0.983685220729367,1.478805905394,"SCPs","TTGAGTGCACTTGTGA_4",-5.24200276509623,1.74046301060905,5.07529606918928
"TTGGGATGTTATCTTC_4",14933,3687.31003459989,2822,0.190730497806599,-0.0444121285888748,"G1",0.554702495201535,9.63354295098848,"Connecting progenitor cells","TTGGGATGTTATCTTC_4",2.91930957659384,1.91268264466514,12.6917396701797
"TTGTGTTAGAAGAACG_4",14933,3241.14647130009,2027,0.143843498273878,-0.0637678655318732,"G1",0.918426103646833,4.77879582617093,"SCPs","TTGTGTTAGAAGAACG_4",-7.61420325414042,2.25765704327811,2.60528787362366
"TTTACTGGTGGCTAGA_4",14933,3001.63676789993,1597,0.13599274705349,-0.0731963672690829,"G1",0.839731285988484,1.8700919810226,"Bridge","TTTACTGGTGGCTAGA_4",-3.75845555440287,1.69220780545463,6.55809259143743
"TTTCATGTCAGAGTTC_4",14933,3535.94695760004,2619,0.0401123144805455,-0.014061943423145,"G1",0.71785028790787,9.62674889111632,"Connecting progenitor cells","TTTCATGTCAGAGTTC_4",2.67761607988974,1.32258915120353,12.2400155432923
"TTTCGATAGAATTGCA_4",14933,2860.99392179995,1585,0.121605188488042,-0.0672909437168105,"G1",0.625719769673704,6.67316783984467,"Connecting progenitor cells","TTTCGATAGAATTGCA_4",0.629149993502102,1.74984800034751,11.0767795240002
"TTTCGATAGGGTACAC_4",14933,3664.11679860009,2703,0.100361300682457,-0.043298151205802,"G1",0.681381957773513,9.52031012377202,"Connecting progenitor cells","TTTCGATAGGGTACAC_4",2.90192957743307,1.34667497092475,12.405393969399
"TTTGATCCAATGACCT_4",14933,3255.77515640006,2025,0.205278592375367,0.172225048488478,"S",0.513435700575816,15.1767951712996,"Neuroblasts","TTTGATCCAATGACCT_4",4.23678990229269,-2.54229796713601,NA
"AACCCAAGTCCTTTGC_5",13567,2932.99012930007,1676,0.0344708721130645,-0.134273800951731,"G1",0.331094049904031,14.7024032584852,"Connecting progenitor cells","AACCCAAGTCCTTTGC_5",3.65024586542746,-2.39888847655068,NA
"AAGCCATGTGCAGGAT_5",13567,3709.27495849991,2888,0.0695410292072323,-0.117505540628895,"G1",0.674664107485605,6.76622551725451,"Bridge","AAGCCATGTGCAGGAT_5",0.521185179792843,1.70779954606284,10.9577315510176
"ACACTGAGTAATGCTC_5",13567,4469.75315619989,4353,0.0372058413170868,-0.155345725081644,"G1",0.897312859884837,6.01460021681953,"Late SCPs","ACACTGAGTAATGCTC_5",-7.90863541737894,1.53643744403113,2.52117439989423
"AGACTCAGTACTAACC_5",13567,3660.85196910008,2714,0.0946611132146914,-0.104498970697278,"G1",0.708253358925144,7.86051949934446,"Connecting progenitor cells","AGACTCAGTACTAACC_5",1.18462093695303,1.72158037835349,11.534971490961
"AGAGAATCATGACACT_5",13567,4015.46381817982,3532,0.0473092844470727,-0.159340484069236,"G1",0.940499040307102,6.52912293590874,"SCPs","AGAGAATCATGACACT_5",-8.50515345708231,2.10787629300346,1.78289456580631
"AGATCCAGTAGACAGC_5",13567,3719.08933696021,3297,0.0212607632614011,-0.145633243446803,"G1",0.499040307101727,17.8521548969291,"Neuroblasts","AGATCCAGTAGACAGC_5",3.68770523890158,-4.99215758627663,NA
"ATGGGTTTCCCAGGCA_5",13567,3700.7445485001,2976,0.0275254610514726,0.0351228413663389,"S",0.455854126679463,17.7563321112309,"Neuroblasts","ATGGGTTTCCCAGGCA_5",4.89959069117208,-3.76037467306863,NA
"CACGTGGTCCCATGGG_5",13567,3239.90733029999,2241,0.0622406639004149,-0.0828620857252452,"G1",0.674664107485605,10.7517481318777,"Chromaffin cells","CACGTGGTCCCATGGG_5",3.07431336268087,3.53245865517844,13.8500705279
"CATCCGTCAGGAATCG_5",13567,3019.63301750003,2062,0.11472275334608,-0.0278469848631925,"G1",0.677543186180422,12.6971870541286,"Chromaffin cells","CATCCGTCAGGAATCG_5",2.97319622858664,4.93307291680564,15.0762738439198
"CATTCCGAGTGCACCC_5",13567,3654.1202084001,3125,0.0129148908691722,-0.0655574386015167,"G1",0.683301343570058,5.85231826989405,"Bridge","CATTCCGAGTGCACCC_5",-0.00750697628358854,1.53643416577567,10.3911603929601
"CCTCATGTCTATCGCC_5",13567,3005.13066919994,1970,0.045045045045045,-0.0563285411401033,"G1",0.618042226487524,12.4009595918232,"Chromaffin cells","CCTCATGTCTATCGCC_5",3.24435110911032,4.56817590409507,14.7585325206224
"CGACAGCCATGTGCCG_5",13567,3875.50674109977,3481,0.0453001132502831,-0.121205876068884,"G1",0.612284069097889,6.72818662125166,"Connecting progenitor cells","CGACAGCCATGTGCCG_5",0.884244402491054,1.45157539063682,11.1792326950538
"CGAGGCTGTAACCCGC_5",13567,3538.99176409991,2454,0.0660938532716457,-0.0693417044718876,"G1",0.942418426103647,2.50030288274491,"SCPs","CGAGGCTGTAACCCGC_5",-5.87007741109232,1.73587142640342,4.45668711821625
"CGAGGCTGTCTCGGAC_5",13567,3375.92574979995,2326,0.0434216239687364,-0.115512814636786,"G1",0.81957773512476,6.99654645424352,"Bridge","CGAGGCTGTCTCGGAC_5",0.993547400080166,1.7602720182537,11.4020517753839
"CGGAGAACACTGCATA_5",13567,3723.06995660005,3054,0.0411861614497529,-0.0362511563923125,"G1",0.428982725527831,17.7812099014619,"Neuroblasts","CGGAGAACACTGCATA_5",4.75013752802511,-4.0706640560032,NA
"GCAACCGAGGAATCGC_5",13567,3313.79019470013,2293,0.0852333262305561,-0.0347566052701043,"G1",0.752399232245681,5.5318582964801,"Bridge","GCAACCGAGGAATCGC_5",-0.379142308987179,1.76421844178428,10.0633645422149
"GCTGAATAGGTTATAG_5",13567,4137.37183184997,3638,0.0347664851083555,0.087716540401993,"S",0.968330134357006,6.50996096320197,"SCPs","GCTGAATAGGTTATAG_5",-8.83090380803446,2.04317151719321,1.46787011180058
"GGGATGATCCATTTAC_5",13567,3910.54750152015,3074,0.0301068794219479,-0.0165611366905395,"G2M",0.955854126679463,6.49009718082919,"SCPs","GGGATGATCCATTTAC_5",-8.88409690038065,2.0668635290264,1.41167500205036
"GTAGTACTCCTTTGAT_5",13567,3594.05128889981,3127,0.0338485840009026,-0.0577655777861922,"G1",0.736084452975048,5.29552393471709,"Bridge","GTAGTACTCCTTTGAT_5",-0.490166850767532,1.36474417859305,9.87642097476677
"TAAGCGTTCAACCCGG_5",13567,4119.22039689979,3864,0.0803777755450618,-0.103209358342265,"G1",0.959692898272553,1.97756994679253,"Bridge","TAAGCGTTCAACCCGG_5",-2.91531519070963,1.78424846345176,7.40059925576501
"TACATTCCAGGCTCTG_5",13567,3956.90248850017,3907,0.0363570259952736,-0.125394629571163,"G1",0.73320537428023,5.06656102446293,"Bridge","TACATTCCAGGCTCTG_5",0.175701638304195,1.07817866617431,10.4453733758839
"TATACCTAGTAGGTTA_5",13567,3534.84854770007,2859,0.0416840350145894,-0.0175728877094729,"G1",0.574856046065259,5.8734227187855,"Bridge","TATACCTAGTAGGTTA_5",-0.029267201579609,1.43812774831046,10.343944083558
"TCACACCCAGGCTCTG_5",13567,3661.45198379988,2788,0.125380619738492,0.0385870572718178,"S",0.785028790786948,6.84203855327416,"Bridge","TCACACCCAGGCTCTG_5",0.410943885885677,1.44197963887443,10.7588949713423
"TCATGCCCATAGGTTC_5",13567,3751.92086800008,2886,0.0162654521795706,-0.101899161463106,"G1",0.618042226487524,18.758839359678,"Neuroblasts","TCATGCCCATAGGTTC_5",4.82037516459127,-4.07429326361428,NA
"TCTTTGATCATCTATC_5",13567,3655.8773682399,3015,0.0132766861391397,-0.0500594156894864,"G1",0.543186180422265,10.5220483440378,"Connecting progenitor cells","TCTTTGATCATCTATC_5",2.48752995356222,2.97569142991294,13.2205542567799
"TGAATCGCAGATACCT_5",13567,3706.98932269997,3069,0.0379122962214078,-0.158239864984941,"G1",0.937619961612284,4.43097035361954,"SCPs","TGAATCGCAGATACCT_5",-7.87813357488016,1.80000721627463,2.4789738591864
"TGCGATATCAACCTCC_5",13567,3967.46050295004,4046,0.0236387991490032,-0.132711778753782,"G1",0.966410748560461,2.67189463451785,"SCPs","TGCGATATCAACCTCC_5",-6.08638457433084,1.46402924472083,4.26493735547555
"TGTCCCAGTGTGAGCA_5",13567,3387.97406470001,2265,0.0227790432801822,-0.0784170140233204,"G1",0.891554702495202,4.94825213354149,"SCPs","TGTCCCAGTGTGAGCA_5",-7.38192633763651,1.58956318312873,3.01743721076413
"TGTGCGGTCAGCTAGT_5",13567,3683.15879545019,3201,0.0739462657135815,-0.0449661196682927,"G1",0.867562380038388,5.61876945428133,"Bridge","TGTGCGGTCAGCTAGT_5",-0.27250629142622,1.54664527589072,10.1318861929118
"TTGCATTTCAGCCCAG_5",13567,3894.15740689993,3377,0.0496401092082403,-0.0835729417217838,"G1",0.963531669865643,3.2406984914056,"Bridge","TTGCATTTCAGCCCAG_5",-2.15525881425241,1.7926092069744,8.18113543049038
"TTGGATGGTATGTCAC_5",13567,3816.7994312599,3323,0.0114718366410462,-0.131587151072495,"G1",0.915547024952015,6.5001111925801,"SCPs","TTGGATGGTATGTCAC_5",-8.70613078252176,2.13157998734702,1.57888981050379
"AAATGGAGTTAACAGA_6",15161,4430.62605850012,4516,0.126023944549464,0.539055357825001,"S",0.95873320537428,2.16795703959977,"SCPs","AAATGGAGTTAACAGA_6",-6.26614550725321,1.17185895854224,4.10656741821635
"AACAACCTCGTCAAAC_6",15161,4581.18906209995,5425,0.0687994496044032,-0.0922744773100758,"G1",0.974088291746641,5.88245312099842,"SCPs","AACAACCTCGTCAAAC_6",-8.31808451787333,0.805073149144546,2.30171422250577
"AACCCAATCCCGTTGT_6",15161,3687.40841879992,3234,0.0480827022478663,-0.0213932435917986,"G1",0.915547024952015,6.26961714791548,"SCPs","AACCCAATCCCGTTGT_6",-8.73614577428202,1.51411872321357,1.6655122274612
"AACCTGATCTCTCAAT_6",15161,3939.87576240004,3759,0.100765820233777,0.291196223400504,"S",0.636276391554703,17.9783397271427,"Chromaffin cells","AACCTGATCTCTCAAT_6",2.91074963434835,9.27690016442527,18.5306824956857
"AACGGGACACGAGAAC_6",15161,4018.40527880021,3575,0.0615006150061501,-0.121142282517915,"G1",0.988483685220729,0.908618652170729,"SCPs","AACGGGACACGAGAAC_6",-3.74566988126139,1.34483348542441,6.61093568051148
"AAGCATCTCTGGTCAA_6",15161,3849.84735599987,3107,0.0315556958030925,-0.168438793827174,"G1",0.96257197696737,6.2837841121829,"SCPs","AAGCATCTCTGGTCAA_6",-9.01465968266825,1.41261076146354,1.38289963313405
"AAGCGTTAGGACTTCT_6",15161,3652.97914990021,3496,0.209358316759133,-0.103748420691649,"G1",0.852207293666027,18.0403414779588,"Chromaffin cells","AAGCGTTAGGACTTCT_6",0.97750469072958,8.62334810906638,19.2372650785837
"AAGCGTTCATTCTCCG_6",15161,4065.43409847986,3672,0.0731885825811174,0.00139391435978539,"S",0.448176583493282,19.8313820238025,"Neuroblasts","AAGCGTTCATTCTCCG_6",2.28474350794455,-5.59480250662576,NA
"AATGCCATCACTTATC_6",15161,2911.70933539998,1506,0.28169014084507,0.201721057214703,"S",0.63147792706334,5.3928085680778,"SCPs","AATGCCATCACTTATC_6",-6.82256917134623,0.151834658920661,3.69943993355864
"AATGGAACAGTTGGTT_6",15161,3887.10482700005,3138,0.0782717595491547,-0.0220189870205812,"G1",0.900191938579655,9.05946835757295,"Late SCPs","AATGGAACAGTTGGTT_6",-10.6423337854515,1.15803914481391,NA
"ACACAGTTCCATAGAC_6",15161,3491.40852529992,3088,0.0562366437970982,-0.0141004768128791,"G1",0.656429942418426,17.9783406629435,"Chromaffin cells","ACACAGTTCCATAGAC_6",2.24897118433615,8.60077273064841,18.4474827623904
"ACAGCCGTCTTGTTAC_6",15161,3684.53326276007,2915,0.172711571675302,-0.0706063642681654,"G1",0.26679462571977,18.2010177078853,"Neuroblasts","ACAGCCGTCTTGTTAC_6",2.85892530306478,-5.1089941341282,NA
"ACCATTTGTTAGGCTT_6",15161,3681.48776770017,3001,0.109439124487004,-0.0624565666221209,"G1",0.650671785028791,17.9783410372639,"Chromaffin cells","ACCATTTGTTAGGCTT_6",2.87424202784201,9.55903708153953,18.6987707203712
"ACCCTTGAGGTAGGCT_6",15161,3732.69389549993,3654,0.047192071731949,-0.165707440231351,"G1",0.794625719769674,18.0062664733767,"Chromaffin cells","ACCCTTGAGGTAGGCT_6",1.34189971312185,8.5478285472988,18.9316497999544
"ACGGGTCCAATTAGGA_6",15161,3665.68231940015,2954,0.122268072749503,-0.0270532279645083,"G1",0.619001919385797,17.9783414115842,"Chromaffin cells","ACGGGTCCAATTAGGA_6",2.78101607187887,9.28956400567283,18.6215905149719
"ACGGGTCGTACCGTGC_6",15161,3418.89474020001,3063,0.0987816924596642,-0.135302124679195,"G1",0.609404990403071,17.9783415987444,"Chromaffin cells","ACGGGTCGTACCGTGC_6",2.88509579523703,9.26025568658103,18.5337031235695
"ACTTAGGAGTAACCTC_6",15161,4195.46803816023,3840,0.0919751667049897,-0.0148623759319805,"G1",0.564299424184261,17.671348209308,"Neuroblasts","ACTTAGGAGTAACCTC_6",3.41656657084127,-4.80090535467873,NA
"AGGATAAAGACATGCG_6",15161,3645.61891740009,3448,0.0395843641761504,-0.125739898662208,"G1",0.761036468330134,17.9783432831858,"Chromaffin cells","AGGATAAAGACATGCG_6",2.35655756815573,8.83007132226218,18.5277806313118
"AGGATAAAGGCAGGGA_6",15161,3516.69504210008,2594,0.118413262285376,-0.100388435480216,"G1",0.682341650671785,17.978343470346,"Chromaffin cells","AGGATAAAGGCAGGGA_6",3.17898078783651,9.07696901971091,18.316414323942
"AGGGTCCGTAGGTAGC_6",15161,2896.14072650004,1838,0.147783251231527,-0.0464538448423474,"G1",0.686180422264875,17.9783436575061,"Chromaffin cells","AGGGTCCGTAGGTAGC_6",2.95775767191549,8.72584997826804,18.1817646447157
"AGGTTACTCCTGTAGA_6",15161,3183.83588759999,2460,0.105740181268882,-0.00468486146383829,"G1",0.71785028790787,17.9783440318264,"Chromaffin cells","AGGTTACTCCTGTAGA_6",2.85662670954367,8.7527435939907,18.2611683610418
"AGTTCGAAGGCCCACT_6",15161,4438.77210470001,4444,0.113475177304965,0.411673577793411,"S",0.907869481765835,5.86930561708834,"SCPs","AGTTCGAAGGCCCACT_6",-8.38189343587259,0.623949184656039,2.28600507440301
"ATAGACCCAGGTCCGT_6",15161,3539.05757410015,2528,0.14865151836908,-0.0650534095692811,"G1",0.367562380038388,13.7488089368185,"Neuroblasts","ATAGACCCAGGTCCGT_6",1.9100143514504,-3.17669666594277,NA
"ATCAGGTGTGGTCTCG_6",15161,3584.07777990012,2960,0.257226849583537,-0.026579215071062,"G1",0.914587332053743,6.89724649534917,"Late SCPs","ATCAGGTGTGGTCTCG_6",-9.17400912419657,0.97627245599021,NA
"ATCCATTGTACACGTT_6",15161,3367.34799750001,2635,0.111536010197578,-0.0956338912699919,"G1",0.68426103646833,17.9783449676273,"Chromaffin cells","ATCCATTGTACACGTT_6",2.45375772341391,8.87666594201316,18.5034722223364
"ATCGTAGAGCCGTAAG_6",15161,3353.22874599987,2458,0.0978473581213307,-0.0865811426708441,"G1",0.832053742802303,5.77077665259286,"Bridge","ATCGTAGAGCCGTAAG_6",-0.11324808970789,1.37436186486472,10.2475828769736
"ATGAAAGCAACCCTCT_6",15161,3423.82419108006,2910,0.098135426889107,-0.0544006778643045,"G1",0.610364683301344,17.9783455291077,"Chromaffin cells","ATGAAAGCAACCCTCT_6",2.45104499682089,8.76533686333884,18.459213460135
"ATGTCCCCAAAGTATG_6",15161,3709.13370974986,3013,0.147232037691402,-0.067403995837945,"G1",0.696737044145873,17.9783460905882,"Chromaffin cells","ATGTCCCCAAAGTATG_6",2.91234155520102,8.97284304314841,18.350950972679
"ATTACCTAGGGCCAAT_6",15161,3344.79275699995,2724,0.124035281146637,-0.0758060947159849,"G1",0.776391554702495,17.9783464649085,"Chromaffin cells","ATTACCTAGGGCCAAT_6",2.31342335566183,8.53264795953025,18.3543671768426
"ATTACCTCATTGAAAG_6",15161,3439.65657590012,2666,0.0672494956287828,0.0373704503156041,"S",0.921305182341651,5.21588156558124,"Bridge","ATTACCTCATTGAAAG_6",-0.542085076130428,1.26865195447196,9.80976534258708
"ATTCCATGTAACGCGA_6",15161,3849.50305719983,3480,0.137071651090343,-0.0689258877904267,"G1",0.969289827255278,1.78355836364804,"Bridge","ATTCCATGTAACGCGA_6",-3.12237934247355,1.4841170232891,7.21804754542657
"CAACGGCCAAACTAGA_6",15161,4142.44854539989,3533,0.138561729250381,-0.0807281315164536,"G1",0.90978886756238,9.03268123935994,"Late SCPs","CAACGGCCAAACTAGA_6",-10.519556800283,0.977661572039023,NA
"CAATACGTCACTACGA_6",15161,3730.45527625999,3757,0.044992351300279,-0.11080657397896,"G1",0.63147792706334,17.9783477750297,"Chromaffin cells","CAATACGTCACTACGA_6",1.64802356585165,8.28553663903464,18.5449519680439
"CACAGATCATTGACTG_6",15161,3804.44717352981,3205,0.0968188105117566,-0.103310809317441,"G1",0.649712092130518,20.3996169972674,"Chromaffin cells","CACAGATCATTGACTG_6",1.94247933252951,9.81210886651267,19.3594685335205
"CACGGGTCACGGCACT_6",15161,4547.99651189971,4292,0.0802476212312278,-0.0260991842556322,"G2M",0.509596928982726,18.1682590241021,"Neuroblasts","CACGGGTCACGGCACT_6",2.93496437891623,-5.13004792517434,NA
"CACGTTCAGCCGATTT_6",15161,3134.45741940008,2169,0.117050331642606,-0.110825544123316,"G1",0.618042226487524,6.90706425249449,"Bridge","CACGTTCAGCCGATTT_6",0.393098851286373,2.01111005955924,10.9570538802133
"CAGCAATCAATGAAAC_6",15161,3320.92976230007,2491,0.11690046760187,-0.021427880205407,"G1",0.64299424184261,17.9783494594711,"Chromaffin cells","CAGCAATCAATGAAAC_6",2.99216528757711,8.88523852044334,18.2937039859319
"CAGTTAGAGCAGGCAT_6",15161,3702.60843539987,3624,0.20755500207555,-0.0848645070395621,"G1",0.907869481765835,9.7589019683376,"Late SCPs","CAGTTAGAGCAGGCAT_6",-9.89825324193338,-0.820064671695336,NA
"CAGTTAGAGCGATTCT_6",15161,4574.73811174989,4645,0.112888052681091,-0.0526005991437618,"G1",0.978886756238004,6.73531440617981,"SCPs","CAGTTAGAGCGATTCT_6",-8.65310458318094,0.68144019657363,1.93391737062183
"CCACGAGCAGAATTCC_6",15161,4148.15504379994,3807,0.118105586394236,-0.0979560401181649,"G1",0.561420345489443,19.0327816159197,"Neuroblasts","CCACGAGCAGAATTCC_6",2.34570570810934,-5.29897130316506,NA
"CCACGTTGTAATCAGA_6",15161,3515.80084770013,2977,0.143696930111039,-0.0426218326444469,"G1",0.861804222648752,17.9783507695922,"Chromaffin cells","CCACGTTGTAATCAGA_6",2.76327987536093,8.57768856698264,18.1696666393104
"CCCTGATTCGGCTTGG_6",15161,3489.02418159986,2759,0.0611060189428659,-0.0886130942438133,"G1",0.826295585412668,17.9783515182329,"Chromaffin cells","CCCTGATTCGGCTTGG_6",2.71479054316183,8.446649424374,18.1320290660321
"CCGAACGTCTATGTGG_6",15161,3727.15947445017,3438,0.0545077946146299,-0.0672323629633457,"G1",0.681381957773513,17.9783517053931,"Chromaffin cells","CCGAACGTCTATGTGG_6",2.69370075091024,8.84368120843162,18.3775224223932
"CCGATGGAGGCTCTAT_6",15161,4368.3926391002,4237,0.0845755365260598,-0.114090430035904,"G1",0.999040307101727,1.8510286474379,"Bridge","CCGATGGAGGCTCTAT_6",-3.23383454457621,1.29801695758094,7.12438585388301
"CCGGGTACACCAGTTA_6",15161,3560.00041019998,2813,0.0966183574879227,-0.149411667393779,"G1",0.474088291746641,20.46845313934,"Neuroblasts","CCGGGTACACCAGTTA_6",2.448855599009,9.778361193478,NA
"CCGGGTAGTTCAACGT_6",15161,3351.97065334013,2600,0.119780971937029,-0.0837076878228859,"G1",0.660268714011516,17.9783518925532,"Chromaffin cells","CCGGGTAGTTCAACGT_6",2.50246926172873,8.90323530846824,18.4938039991324
"CCTAAGAGTCCTTGTC_6",15161,3662.40328759991,2760,0.0530879490355689,-0.0675147774862278,"G1",0.557581573896353,17.7789517246716,"Neuroblasts","CCTAAGAGTCCTTGTC_6",3.08431096895834,-4.21846736258279,NA
"CCTATCGGTCAACGCC_6",15161,3764.47380799988,3254,0.0380469245402663,-0.0246806320495852,"G1",0.912667946257198,6.26961733507564,"SCPs","CCTATCGGTCAACGCC_6",-8.61971930638651,1.33046948128928,1.81384764534156
"CGAGTTAAGCGTGAAC_6",15161,3586.97508189996,2909,0.166691923018639,-0.126900374742455,"G1",0.54510556621881,17.978352828354,"Chromaffin cells","CGAGTTAAGCGTGAAC_6",2.96068521364828,9.54314123803367,18.6641042266491
"CGCCAGAGTCACCACG_6",15161,3545.96429960009,2658,0.180929980097702,-0.0230866396765651,"G1",0.757197696737044,17.9783535769947,"Chromaffin cells","CGCCAGAGTCACCACG_6",2.79004760607382,9.05628096276511,18.4902578327034
"CGCCATTAGGATTTAG_6",15161,3688.85797049996,3541,0.0874125874125874,-0.068516643842144,"G1",0.77063339731286,5.07832826711156,"Bridge","CGCCATTAGGATTTAG_6",-0.0178526736865426,1.16955619269599,10.2930525638497
"CGCGTGACAGAGCGTA_6",15161,3651.74842380002,2610,0.0997804829375374,-0.103321789280005,"G1",0.936660268714012,6.52912424602986,"SCPs","CGCGTGACAGAGCGTA_6",-8.9004047311912,1.84226524049033,1.42997306351667
"CGCGTGAGTTTCAGAC_6",15161,3990.95441190018,3365,0.14585764294049,-0.175376517675849,"G1",0.381957773512476,19.0184656254679,"Neuroblasts","CGCGTGAGTTTCAGAC_6",1.93120284899374,-5.28125680273782,NA
"CGGAACCTCTGGGCAC_6",15161,3995.64314374987,3428,0.0986054373855472,0.078501331838162,"S",0.412667946257198,18.9210188528514,"Neuroblasts","CGGAACCTCTGGGCAC_6",2.61283489092489,-5.176068909824,NA
"CGGTCAGCATACTGAC_6",15161,3562.09855899998,2665,0.124555160142349,0.00294603945058078,"S",0.563339731285988,17.9783541384751,"Chromaffin cells","CGGTCAGCATACTGAC_6",2.92334147318502,9.15246378594626,18.4886384771991
"CGTGATACATCATGAC_6",15161,3889.62542459994,3615,0.137268359643102,-0.120663691002444,"G1",0.844529750479846,19.7530867912576,"Chromaffin cells","CGTGATACATCATGAC_6",0.0615108810295676,9.24177538567771,20.3567309636374
"CGTGTCTCAGTCTCTC_6",15161,3455.00225849993,2558,0.0562535158447403,-0.0533345649308258,"G1",0.998080614203455,3.10745990699201,"Bridge","CGTGTCTCAGTCTCTC_6",-2.02440039292673,1.41677104645957,8.3291400903402
"CGTTGGGTCTAGCATG_6",15161,3771.81516480014,2813,0.14453477868112,-0.0658838210828668,"G2M",0.623800383877159,16.1046469745118,"Neuroblasts","CGTTGGGTCTAGCATG_6",3.44122835024496,-4.0236612636448,NA
"CTACCTGTCTGGGTCG_6",15161,3515.28556370007,2401,0.186393289841566,-0.0303158291939331,"G1",0.416506717850288,18.5582207722357,"Neuroblasts","CTACCTGTCTGGGTCG_6",2.87052436693808,-4.06917823141824,NA
"CTCAAGACACTGCGTG_6",15161,3942.9467961001,3282,0.11562364503541,0.187492977968174,"S",0.938579654510557,5.7373651185875,"SCPs","CTCAAGACACTGCGTG_6",-7.84269646779398,1.24628698045005,2.67332148363156
"CTGCAGGTCTGTCAGA_6",15161,3294.74732320004,2265,0.176211453744493,-0.045729068034928,"G1",0.695777351247601,17.9783560100768,"Chromaffin cells","CTGCAGGTCTGTCAGA_6",2.74368472918173,9.04255472832908,18.4902578327034
"CTGGACGCACACGTGC_6",15161,3910.0486921,3130,0.0610407446970853,0.0666555799464701,"G2M",0.754318618042226,15.8278347290384,"Neuroblasts","CTGGACGCACACGTGC_6",2.79710241182943,-3.42139352148782,NA
"CTGTACCCAAATGGAT_6",15161,3269.39918259992,2372,0.0736241487207804,-0.0864176215804088,"G1",0.661228406909789,17.9783561972369,"Chromaffin cells","CTGTACCCAAATGGAT_6",2.38396855219503,8.75405108147849,18.490123069564
"CTTCTAAGTCCTGTCT_6",15161,3740.92205559994,3009,0.123114804555248,-0.0937190072032226,"G1",0.647792706333973,18.7559678050027,"Neuroblasts","CTTCTAAGTCCTGTCT_6",2.35457845553061,-4.90391076391946,NA
"GAAATGACATACTTTC_6",15161,3893.52533410002,3132,0.111874700335624,-0.113544817042249,"G1",0.441458733205374,16.1490275748689,"Neuroblasts","GAAATGACATACTTTC_6",2.92148633822103,-3.91910899466287,NA
"GAAGCCCAGTCCCGGT_6",15161,3642.74792882018,2882,0.150375939849624,-0.0616536983585313,"G1",0.441458733205374,17.780747208533,"Neuroblasts","GAAGCCCAGTCCCGGT_6",3.08211274965902,-4.21650994604836,NA
"GAAGTAAAGCGGTAAC_6",15161,3117.49327880006,2419,0.0785299198994817,-0.141912951111609,"G1",0.701535508637236,17.9783573201979,"Chromaffin cells","GAAGTAAAGCGGTAAC_6",1.78403492792746,8.39569269829978,18.5460500441366
"GAATCGTCACCTGATA_6",15161,3919.20075455016,4441,0.0918048840198298,-0.0792328464042117,"G1",0.747600767754319,17.978357507358,"Chromaffin cells","GAATCGTCACCTGATA_6",1.63113542421957,8.46757685357322,18.6858207780073
"GACCAATGTTGCTAGT_6",15161,3505.60502327987,3253,0.0493145280599665,-0.11664925965907,"G1",0.695777351247601,17.9783578816784,"Chromaffin cells","GACCAATGTTGCTAGT_6",2.81774993761679,9.44236265832175,18.6641042266491
"GAGACTTCAGTGTGCC_6",15161,3625.34631799993,2705,0.0543970988213962,0.0405302076992799,"S",0.524952015355086,18.3667696947555,"Neuroblasts","GAGACTTCAGTGTGCC_6",2.75679465159079,-4.47625029867898,NA
"GAGAGGTTCTTCCACG_6",15161,4106.58700897997,3688,0.206787495438511,-0.1063913175143,"G1",0.474088291746641,19.1196549132066,"Neuroblasts","GAGAGGTTCTTCCACG_6",2.59330840929647,-5.37004912680398,NA
"GAGGCCTCAATCTCTT_6",15161,2768.54179049996,1366,0.6282722513089,-0.141896258643393,"G1",0.81573896353167,5.52125654742597,"SCPs","GAGGCCTCAATCTCTT_6",-6.6975238718162,0.247231654465095,3.79324442011689
"GATCATGGTCTATGAC_6",15161,3375.51155160008,2708,0.128571428571429,-0.0346936872958141,"G1",0.604606525911708,17.9783595661198,"Chromaffin cells","GATCATGGTCTATGAC_6",2.64107247217794,9.04065596276511,18.5145780693009
"GCCAGGTCATAACAGA_6",15161,4223.98554059988,4431,0.0628683693516699,0.179192871815156,"S",0.969289827255278,5.52246163364827,"SCPs","GCCAGGTCATAACAGA_6",-7.87343720570902,1.05306165629615,2.69870176253467
"GCCATTCTCACTTATC_6",15161,4164.92931119983,3946,0.104307916970898,-0.0357970998200633,"G1",0.502879078694818,19.1590880115189,"Neuroblasts","GCCATTCTCACTTATC_6",2.79608102663656,-5.53919757193337,NA
"GCCCGAACAACACAGG_6",15161,4399.08403970018,4343,0.126274890723652,-0.0742576612982717,"G1",0.91362763915547,9.14234858090211,"Late SCPs","GCCCGAACAACACAGG_6",-9.896847525991,1.08304708415259,NA
"GCGTGCAAGTCGTCTA_6",15161,3177.61119070005,2373,0.0712758374910905,-0.0583755478889232,"G1",0.761996161228407,18.7899957804762,"Chromaffin cells","GCGTGCAAGTCGTCTA_6",0.579929908358059,8.78044687920798,19.6449122279558
"GGCACGTAGACATAGT_6",15161,3304.08015669992,2334,0.0637890708058686,-0.0318428561940567,"G1",0.788867562380038,17.9783625606824,"Chromaffin cells","GGCACGTAGACATAGT_6",2.9773184858193,8.12709366494407,17.7948804766154
"GGGATCCAGACGACGT_6",15161,3292.6077053601,2578,0.143724049824337,-0.0438056589288892,"G1",0.592130518234165,17.978363309323,"Chromaffin cells","GGGATCCAGACGACGT_6",2.64952679499289,9.09644304925193,18.552870048576
"GGGATCCCAGCAGATG_6",15161,2143.66036399998,877,0.450856627592426,0.336476213132568,"S",0.357965451055662,5.39280912955828,"SCPs","GGGATCCCAGCAGATG_6",-6.85222844258646,0.105911008655921,3.67551139715275
"GGGTCACTCCGAACGC_6",15161,3120.22457539993,2111,0.0929800092980009,-0.0362183497925051,"G1",0.626679462571977,17.9783640579637,"Chromaffin cells","GGGTCACTCCGAACGC_6",2.81814761980673,8.81674181634177,18.316414323942
"GGTCTGGTCCAAGCCG_6",15161,2624.72620599999,1237,0.490196078431372,-0.033448858262124,"G2M",0.990403071017274,5.63746407086203,"SCPs","GGTCTGGTCCAAGCCG_6",-6.63960961476664,0.308398447573081,3.81475961009862
"GGTGTTATCGACCACG_6",15161,3834.38208580012,3127,0.164917541229385,-0.0804199958906958,"G1",0.575815738963532,13.7488096854591,"Neuroblasts","GGTGTTATCGACCACG_6",1.84748621805807,-3.00768769568215,NA
"GGTTAACCAGAGTGAC_6",15161,4250.57873389985,3757,0.0247985120892746,-0.137899241560282,"G2M",0.993282149712092,5.39280931671844,"SCPs","GGTTAACCAGAGTGAC_6",-7.51214532033304,0.658271968006984,3.14082849169828
"GGTTGTATCCGTGTGG_6",15161,4300.02758035006,4585,0.107725453985842,-0.0939767930049635,"G1",0.945297504798465,9.37047337387372,"Late SCPs","GGTTGTATCCGTGTGG_6",-10.124314109243,-0.422792919337854,NA
"GTAGATCCACGCGCAT_6",15161,3544.49398845009,2747,0.0686813186813187,-0.0456600791906269,"G1",0.970249520153551,6.52912443319001,"SCPs","GTAGATCCACGCGCAT_6",-8.98632411137918,1.90690421277274,1.33516414106923
"GTCATGACACGTCGGT_6",15161,3564.3648962201,3014,0.0541785182175268,-0.115157692648703,"G1",0.848368522072937,17.9783651809247,"Chromaffin cells","GTCATGACACGTCGGT_6",2.89562555178305,8.41826426202048,18.0112601937009
"GTGAGCCGTCGTATTG_6",15161,2911.20586919994,1946,0.0641162641590083,0.0374643652725462,"S",0.779270633397313,12.7084884564739,"Chromaffin cells","GTGAGCCGTCGTATTG_6",2.4747721753945,4.98864065819968,15.1370951232618
"GTGCTGGTCTCCGAGG_6",15161,2964.84854900004,2003,0.102522042239081,-0.0687276671624941,"G1",0.670825335892514,17.9783664910458,"Chromaffin cells","GTGCTGGTCTCCGAGG_6",2.76874061449667,8.99690710717429,18.4558507957043
"GTTACCCCACATCATG_6",15161,4124.06655740015,3742,0.0725689404934688,0.243170913733867,"S",0.22936660268714,18.2304674732942,"Neuroblasts","GTTACCCCACATCATG_6",2.86155792101522,-4.9512587863804,NA
"TAATCTCTCTATTTCG_6",15161,3803.37834970014,3318,0.0871513944223107,-0.0631140998144771,"G1",0.873320537428023,5.79273998960653,"SCPs","TAATCTCTCTATTTCG_6",-7.99496630803446,1.40253149682273,2.47444023928435
"TACGCTCGTATCGATC_6",15161,3019.04066259991,1814,0.279503105590062,0.112374494985945,"S",0.366602687140115,15.0798335122135,"Neuroblasts","TACGCTCGTATCGATC_6",4.15165730341574,-3.07173336333047,NA
"TATACCTTCAGTCACA_6",15161,4014.03114508988,3406,0.0414651002073255,0.149975677082375,"S",0.419385796545106,18.2904400331048,"Neuroblasts","TATACCTTCAGTCACA_6",2.78190275057455,-4.89711154288064,NA
"TCACTATGTCTTTCTA_6",15161,4071.06082640004,3886,0.0693343898573693,-0.0301231258623985,"G1",0.935700575815739,5.85364936734367,"SCPs","TCACTATGTCTTTCTA_6",-8.16398028508524,0.84956621342887,2.46189923339098
"TCAGGTATCAGGAAAT_6",15161,3690.19066686007,2947,0.0317107975265578,-0.0594552450725581,"G1",0.464491362763916,17.9783704214092,"Chromaffin cells","TCAGGTATCAGGAAAT_6",2.75964876040121,9.56086336785544,18.7750829603712
"TCATTGTAGCAGTAAT_6",15161,3759.44576539994,2880,0.118163403106009,0.246241413233734,"S",0.391554702495202,16.14902888499,"Neuroblasts","TCATTGTAGCAGTAAT_6",2.52166934832235,-3.6687971431614,NA
"TCGACCTCAGCTACCG_6",15161,3499.35010471992,3012,0.0752162467092892,-0.098737474189415,"G1",0.731285988483685,17.97837135721,"Chromaffin cells","TCGACCTCAGCTACCG_6",2.98727961405416,9.18592344933738,18.4774055748102
"TCGACCTCAGGAACCA_6",15161,3951.57412100021,3926,0.0796953865226246,-0.0319333199020595,"G1",0.956813819577735,5.24421893096042,"Bridge","TCGACCTCAGGAACCA_6",-0.491935041181245,1.10944908076514,9.83373668344012
"TCGCACTGTGCGTGCT_6",15161,3340.27604840011,2110,0.0853727945361411,0.0316176371517362,"S",0.357965451055662,18.9633512631652,"Neuroblasts","TCGCACTGTGCGTGCT_6",2.09451337679525,-5.07113898581277,NA
"TCTAACTAGGTAAGTT_6",15161,2534.16523019999,1177,0.248601615910503,0.344256110424682,"G2M",0.756238003838772,5.58230556987844,"SCPs","TCTAACTAGGTAAGTT_6",-6.66430071965555,0.277387760221854,3.79324442011689
"TCTAACTCAGCTTCCT_6",15161,3610.10585060018,3032,0.0131302521008403,-0.0211661478744172,"G1",0.657389635316699,6.31743523526261,"Bridge","TCTAACTCAGCTTCCT_6",0.189358790956936,1.97550951653709,10.7355682945604
"TCTACCGCACAATGCT_6",15161,3354.06011880013,2536,0.252844500632111,-0.116417541016445,"G1",0.775431861804223,17.9783724801709,"Chromaffin cells","TCTACCGCACAATGCT_6",2.88608022555014,8.77069269829978,18.2592988704235
"TCTATACGTCTCTCCA_6",15161,3221.67967890011,2520,0.0616237867816977,-0.101644310333417,"G1",0.779270633397313,17.9783726673311,"Chromaffin cells","TCTATACGTCTCTCCA_6",1.84593244417807,8.52860962563743,18.6112083816013
"TCTCACGCAATGTTGC_6",15161,4013.47789740005,3732,0.0790424570912376,-0.060393529269071,"G1",0.780230326295585,5.89670977515028,"Bridge","TCTCACGCAATGTTGC_6",0.0123180054058646,1.45741634780158,10.3891695113008
"TCTCCGACACCCTTAC_6",15161,4210.87574410002,4183,0.037839371866427,0.301320058054071,"S",0.530710172744722,19.1590887601595,"Neuroblasts","TCTCCGACACCCTTAC_6",3.0244650445809,-5.49118674582253,NA
"TGAATCGAGTCACTAC_6",15161,3249.30062869999,2385,0.0889679715302491,-0.0347627102995399,"G1",0.779270633397313,17.9783734159717,"Chromaffin cells","TGAATCGAGTCACTAC_6",2.99059601648947,8.43099009209861,17.9711765756664
"TGACCCTTCCGTCACT_6",15161,3391.17052407996,2961,0.0917957544463569,-0.0729720789083984,"G1",0.78214971209213,17.9783736031319,"Chromaffin cells","TGACCCTTCCGTCACT_6",2.94375987871786,9.35595499688376,18.5718124812012
"TGATCTTTCGCTGATA_6",15161,3262.86712819997,2351,0.113186191284663,0.0270242594664307,"S",0.87236084452975,17.9783745389327,"Chromaffin cells","TGATCTTTCGCTGATA_6",2.64149256571432,8.94787966424216,18.4902578327034
"TGCAGTATCAGCGGAA_6",15161,4333.41861556998,4675,0.171512577589023,-0.125467398146801,"G1",0.546065259117082,23.5001254153894,"Neuroblasts","TGCAGTATCAGCGGAA_6",0.207710345827541,-8.36714757269631,NA
"TGCGACGGTAGGAGTC_6",15161,3246.49405759992,2334,0.0919963201471941,-0.0437072948842507,"G1",0.728406909788868,17.978374913253,"Chromaffin cells","TGCGACGGTAGGAGTC_6",2.66931243761679,8.86730753594627,18.4110289176052
"TGCGGGTCAACCGTAT_6",15161,3990.83734440007,3547,0.224748810153358,-0.117410532041416,"G1",0.777351247600768,17.9783751004132,"Chromaffin cells","TGCGGGTCAACCGTAT_6",2.30497547014853,8.68416201287498,18.4810733228378
"TGGAACTGTACCTGTA_6",15161,3558.00217980003,3560,0.0442321302193914,-0.0317197573784611,"G1",0.736084452975048,18.0762609290102,"Chromaffin cells","TGGAACTGTACCTGTA_6",1.55943890436789,8.21858154946555,18.5479778816912
"TGGAGAGAGCTGAAAT_6",15161,3976.45189230011,3680,0.141193081539005,-0.0988029720568005,"G1",0.921305182341651,5.07827968022545,"Bridge","TGGAGAGAGCTGAAAT_6",-0.352209197736778,1.1038662713169,9.96228194622188
"TGGAGAGCAAAGGCAC_6",15161,3491.72399085005,2679,0.147275405007364,-0.0545827133465284,"G1",0.784069097888676,17.9783758490538,"Chromaffin cells","TGGAGAGCAAAGGCAC_6",2.85334606989523,8.94045149499168,18.3600961613083
"TGGGCGTAGAGTCTTC_6",15161,3669.36255519997,2791,0.0713775874375446,0.214952201870675,"S",0.36084452975048,18.5582209593959,"Neuroblasts","TGGGCGTAGAGTCTTC_6",2.74079914911886,-4.05820096319924,NA
"TGGGCTGGTTGTGCAT_6",15161,3975.74449129983,3850,0.0813752415827484,-0.0725264184974682,"G1",0.998080614203455,4.39117569795826,"Bridge","TGGGCTGGTTGTGCAT_6",-1.4276663459907,0.976543478310004,8.92189604866195
"TGTACAGCATCGCTAA_6",15161,3661.44232420015,3630,0.050761421319797,-0.121697617741196,"G1",0.72936660268714,17.1710360811465,"Chromaffin cells","TGTACAGCATCGCTAA_6",1.64727707728048,7.41378199273337,17.8206743241436
"TGTGCGGGTTAGAGTA_6",15161,2938.81174130005,1805,0.0815660685154976,-0.11113945894515,"G1",0.645873320537428,17.9783762233742,"Chromaffin cells","TGTGCGGGTTAGAGTA_6",2.94430347307821,8.95099341088523,18.316414323942
"TGTTTGTTCATTCTTG_6",15161,3677.58921250007,2855,0.0985059924478739,-0.0436996574942799,"G1",0.968330134357006,6.52912480751033,"SCPs","TGTTTGTTCATTCTTG_6",-8.0274775423179,2.33011364155997,2.19541712362711
"TTACCATGTCCAAATC_6",15161,2958.39395580007,1604,0.410004100041,-0.0502223888603002,"G2M",0.646833013435701,5.46862831764604,"SCPs","TTACCATGTCCAAATC_6",-6.84163359776834,0.302827797472373,3.6623773474049
"TTAGGGTGTGGTCTCG_6",15161,3216.41469659991,2380,0.0862217623728229,-0.0581301680500139,"G1",0.767754318618042,17.978377159175,"Chromaffin cells","TTAGGGTGTGGTCTCG_6",2.38131042345663,8.80512701684226,18.4928404066919
"TTCACGCCACGGATCC_6",15161,3613.74590760005,3058,0.073827980804725,-0.0886414054671609,"G1",0.513435700575816,17.9783773463351,"Chromaffin cells","TTCACGCCACGGATCC_6",2.89982004984518,9.43096148186912,18.6578350127672
"TTCATTGGTATGTCAC_6",15161,4081.30727200002,3797,0.112968820605513,-0.0969371571163397,"G2M",0.352207293666027,19.0863669770162,"Neuroblasts","TTCATTGGTATGTCAC_6",2.4882843099465,-5.34701121634255,NA
"TTCTTGACAAGGTTGG_6",15161,3968.2012785198,4935,0.0792267469497702,-0.138207771046851,"G1",0.63915547024952,17.9856184181653,"Chromaffin cells","TTCTTGACAAGGTTGG_6",1.53835960253378,8.47382103615989,18.751209547269
"TTCTTGATCCCATTTA_6",15161,3973.91626879977,3459,0.0902643455834945,-0.146789082958151,"G1",0.934740882917466,9.14234895522243,"Late SCPs","TTCTTGATCCCATTTA_6",-10.2538335718284,1.05889569932212,NA
"TTGACCCAGAGAGCCT_6",15161,4645.9423980999,4848,0.0363801728058208,-0.0958170620029602,"G1",0.452015355086372,19.8830356405974,"Neuroblasts","TTGACCCAGAGAGCCT_6",2.39201732500692,-5.57773078268777,NA
"TTGAGTGAGAATCGAT_6",15161,3514.89564711996,2796,0.130165961601041,-0.111224291558827,"G1",0.861804222648752,5.1796076511052,"Bridge","TTGAGTGAGAATCGAT_6",-0.442358971021571,1.2383243959545,9.90333754971812
"TTGGGTATCCTACTGC_6",15161,3801.41016464987,3090,0.0867553499132447,0.0318043037275372,"S",0.481765834932821,16.1490290721502,"Neuroblasts","TTGGGTATCCTACTGC_6",2.70812960489889,-3.69443381613503,NA
"TTTGATCCAGACGCTC_6",15161,3765.97169050013,2939,0.0834724540901502,-0.0870551915933358,"G1",0.690978886756238,16.1490292593103,"Neuroblasts","TTTGATCCAGACGCTC_6",3.02036043032309,-3.50293696707497,NA
"TTTGATCCAGGACATG_6",15161,3275.23673839992,2103,0.105401844532279,-0.0215586001169781,"G1",0.612284069097889,17.9783805280579,"Chromaffin cells","TTTGATCCAGGACATG_6",2.75651856287619,8.98031126672019,18.4498071012362
"TTTGGTTTCTGGCCAG_6",15161,4265.0197715999,4678,0.0741539706080626,-0.0934047779781474,"G1",0.897312859884837,5.86140102341999,"SCPs","TTTGGTTTCTGGCCAG_6",-8.15448407307962,0.914125851929084,2.45351143027724
"AAACCCAGTACTCCGG_7",15084,3378.64432380003,2233,0.212596332713261,-0.0346154582584126,"G1",0.999040307101727,4.41023908767666,"Bridge","AAACCCAGTACTCCGG_7",-1.58020130769114,1.03022598439445,8.77539742981906
"AAACGAAGTGCACATT_7",15084,2214.7870385,920,1.63487738419619,-0.0965898007703346,"G2M",0.488483685220729,4.09589784885473,"SCPs","AAACGAAGTGCACATT_7",-6.5468833841453,0.386120177447692,3.90040003614567
"AAAGGTATCTACGCAA_7",15084,3720.89809240014,3011,0.186314363143631,-0.0611106179840087,"G1",0.76679462571977,20.8172750013504,"Chromaffin cells","AAAGGTATCTACGCAA_7",0.299000521742306,9.87043749505271,20.511245833544
"AAAGTCCAGACAGCTG_7",15084,4112.63960280011,3662,0.197420373782574,-0.029199629126646,"G1",0.4021113243762,18.9155430761514,"Neuroblasts","AAAGTCCAGACAGCTG_7",2.56867690905233,-4.94488776510964,NA
"AACAAGAAGTGGAATT_7",15084,3005.99963319996,1752,0.137931034482759,0.185387208888521,"S",0.199616122840691,18.3667704433961,"Neuroblasts","AACAAGAAGTGGAATT_7",2.1411916814675,-3.88918126410256,NA
"AACAGGGAGATAACAC_7",15084,3961.8105027999,3067,0.141068594604126,-0.0863132854073449,"G1",0.892514395393474,1.69869264364477,"Bridge","AACAGGGAGATAACAC_7",-2.75113681928019,1.14761703425635,7.6161088382864
"AACCTGACAAATAAGC_7",15084,3892.19177570007,3065,0.0966339185053954,-0.0606384360841,"G1",0.380038387715931,19.047677395711,"Neuroblasts","AACCTGACAAATAAGC_7",2.63712831362387,-4.88015139883767,NA
"AACCTTTCAGAGATGC_7",15084,4231.34258510015,4211,0.21056853504462,-0.0950097760101133,"G1",0.438579654510557,19.9491890734261,"Neuroblasts","AACCTTTCAGAGATGC_7",2.10799857004782,-5.74688065832864,NA
"AAGAACACACGCTGTG_7",15084,3972.91440109976,3429,0.108769544527532,0.180749175338862,"S",0.509596928982726,19.0187720241256,"Neuroblasts","AAGAACACACGCTGTG_7",2.35749598368307,-5.26611722296487,NA
"AAGCCATCAGTGGCTC_7",15084,3266.40216590005,2173,0.12370113805047,-0.105769258279813,"G1",0.547024952015355,20.6919058952437,"Chromaffin cells","AAGCCATCAGTGGCTC_7",0.980977257334194,10.7286509197353,20.4201029916264
"AAGTCGTTCCGTAGGC_7",15084,3813.6938020998,2917,0.31493145609485,-0.0883676813049625,"G1",0.286948176583493,19.0184659997882,"Neuroblasts","AAGTCGTTCCGTAGGC_7",2.00907870157858,-5.26359856909524,NA
"AATCACGTCTGGACCG_7",15084,3990.65438709986,3464,0.274800769442154,0.455654612689441,"S",0.345489443378119,19.1032046198598,"Neuroblasts","AATCACGTCTGGACCG_7",2.65880032404562,-5.31010735815774,NA
"AATCGTGTCGAACCAT_7",15084,3195.24627419994,2012,0.111700642278693,-0.064729530716693,"G1",0.295585412667946,13.748811931381,"Neuroblasts","AATCGTGTCGAACCAT_7",1.77439638003012,-3.18259275740395,NA
"AATGACCCAGGCGTTC_7",15084,3510.40029240001,2411,0.260972716488731,-0.0202983295011988,"G1",0.31573896353167,19.0184661869483,"Neuroblasts","AATGACCCAGGCGTTC_7",2.25046606882711,-5.2265273410679,NA
"AATGACCGTAGCTTTG_7",15084,3888.73032840002,2884,0.197941409342834,-0.14090455990458,"G2M",0.4510556621881,18.5582213337162,"Neuroblasts","AATGACCGTAGCTTTG_7",2.65648098810812,-4.05884230917703,NA
"ACAAGCTTCGCCAATA_7",15084,3306.32673990001,2114,0.159024648820567,-0.0356076805392574,"G1",0.499040307101727,21.9248149563209,"Chromaffin cells","ACAAGCTTCGCCAATA_7",0.523306389891109,10.6856774013637,20.7503231521362
"ACACCAACAAAGGCAC_7",15084,3150.10157239997,1981,0.18796992481203,-0.074034087012039,"G1",0.434740882917466,15.0249547717342,"Neuroblasts","ACACCAACAAAGGCAC_7",1.90119548662802,-3.42712558096658,NA
"ACCACAAGTAGGAAAG_7",15084,3223.37118459995,2120,0.0984251968503937,-0.136693663639362,"G1",0.49616122840691,20.4442089744483,"Chromaffin cells","ACCACAAGTAGGAAAG_7",0.999699314676723,10.0256899517177,20.0580902075741
"ACCCTTGTCGACCAAT_7",15084,3595.86109070012,2710,0.077264825188333,-0.049324351382661,"G1",0.498080614203455,20.3015684111269,"Chromaffin cells","ACCCTTGTCGACCAAT_7",0.8734743200173,9.92460238152732,20.1003565924465
"ACCTACCGTTCTCTAT_7",15084,4114.10747471976,3633,0.16083137448967,-0.0196458003109417,"G1",0.568138195777351,19.1324001680864,"Neuroblasts","ACCTACCGTTCTCTAT_7",2.44195671900412,-5.45810521429788,NA
"ACGATCAGTCATCAGT_7",15084,3607.68808150002,2933,0.171019900497512,0.0319888995756114,"S",0.718809980806142,20.7352908564041,"Chromaffin cells","ACGATCAGTCATCAGT_7",0.672450741373501,10.3122595470547,20.4457241311058
"ACGGTCGTCTCTGCTG_7",15084,3201.54385339996,2256,0.0645300064530007,-0.0445936745510476,"G1",0.599808061420345,20.279852769718,"Chromaffin cells","ACGGTCGTCTCTGCTG_7",1.00248940809866,9.88174997979392,19.9929046646981
"ACGTACAGTAGATTAG_7",15084,3718.16236200015,2842,0.305576776165011,-0.122744073187531,"G1",0.825335892514395,4.77903354122517,"Bridge","ACGTACAGTAGATTAG_7",-0.769452432549992,1.04692082816352,9.56458033686114
"ACGTCCTTCATGGATC_7",15084,3894.58228813982,3096,0.358890701468189,-0.00775493560898219,"G1",0.343570057581574,19.053805864891,"Neuroblasts","ACGTCCTTCATGGATC_7",2.13170643671652,-5.15761721915017,NA
"ACGTTCCAGTAGAATC_7",15084,3053.82404609998,2105,0.0466635557629491,-0.0893734063321381,"G1",0.657389635316699,20.5704081197634,"Chromaffin cells","ACGTTCCAGTAGAATC_7",0.632627805315456,9.67142855340232,20.1454300416196
"ACTACGACAGACACAG_7",15084,4148.93103159989,3603,0.949497729461951,-0.0603402679061156,"G1",0.565259117082534,18.7912049289006,"Neuroblasts","ACTACGACAGACACAG_7",2.26166983469625,-4.97113860434304,NA
"ACTATTCTCGTGCGAC_7",15084,3077.62408640004,2000,0.102616726526424,0.0057944198023905,"S",0.693857965451056,20.5611295905012,"Chromaffin cells","ACTATTCTCGTGCGAC_7",1.16969629152914,10.0962227504848,19.9910328822283
"ACTGCAACATGAAAGT_7",15084,3431.03364169996,2472,0.23767082590612,-0.0204602577677871,"G1",0.309021113243762,20.0411456515372,"Neuroblasts","ACTGCAACATGAAAGT_7",1.97089811190268,-5.45609868353616,NA
"ACTTAGGCAATAGTAG_7",15084,3715.08302130018,2911,0.0496277915632754,-0.133675345566416,"G1",0.190978886756238,18.8471097243103,"Neuroblasts","ACTTAGGCAATAGTAG_7",2.54710694178244,-5.09581721609841,NA
"AGAAGTAAGAAGTGTT_7",15084,3566.07450580012,2601,0.100745516824501,-0.104677375001784,"G1",0.719769673704415,20.8065438387299,"Chromaffin cells","AGAAGTAAGAAGTGTT_7",0.660287221514187,10.6405838649868,20.6137976432731
"AGACAAAAGTAGTGCG_7",15084,3274.30797960004,2221,0.213827512473272,-0.0790282942145389,"G1",0.788867562380038,19.7823324238665,"Chromaffin cells","AGACAAAAGTAGTGCG_7",0.597657760225735,9.41767584496726,20.0310724232031
"AGACCCGCATGCGTGC_7",15084,4114.31742532024,4592,0.0466791144305148,-0.0251691112753015,"G1",0.522072936660269,19.6357668369148,"Neuroblasts","AGACCCGCATGCGTGC_7",2.51474352701803,-5.81859505957375,NA
"AGACCCGTCACCACAA_7",15084,3803.89470699983,2929,0.102564102564103,-0.0199287403613088,"G1",0.918426103646833,6.80305823954109,"SCPs","AGACCCGTCACCACAA_7",-8.87787608281473,0.810649968325988,1.62751493752305
"AGACTCATCAGGACGA_7",15084,3134.51098010002,1875,0.391006842619746,-0.0438503484194206,"G1",0.313819577735125,16.1490301951111,"Neuroblasts","AGACTCATCAGGACGA_7",2.26423521860739,-3.55676043814431,NA
"AGAGAATTCTGACGCG_7",15084,3181.95547079996,1955,0.123685837971552,-0.00727322381008459,"G1",0.558541266794626,22.0336001976109,"Chromaffin cells","AGAGAATTCTGACGCG_7",-0.139869371808567,11.3317640941738,21.5799401555494
"AGAGAGCAGCTCAGAG_7",15084,3771.31246420018,2806,0.530705079605762,-0.114430968483891,"G1",0.764875239923225,9.12460497576538,"Late SCPs","AGAGAGCAGCTCAGAG_7",-10.4180496133933,0.956664524614707,NA
"AGATCCACAGAAGTGC_7",15084,3168.43846310004,1899,0.29479200786112,0.291661428139575,"S",0.434740882917466,18.3667715663571,"Neuroblasts","AGATCCACAGAAGTGC_7",2.21715708597799,-3.77487958258401,NA
"AGATGCTCACTACCCT_7",15084,4147.28794694987,3933,0.0824062628759786,-0.0571184040650965,"G1",0.993282149712092,1.74719850454302,"Bridge","AGATGCTCACTACCCT_7",-3.11326746121744,1.26141678506126,7.24753781002137
"AGATGCTTCGGCATAT_7",15084,3707.28550669992,3551,0.131521262604121,-0.148922145724444,"G1",0.608445297504798,20.7986750635906,"Chromaffin cells","AGATGCTTCGGCATAT_7",0.480214556299648,9.60256373101462,20.2278527637036
"AGCGATTCAAATGGAT_7",15084,3797.27450119986,3120,0.121010437150204,-0.109032712409742,"G1",0.415547024952015,19.142191111752,"Neuroblasts","AGCGATTCAAATGGAT_7",2.64126368387838,-5.39521992987405,NA
"AGCGCCACACAGTACT_7",15084,3564.31652760015,2672,0.132000754290025,-0.121824838572477,"G1",0.68042226487524,19.7754679829718,"Chromaffin cells","AGCGCCACACAGTACT_7",0.543963035189113,9.43505942040672,20.0775504769198
"AGCGCTGCAATCAAGA_7",15084,3199.76057609994,2379,0.0200400801603206,-0.138797756207877,"G1",0.738003838771593,18.9163681754061,"Chromaffin cells","AGCGCTGCAATCAAGA_7",0.747388442598781,9.26089274102439,19.8236203295917
"AGGAATAAGCCTTCTC_7",15084,3342.28795780015,2269,0.209351011863224,0.00866586070831085,"S",0.348368522072937,18.2997088953545,"Neuroblasts","AGGAATAAGCCTTCTC_7",2.74725743158957,-4.95890487021218,NA
"AGGGCTCTCCATTCAT_7",15084,3973.52093288,3471,0.0528611074402009,0.314904562383359,"S",0.592130518234165,21.6451829329417,"Chromaffin cells","AGGGCTCTCCATTCAT_7",0.549568255983791,11.1123961132168,20.924189177872
"AGGTCTAAGAAGCCAC_7",15084,4683.04896084004,6104,0.192317688029523,0.116078593377969,"S",0.847408829174664,4.69983602983354,"Bridge","AGGTCTAAGAAGCCAC_7",-0.474022121548154,-0.181065209567651,9.69127096860955
"AGTAACCAGCTGTGCC_7",15084,3758.52079609993,3134,0.166288737717309,-0.000328734798047875,"G2M",0.886756238003839,5.12800473814156,"Bridge","AGTAACCAGCTGTGCC_7",-0.308557192243137,1.1943015974163,10.0225748026476
"AGTAACCCACGGGCTT_7",15084,3971.80070040005,3233,0.15600624024961,0.100924344580646,"S",0.994241842610365,2.28615072721266,"SCPs","AGTAACCCACGGGCTT_7",-5.74416712895731,1.26942943745841,4.63659669223757
"AGTAGCTGTTCGATTG_7",15084,3533.7252768001,2716,0.032441200324412,-0.016724265202187,"G1",0.882917466410749,9.0463491713817,"Late SCPs","AGTAGCTGTTCGATTG_7",-10.4542224802146,0.913039199650184,NA
"AGTTCCCAGCAACAAT_7",15084,3749.22871750008,2938,0.0710227272727273,-0.0618403268332661,"G1",0.989443378119002,1.72339181526133,"Bridge","AGTTCCCAGCAACAAT_7",-2.81287626401285,1.40277915412177,7.53456717734106
"ATCACAGTCATGCCCT_7",15084,4739.00361281988,5566,0.217498070581632,-0.0315475376480883,"G2M",0.650671785028791,21.490826543384,"Neuroblasts","ATCACAGTCATGCCCT_7",1.96837325914999,-5.89119065588723,NA
"ATCGGATGTCCAGGTC_7",15084,3909.27191680002,3202,0.0610035077016929,0.187246651590533,"S",0.419385796545106,18.3667723149977,"Neuroblasts","ATCGGATGTCCAGGTC_7",2.20155115946432,-3.7676740962864,NA
"ATCGGCGCACTCAAGT_7",15084,3169.70181829991,1853,0.201139792155548,-0.0457144382723094,"G2M",0.980806142034549,4.09589803601489,"SCPs","ATCGGCGCACTCAAGT_7",-6.64347008839945,1.28236233407249,3.74145175067583
"ATGAAAGGTTGCTAGT_7",15084,3261.08482259996,2099,0.245901639344262,-0.010757968004485,"G1",0.650671785028791,20.8740566990718,"Chromaffin cells","ATGAAAGGTTGCTAGT_7",0.397767146669826,10.4379671733974,20.7254527125846
"ATGACCAAGACTCGAG_7",15084,4655.62157050012,5638,0.220639223349934,-0.0894223981169,"G1",0.663147792706334,19.646755445239,"Neuroblasts","ATGACCAAGACTCGAG_7",2.45818038805624,-5.79510749167214,NA
"ATGACCAAGCGATTCT_7",15084,3960.35044420008,3141,0.232558139534884,-0.106254806497349,"G1",0.930902111324376,9.14234932954275,"Late SCPs","ATGACCAAGCGATTCT_7",-10.0926969446311,0.968117795526877,NA
"ATGGTTGAGCCATTCA_7",15084,3668.86612820016,2463,0.297397769516729,-0.0770742450119173,"G2M",0.646833013435701,17.5886344034303,"Neuroblasts","ATGGTTGAGCCATTCA_7",3.20582910402914,-4.06980527228127,NA
"ATTATCCCACCTCTAC_7",15084,3978.65316970024,3783,0.129046133992902,-0.0745326638177594,"G1",0.999040307101727,4.40519471668256,"Bridge","ATTATCCCACCTCTAC_7",-1.49831227437357,1.00572308117141,8.8521405425032
"ATTCATCTCATCACTT_7",15084,3927.04257870003,3282,0.083344909015141,-0.0469318964969725,"G1",0.963531669865643,5.47153183431807,"SCPs","ATTCATCTCATCACTT_7",-7.74336318150858,0.708459213018313,2.92026616439385
"ATTCCTAGTGGGAGAG_7",15084,2904.6907101999,1648,0.261584454409567,-0.0319669744093383,"G2M",0.510556621880998,5.20476682579446,"Bridge","ATTCCTAGTGGGAGAG_7",-0.484265938780704,1.17191909962882,9.85132419594951
"ATTCTACTCTCCGAAA_7",15084,3712.46659240005,2908,0.104511409162167,-0.046633906820084,"G1",0.982725527831094,4.84117914415815,"Bridge","ATTCTACTCTCCGAAA_7",-0.833439121402302,1.06394910031547,9.50264767764535
"ATTTCACCACCAGGTC_7",15084,2739.62876410003,1455,0.0833680700291788,-0.0214207665934919,"G1",0.561420345489443,21.8037594460551,"Chromaffin cells","ATTTCACCACCAGGTC_7",0.541625698648891,10.8390062969326,20.7964768828307
"CAAAGAAGTACGAAAT_7",15084,3578.32477651992,2878,0.0633813975598162,-0.056871611168243,"G1",0.748560460652591,20.5486358016527,"Chromaffin cells","CAAAGAAGTACGAAAT_7",0.81964643820425,10.1501740139126,20.2537625489699
"CAACCTCGTTACAGCT_7",15084,3982.76642720022,3263,0.124204316099984,0.280147267152122,"S",0.816698656429942,5.83141553613407,"SCPs","CAACCTCGTTACAGCT_7",-8.16699198857645,0.613943058639661,2.54189004843721
"CAAGAGGGTGTATTCG_7",15084,3229.78831409993,2043,0.113862795331625,-0.0858118472378549,"G1",0.470249520153551,20.7252100196878,"Chromaffin cells","CAAGAGGGTGTATTCG_7",1.13135274275442,10.5979870479702,20.2539051994976
"CAATGACGTTGTAGCT_7",15084,3169.50975920008,2372,0.0865800865800866,-0.104058979695639,"G1",0.68426103646833,20.3380526500024,"Chromaffin cells","CAATGACGTTGTAGCT_7",1.00081809385916,9.93284689599265,20.0253683432517
"CAATGACTCGCGTGCA_7",15084,4368.68441219985,3555,0.486045782376921,0.0487731195594449,"G2M",0.898272552783109,5.3928104396794,"SCPs","CAATGACTCGCGTGCA_7",-7.20099000111917,0.462743349015609,3.42951996089982
"CACATGATCGGCTGTG_7",15084,3704.44732829999,2784,0.0746268656716418,-0.0335296460553156,"G1",0.390595009596929,19.0418816085837,"Neuroblasts","CACATGATCGGCTGTG_7",1.88777109011312,-5.08134187048684,NA
"CACCAAAGTCTACGTA_7",15084,3235.56315139993,2203,0.215311004784689,-0.088116940217969,"G1",0.750479846449136,19.7859445348454,"Chromaffin cells","CACCAAAGTCTACGTA_7",0.684387048326931,9.45608221703757,19.9857130278354
"CACTGGGAGTCGAAAT_7",15084,3290.84788199985,2503,0.32426589803639,-0.0560949797080575,"G1",0.941458733205374,5.40352241776015,"Bridge","CACTGGGAGTCGAAAT_7",-0.615847746289768,1.0892777364849,9.71525766659937
"CAGATCACAGATCACT_7",15084,3419.59703489995,2248,0.131199160325374,-0.0856466639125123,"G1",0.435700575815739,16.1490309437518,"Neuroblasts","CAGATCACAGATCACT_7",2.53451271875998,-3.70878899878274,NA
"CAGCGTGTCGGACGTC_7",15084,2758.70403639996,1477,0.257289879931389,-0.0740096229602398,"G1",0.213051823416507,15.0249551460545,"Neuroblasts","CAGCGTGTCGGACGTC_7",2.04443689211508,-3.42737878149758,NA
"CATACAGGTTTCGTAG_7",15084,3780.88557460016,3324,0.11079650375477,-0.0577447278589351,"G1",0.475047984644914,19.8780035055351,"Neuroblasts","CATACAGGTTTCGTAG_7",2.16254492624899,-5.7101937610508,NA
"CATCGCTCATCGATCA_7",15084,2897.59783980001,1508,0.429799426934098,-0.0122110539512267,"G1",0.603646833013436,7.74968476674822,"Late SCPs","CATCGCTCATCGATCA_7",-9.28287772313456,-0.00483609026680853,NA
"CATCGGGAGGCAGGTT_7",15084,3451.70925749996,2232,0.306577480490524,0.0395489454386236,"S",0.532629558541267,18.9967596313493,"Neuroblasts","CATCGGGAGGCAGGTT_7",2.36927433832785,-4.60724271124612,NA
"CATCGTCGTAGGCTCC_7",15084,3798.53402839999,2783,0.330920372285419,0.0300809619554395,"S",0.474088291746641,19.0325733995525,"Neuroblasts","CATCGTCGTAGGCTCC_7",2.57281704767843,-4.81787598913918,NA
"CATGAGTGTCGCATTA_7",15084,3536.06488040004,2387,0.261344737467332,-0.115361548743388,"G1",0.863723608445297,7.79486152428665,"Late SCPs","CATGAGTGTCGCATTA_7",-9.37373999730448,0.192766211569205,NA
"CATGCCTGTGGCATCC_7",15084,2853.7102192001,1567,0.194476857253987,-0.0764634839422939,"G1",0.807101727447217,6.17692052105813,"Bridge","CATGCCTGTGGCATCC_7",0.0798254214157675,1.95945500546683,10.6073441207133
"CATGCGGCACCTGCAG_7",15084,3342.6302649001,2313,0.0442184390891002,0.0525295614784277,"S",0.722648752399232,5.80987111625069,"Bridge","CATGCGGCACCTGCAG_7",-0.0925117828021432,1.4846327226757,10.295411108771
"CCACGAGGTGTGTGGA_7",15084,3103.30164680004,1910,0.179856115107914,-0.122439908109604,"G1",0.673704414587332,20.3484297798282,"Chromaffin cells","CCACGAGGTGTGTGGA_7",0.817141731821499,9.97593199425925,20.1761245159187
"CCACGTTTCCTCTAAT_7",15084,3400.47094449994,2351,0.139632301605771,0.050218203902077,"S",0.607485604606526,21.8769079235982,"Chromaffin cells","CCACGTTTCCTCTAAT_7",-0.0585281349788095,10.7669428508877,21.2455267881939
"CCCTCAATCCAACTAG_7",15084,4059.42885198008,3355,0.161574618096357,0.234918798666403,"S",0.928023032629559,5.39281062683956,"SCPs","CCCTCAATCCAACTAG_7",-7.62106589452127,0.673184953272239,3.04754642818261
"CCGTAGGGTTTGTTGG_7",15084,3301.90244979993,2144,0.202994163917787,-0.0805476286433006,"G1",0.583493282149712,25.2312370610583,"Chromaffin cells","CCGTAGGGTTTGTTGG_7",-1.16965828315119,11.909597269833,22.8550070429183
"CCTAACCGTATGCTAC_7",15084,4265.43072378002,3892,0.227136879856545,0.616171583657359,"S",0.880038387715931,5.88452311198126,"SCPs","CCTAACCGTATGCTAC_7",-8.40459326878885,0.688605747759238,2.2476264528269
"CCTCACACAGACAAAT_7",15084,3866.13621989993,3561,0.106371662589086,-0.0524349376828696,"G1",0.394433781190019,20.0079986877384,"Neuroblasts","CCTCACACAGACAAAT_7",2.64458747728964,-5.53469193762551,NA
"CCTCTCCGTAGGTCAG_7",15084,3382.23599249997,2291,0.0928936367858802,-0.064759489788835,"G1",0.633397312859885,22.0516893225099,"Chromaffin cells","CCTCTCCGTAGGTCAG_7",-0.328103790439167,11.4094799678921,21.7798852904912
"CGAAGGACAGTGAGCA_7",15084,3941.2020771002,2959,0.224306688417618,-0.0679107915730443,"G1",0.303262955854127,18.8458246767022,"Neuroblasts","CGAAGGACAGTGAGCA_7",2.02619834765097,-4.95335305517922,NA
"CGACAGCAGAATCGAT_7",15084,3530.65911909983,2553,0.123558484349259,-0.071998346457236,"G1",0.673704414587332,20.88614194694,"Chromaffin cells","CGACAGCAGAATCGAT_7",0.378829976164303,10.4912050884365,20.7522623871084
"CGAGGCTTCTTAGCCC_7",15084,2984.88164080003,1818,0.182038834951456,-0.0503059152918604,"G1",0.571976967370441,18.9178372065147,"Chromaffin cells","CGAGGCTTCTTAGCCC_7",0.914169987284145,9.35991751366843,19.7564228988511
"CGAGTGCTCCGCTAGG_7",15084,3594.90145329992,2701,0.206262891430714,-0.0829294740771824,"G1",1,4.41024002347746,"Bridge","CGAGTGCTCCGCTAGG_7",-1.5790483154426,1.19080399686088,8.77805431993101
"CGCATAATCGTCAGAT_7",15084,3456.93086979999,2568,0.133358734997142,-0.0963630359029214,"G1",0.644913627639155,20.3584879133405,"Chromaffin cells","CGCATAATCGTCAGAT_7",0.868890722834072,9.97512137109031,20.1338651736706
"CGCGTGAAGCTACTAC_7",15084,3581.15789700013,2526,0.113096584483149,-0.119010474154425,"G1",0.994241842610365,1.77069904078471,"Bridge","CGCGTGAAGCTACTAC_7",-3.14778498784403,1.22387414389838,7.21660748917524
"CGCGTGACATCGGATT_7",15084,4350.2517394,4442,0.0841357389922408,0.113279500874183,"S",0.693857965451056,19.15908932164,"Neuroblasts","CGCGTGACATCGGATT_7",2.80132289751669,-5.48317635840188,NA
"CGGAACCTCATAGAGA_7",15084,3103.7225004999,2029,0.37604082728982,-0.0931889333947052,"G1",0.831094049904031,5.27374406815111,"Bridge","CGGAACCTCATAGAGA_7",-0.277879232920208,1.36313580685844,10.0852759880164
"CGGCAGTGTCTTCTAT_7",15084,3847.40637420013,3018,0.264270613107822,-0.1091366289132,"G1",0.404030710172745,18.9896930892133,"Neuroblasts","CGGCAGTGTCTTCTAT_7",1.94077130182882,-5.0516563732029,NA
"CGTAAGTAGCGATGCA_7",15084,3001.89539569993,1826,0.0898741761533853,-0.00990564501906512,"G1",0.388675623800384,18.366773812279,"Neuroblasts","CGTAAGTAGCGATGCA_7",1.92866845949789,-3.67537225073586,NA
"CGTGAATAGGTGCTAG_7",15084,3992.80848025018,3416,0.141964792731403,-0.0255960248550165,"G1",0.525911708253359,19.0184682457101,"Neuroblasts","CGTGAATAGGTGCTAG_7",1.85312457903524,-5.19097388571511,NA
"CGTGATAAGTCTCCTC_7",15084,3500.41015650014,2465,0.409556313993174,-0.0669544132313513,"G1",0.547024952015355,25.6289846369511,"Late chromaffin cells","CGTGATAAGTCTCCTC_7",-3.1591811575065,8.66454302483787,22.783109869217
"CGTTCTGGTTCTCTAT_7",15084,3744.93085222005,3171,0.0837754817090198,-0.0702511904522174,"G1",0.605566218809981,20.8861423212604,"Chromaffin cells","CGTTCTGGTTCTCTAT_7",0.183069547258816,10.2012356441616,20.7664805089753
"CTATCTACATCGCTAA_7",15084,3570.28499479993,2494,0.18001800180018,-0.0815474656108363,"G1",0.300383877159309,18.7559683664832,"Neuroblasts","CTATCTACATCGCTAA_7",1.92455454691549,-4.77439130133401,NA
"CTCAAGACAACCTATG_7",15084,3622.02989970013,2658,0.130621384586677,0.206789235418765,"S",0.509596928982726,16.1490315052323,"Neuroblasts","CTCAAGACAACCTATG_7",2.31565805300375,-3.57861483877908,NA
"CTCAAGATCAAGAGTA_7",15084,2918.15845420005,1641,0.0392618767177071,-0.0884109744780645,"G1",0.453934740882917,20.825775109524,"Chromaffin cells","CTCAAGATCAAGAGTA_7",0.477234383665523,10.3612631481289,20.6171556635444
"CTCAGTCGTGTCCACG_7",15084,3414.67115639996,2213,0.47752808988764,0.0649249321645592,"S",0.884836852207294,1.69869301796509,"Bridge","CTCAGTCGTGTCCACG_7",-2.71760062352518,1.18058382683982,7.64709544172944
"CTCCACACATGTTCGA_7",15084,3632.08304106013,2877,0.0788022064617809,-0.103441309711801,"G1",0.791746641074856,6.95707120577832,"Bridge","CTCCACACATGTTCGA_7",0.174260934435329,2.4444361847042,10.9230341637522
"CTCCATGAGGCTGGAT_7",15084,3342.34374399997,2192,0.0786163522012579,-0.0489978827282563,"G1",0.596928982725528,21.9354500770477,"Chromaffin cells","CTCCATGAGGCTGGAT_7",-0.0325038231978799,11.2067640941738,21.4318348458455
"CTGCAGGTCTGGTGCG_7",15084,3427.1683085001,2259,0.151591712986357,0.179040236854721,"S",0.929942418426104,6.26961808371627,"SCPs","CTGCAGGTCTGGTGCG_7",-8.60899809972147,1.1841286342739,1.87354758200675
"CTGCGAGCATCAGTGT_7",15084,4152.03216690027,3539,0.849514563106796,-0.0313105905870276,"G2M",0.974088291746641,5.1606989257399,"Bridge","CTGCGAGCATCAGTGT_7",-0.342011953152218,0.90789609366645,9.93444697538849
"CTGTATTAGAAAGCGA_7",15084,3044.18132010001,2011,0.0770020533880904,-0.0405489992173578,"G1",0.68042226487524,20.7729471567313,"Chromaffin cells","CTGTATTAGAAAGCGA_7",0.371413131796322,9.81444060021628,20.4199319730979
"CTTACCGGTTCAAACC_7",15084,3525.78651950009,2410,0.095831336847149,-0.0838692998065893,"G1",0.601727447216891,21.6783171026133,"Chromaffin cells","CTTACCGGTTCAAACC_7",0.270009895407162,10.9654101055263,21.0757374429029
"CTTAGGACAATAGAGT_7",15084,3391.20511329995,2220,0.259201658890617,-0.031678953264657,"G1",0.378119001919386,15.0249560818554,"Neuroblasts","CTTAGGACAATAGAGT_7",2.00061102732321,-3.36357868498574,NA
"CTTCAATAGCTAATGA_7",15084,3606.85490749994,2552,0.1953125,-0.00508039411693381,"G1",0.418426103646833,10.4621760599973,"Chromaffin cells","CTTCAATAGCTAATGA_7",2.95944877489706,2.91157828980674,13.3369836357887
"CTTCTAAGTCAATCTG_7",15084,3201.53324459993,2133,0.0705882352941176,0.0338903980116978,"S",0.301343570057582,18.3667739994392,"Neuroblasts","CTTCTAAGTCAATCTG_7",2.29023524149557,-3.96060670202981,NA
"GAACACTAGTTTGCTG_7",15084,3863.06368969996,2947,0.279017857142857,-0.090400336718842,"G2M",0.459692898272553,21.645183307262,"Neuroblasts","GAACACTAGTTTGCTG_7",0.435232242189846,11.1694916408657,NA
"GAACGTTTCGGCTGAC_7",15084,4142.3290143,3973,0.167697306362017,0.215746881632264,"S",0.920345489443378,5.9058538111954,"SCPs","GAACGTTTCGGCTGAC_7",-8.41772107259134,0.807309679329291,2.20477744366817
"GACACGCTCTAGTCAG_7",15084,3505.45742969994,2518,0.186065743229274,-0.0721107949559862,"G1",0.539347408829175,20.7252113298089,"Chromaffin cells","GACACGCTCTAGTCAG_7",1.30524810179373,10.4461458843349,20.0594794994218
"GACTTCCAGATGAATC_7",15084,2851.88593089999,1669,0.134589502018843,-0.0675982203184328,"G1",0.760076775431862,6.08333521155309,"Bridge","GACTTCCAGATGAATC_7",0.00304024442335116,1.95769106560935,10.5336984110575
"GACTTCCTCTTTGATC_7",15084,3213.66176139992,2071,0.157728706624606,-0.0374610144395025,"G1",0.384836852207294,15.0249562690155,"Neuroblasts","GACTTCCTCTTTGATC_7",1.89444824083944,-3.39496649092446,NA
"GAGACCCAGGCTTAGG_7",15084,3434.20929580005,2415,0.111209964412811,-0.048064198714439,"G1",0.858925143953935,4.36672279516266,"Bridge","GAGACCCAGGCTTAGG_7",-1.2780326403747,0.945024899780646,9.06379271111949
"GAGACCCTCACGACTA_7",15084,3295.98379099997,2330,0.105529759392149,-0.0182276929372255,"G1",0.805182341650672,20.3367251815176,"Chromaffin cells","GAGACCCTCACGACTA_7",0.886360963427029,9.95289408379783,20.1066452311083
"GAGACTTGTCCACTTC_7",15084,3188.46346350008,1988,0.343347639484979,-0.0965541571885475,"G1",0.282149712092131,16.1490316923924,"Neuroblasts","GAGACTTGTCCACTTC_7",2.46605940683981,-3.72232735937844,NA
"GAGATGGCACCATAAC_7",15084,3718.78862657014,2897,0.0842601954836535,-0.0920060769866096,"G1",0.633397312859885,21.8034981387232,"Chromaffin cells","GAGATGGCACCATAAC_7",0.128701647364101,11.1071079891323,21.256296272928
"GAGGCAAAGTTGCTGT_7",15084,3358.99563120004,1997,0.445357999314834,0.0396615753212627,"S",0.916506717850288,5.94660564181296,"SCPs","GAGGCAAAGTTGCTGT_7",-8.45389489308695,1.01742967182387,2.08618145935975
"GAGGCCTAGGTTACAA_7",15084,3669.27440619987,2693,0.200440970134295,-0.0440833675160557,"G1",0.571976967370441,21.7635166829017,"Chromaffin cells","GAGGCCTAGGTTACAA_7",0.208799918734035,11.2036598842739,21.2361080735742
"GAGGGATCAGCGTACC_7",15084,3377.52138929999,2175,0.0803427959292983,-0.110182401312298,"G1",0.897312859884837,5.84805140056988,"SCPs","GAGGGATCAGCGTACC_7",-8.13833693639139,0.851747355997458,2.48598728439873
"GAGTGTTTCATCCTGC_7",15084,3002.88393429997,1985,0.168715353097132,-0.052070282142845,"G1",0.581573896353167,20.4142371072018,"Chromaffin cells","GAGTGTTTCATCCTGC_7",0.751074989878139,10.0455979030727,20.2502661796864
"GATAGAAGTGACTCTA_7",15084,3901.12760509988,2817,0.296421765826805,-0.0995082464107825,"G2M",0.379078694817658,18.2718730499158,"Neuroblasts","GATAGAAGTGACTCTA_7",2.85078664644857,-4.77495396918069,NA
"GATAGCTGTTCTTGTT_7",15084,3251.04672619995,2166,0.252016129032258,-0.0992938380066517,"G1",0.944337811900192,4.39237558887149,"Bridge","GATAGCTGTTCTTGTT_7",-1.41837469712595,0.990295908987418,8.93158886635951
"GATCACATCTAAGCCA_7",15084,3184.42695259999,2068,0.200150112584438,-0.0304076230297522,"G1",0.523032629558541,13.748813054342,"Neuroblasts","GATCACATCTAAGCCA_7",1.83955713137289,-3.14797247236977,NA
"GATCACATCTACCAGA_7",15084,3453.91137870012,2450,0.192967409948542,-0.0864553060605838,"G1",0.378119001919386,20.6717914242345,"Chromaffin cells","GATCACATCTACCAGA_7",1.03827591761251,10.7462156932949,20.402595165732
"GATCGTAAGGCATCTT_7",15084,3453.66065420006,2566,0.0769378726678207,-0.0234941792318372,"G2M",0.855086372360845,4.3625023441555,"Bridge","GATCGTAAGGCATCTT_7",-1.11791495457987,1.03813289815177,9.22297895580852
"GATGATCCACGGTCTG_7",15084,3220.53350980012,1948,0.190355329949239,-0.14720189998027,"G1",0.511516314779271,25.924317766314,"Chromaffin cells","GATGATCCACGGTCTG_7",-0.392278502143421,11.4585083644985,21.8624918860937
"GATGCTACATGGCCCA_7",15084,3805.85659799991,2960,0.122484689413823,0.0058952206664305,"S",0.395393474088292,19.0338005418021,"Neuroblasts","GATGCTACATGGCCCA_7",2.56862398012777,-4.81131900137673,NA
"GATTCTTTCAATCAGC_7",15084,3206.09845990009,2111,0.100578325370883,-0.103292928174821,"G1",0.479846449136276,20.6581137178613,"Chromaffin cells","GATTCTTTCAATCAGC_7",0.964755734049282,10.5279415767788,20.3505828479287
"GCACTAAGTCGCAACC_7",15084,2466.96854410002,1106,0.857142857142857,0.0329228124779758,"S",0.693857965451056,5.5069705107152,"SCPs","GCACTAAGTCGCAACC_7",-6.73552111760477,0.26153104716529,3.7726818629038
"GCATCTCCAGGTTCAT_7",15084,3083.95941419997,1761,0.110578695171397,-0.0693045137383954,"G1",0.359884836852207,15.0249564561757,"Neuroblasts","GCATCTCCAGGTTCAT_7",1.92778893335958,-3.38086427038918,NA
"GCATTAGTCCTAGCGG_7",15084,4426.02789770023,4515,0.124736135098829,-0.156565518842966,"G1",0.894433781190019,4.7279037911689,"Bridge","GCATTAGTCCTAGCGG_7",-0.72324518338541,0.85862862282981,9.57887725591553
"GCCGATGAGCCACCGT_7",15084,3742.52772279977,3046,0.269380425022448,-0.000745755035151341,"G1",0.384836852207294,20.0121175581328,"Neuroblasts","GCCGATGAGCCACCGT_7",2.00406952723166,-5.49659741705666,NA
"GCCGATGAGGGCAAGG_7",15084,3630.74261920005,2604,0.333680917622523,-0.117111815095802,"G1",0.887715930902111,5.51010538002589,"SCPs","GCCGATGAGGGCAAGG_7",-7.7520311273704,0.612798317909137,2.93903830060851
"GCCGATGCAGACAAAT_7",15084,3416.04176429997,2217,0.247049135328026,0.030998211615884,"S",0.448176583493282,21.874261933453,"Chromaffin cells","GCCGATGCAGACAAAT_7",0.0443120799889182,11.1689194362759,21.3463755958825
"GCTACCTGTGTTAACC_7",15084,3717.94098579993,2800,0.189429816253078,0.0190608677335124,"G2M",0.53742802303263,19.0502120067616,"Neuroblasts","GCTACCTGTGTTAACC_7",1.83021994455954,-5.07275641745339,NA
"GGAACCCAGAGGGTCT_7",15084,4146.88590570021,3128,0.669856459330144,0.0323785383218158,"G2M",0.929942418426104,5.55532049195634,"SCPs","GGAACCCAGAGGGTCT_7",-6.89581803456644,0.417275599777595,3.61106559161139
"GGGACTCCACTTCTCG_7",15084,3888.79469370004,3332,0.183641757310355,-0.0327307106057671,"G1",0.995201535508637,4.7914156204732,"Bridge","GGGACTCCACTTCTCG_7",-0.783569852269688,1.01326721125831,9.54712654547297
"GGGCTACAGCACTCTA_7",15084,4169.82729740011,3708,0.331817623202655,-0.0504750281999042,"G1",0.961612284069098,5.39281100115988,"SCPs","GGGCTACAGCACTCTA_7",-7.54574374333719,0.691173217832938,3.09956709470707
"GGGCTCAAGAGTTCGG_7",15084,3081.54047689996,1736,0.232378001549187,-0.000497846167497859,"G1",0.208253358925144,18.2709407293919,"Neuroblasts","GGGCTCAAGAGTTCGG_7",2.83820982798239,-4.8191934902073,NA
"GGGTATTTCACCTACC_7",15084,3335.08641747009,2555,0.0498504486540379,-0.0327151470629948,"G1",0.769673704414587,18.9171714315167,"Chromaffin cells","GGGTATTTCACCTACC_7",0.634821733080349,9.19953142815818,19.8724214035149
"GGGTGAAAGACGGAAA_7",15084,3232.05335540009,2182,0.121006776379477,-0.0513240851905964,"G1",0.695777351247601,20.7252118912894,"Chromaffin cells","GGGTGAAAGACGGAAA_7",0.890482386194668,10.2930697124599,20.2773005698796
"GGGTTATTCCGATGCG_7",15084,3780.97178750017,2859,0.155098875533152,0.0197323570307791,"S",0.291746641074856,20.1019202182153,"Neuroblasts","GGGTTATTCCGATGCG_7",1.75739999636312,-5.50455821341287,NA
"GGGTTTAGTCCAATCA_7",15084,3301.12401290002,2214,0.07627765064836,-0.142935550439598,"G1",0.404990403071017,20.7252120784496,"Chromaffin cells","GGGTTTAGTCCAATCA_7",0.935616811357937,10.4419840496181,20.3253688879431
"GGTAATCTCTACCACC_7",15084,4319.25002860018,4765,0.104430851857377,0.252573759108109,"S",0.427063339731286,19.6546690199841,"Neuroblasts","GGTAATCTCTACCACC_7",2.54013987406393,-5.808881409824,NA
"GGTAGAGAGTATGAAC_7",15084,3717.28596460001,2904,0.145161290322581,-0.0749308528570691,"G1",0.771593090211132,8.90991450053694,"Late SCPs","GGTAGAGAGTATGAAC_7",-10.6565444864402,1.00744005256881,NA
"GGTGATTCACCTCAGG_7",15084,3135.49863159991,1920,0.186857676736219,-0.000273074127960515,"G1",0.457773512476008,20.7252122656097,"Chromaffin cells","GGTGATTCACCTCAGG_7",1.12241633757254,10.5164602916836,20.2287334371746
"GGTGGCTAGCGATGGT_7",15084,3586.14936310017,2935,0.162577593851611,-0.0665086787508208,"G1",0.999040307101727,4.40036582941373,"Bridge","GGTGGCTAGCGATGGT_7",-1.19098619595865,1.20333629065742,9.16391205126228
"GGTGTCGGTCAGTCCG_7",15084,3728.3618860001,2861,0.450937950937951,-0.0667165365446845,"G1",0.514395393474088,21.8511464875501,"Chromaffin cells","GGTGTCGGTCAGTCCG_7",0.0920794807304953,11.230657450497,21.3357036852141
"GTAAGTCCAAGCCATT_7",15084,3568.74796960015,2909,0.117907148120855,-0.05515461124338,"G2M",0.430902111324376,21.6934513491491,"Chromaffin cells","GTAAGTCCAAGCCATT_7",0.800038536631069,11.019964091122,20.7008948974188
"GTAAGTCCACTGCGAC_7",15084,3653.17746110005,2584,0.218722659667542,0.0936832333307739,"S",0.925143953934741,5.58093558370946,"SCPs","GTAAGTCCACTGCGAC_7",-7.83980731145243,0.722394518196479,2.82963679279315
"GTAGAAATCAAAGCCT_7",15084,3232.65786659994,2101,0.126422250316056,-0.000830525227701218,"G1",0.392514395393474,21.6451842430628,"Chromaffin cells","GTAGAAATCAAAGCCT_7",0.481863757215938,11.1814850490688,21.005171739562
"GTATTGGTCAAACGTC_7",15084,3297.06810740008,2235,0.0887311446317657,0.0254546245783029,"S",0.330134357005758,18.5582224566772,"Neuroblasts","GTATTGGTCAAACGTC_7",2.97414084299704,-4.36496699637185,NA
"GTCACTCTCTAAGGAA_7",15084,3123.21625269997,1980,0.18796992481203,0.00689540308298225,"S",0.395393474088292,18.5582228309975,"Neuroblasts","GTCACTCTCTAAGGAA_7",2.7111847005715,-4.22757018393288,NA
"GTCATGAGTGGTCTGC_7",15084,3462.73608100004,2120,0.123342584027135,-0.0483910322263628,"G2M",0.957773512476008,5.39281118832004,"SCPs","GTCATGAGTGGTCTGC_7",-7.64169100896219,0.602756647966698,3.04770635522836
"GTCATTTAGGATGGCT_7",15084,3691.6153359,2832,0.148367952522255,0.0537014490766496,"S",0.653550863723608,20.4398872126235,"Chromaffin cells","GTCATTTAGGATGGCT_7",0.729782184206447,9.69459234887351,20.080657046554
"GTCGTAATCGGTCATA_7",15084,2480.50201289998,1284,0.0470809792843691,-0.00696606753102229,"G2M",0.571976967370441,20.2403759444107,"Chromaffin cells","GTCGTAATCGGTCATA_7",0.839175900064907,9.79337488824119,20.0548725692865
"GTCTCACAGGACAACC_7",15084,3792.9319673001,3079,0.107941403238242,-0.142804245078054,"G1",0.388675623800384,20.1019204053754,"Neuroblasts","GTCTCACAGGACAACC_7",1.82934852465292,-5.52480424231301,NA
"GTGAGGAGTTGCTTGA_7",15084,3052.27775400005,1809,0.128990648178007,0.0563807044835907,"S",0.320537428023033,18.3667754967205,"Neuroblasts","GTGAGGAGTTGCTTGA_7",2.24660631045004,-3.75699485129128,NA
"GTGAGTTGTCGGTAAG_7",15084,3026.69284980003,1800,0.0655093350802489,0.0788614469473488,"S",0.290786948176584,18.3667756838806,"Neuroblasts","GTGAGTTGTCGGTAAG_7",2.13052721842428,-3.55630124396096,NA
"GTGATGTGTGGGTCAA_7",15084,3315.31436869988,2187,0.175923598894195,-0.0443520004404921,"G1",0.418426103646833,21.7457276545416,"Chromaffin cells","GTGATGTGTGGGTCAA_7",0.346966644369564,10.8777998607754,20.9646811917904
"GTGCGTGGTAGACTGG_7",15084,2969.97553259996,1688,0.247875354107649,0.0169217498663922,"S",0.256238003838772,18.3667758710408,"Neuroblasts","GTGCGTGGTAGACTGG_7",1.87121387346884,-3.51091826742898,NA
"GTGGAAGAGGACAGCT_7",15084,3429.91268639998,2302,0.206238721319928,-0.0549515381458081,"G1",0.805182341650672,5.14627967117025,"Bridge","GTGGAAGAGGACAGCT_7",-0.245288828767338,1.22194497996558,10.0899902158393
"GTGGAAGGTACGTAGG_7",15084,3646.90105110003,2653,0.27559889760441,-0.0664582330807532,"G1",0.466410748560461,21.9158970007093,"Chromaffin cells","GTGGAAGGTACGTAGG_7",-0.0547931589255716,11.0047167461513,21.3505311741029
"GTGGGAATCTTCTTCC_7",15084,4522.68705929999,4958,0.476758045292014,-0.0387842953361229,"G2M",0.857965451055662,5.06656121162309,"Bridge","GTGGGAATCTTCTTCC_7",-0.00848687664369596,1.09814368897666,10.2864833378792
"GTGTGGCTCCCTCTTT_7",15084,3946.05698880011,3115,0.537261698440208,-0.10719072326637,"G1",0.383877159309021,18.8188603106363,"Neuroblasts","GTGTGGCTCCCTCTTT_7",2.47157975062033,-5.05146325415383,NA
"GTTAGTGCAATTGGTC_7",15084,3496.82168970012,2485,0.0616903146206046,-0.0551841161350766,"G1",0.595969289827255,21.8985103640384,"Chromaffin cells","GTTAGTGCAATTGGTC_7",-0.0483886994491006,10.9314144771694,21.3084686660954
"GTTGCTCGTAACCCTA_7",15084,3959.54571667972,3445,0.0922144644974312,0.135454911709423,"S",0.49232245681382,19.0712820763842,"Neuroblasts","GTTGCTCGTAACCCTA_7",2.37808438166281,-5.23924411124001,NA
"GTTGTAGGTTCTTGTT_7",15084,3769.36654200015,2934,0.251172136637642,-0.0724225549526384,"G1",0.264875239923225,19.0671904137034,"Neuroblasts","GTTGTAGGTTCTTGTT_7",2.07114597185751,-5.48125422781716,NA
"GTTGTCCAGCGCTGCT_7",15084,3953.09501579992,3262,0.260696212237387,-0.142086966296225,"G1",0.426103646833013,18.9354720371641,"Neuroblasts","GTTGTCCAGCGCTGCT_7",1.82086106165548,-4.97332537955056,NA
"TAACACGTCAGCTTGA_7",15084,3787.03292250013,2934,0.217312567910177,0.0646375975820512,"S",0.802303262955854,5.86660272984219,"Bridge","TAACACGTCAGCTTGA_7",-0.0682390727172281,1.68912398034324,10.3733980340943
"TACATTCCAAATGCTC_7",15084,3635.73147610005,2798,0.27818687612502,-0.0591781634015093,"G1",0.798464491362764,8.71577037076894,"Late SCPs","TACATTCCAAATGCTC_7",-10.8532092966209,1.03009166532745,NA
"TACCCGTGTCTAGATC_7",15084,2011.19054419997,801,0,0.110343180321398,"S",0.513435700575816,10.8090967756539,"Connecting progenitor cells","TACCCGTGTCTAGATC_7",3.42350812777182,3.92174898797263,14.237524236266
"TACGCTCAGTCCCGGT_7",15084,3463.34385189991,2462,0.16827934371056,-0.0791907273121883,"G2M",0.810940499040307,8.78997809640778,"Late SCPs","TACGCTCAGTCCCGGT_7",-10.7587745584617,0.997852645456687,NA
"TACGTCCAGCACCGAA_7",15084,3961.3824075001,2768,0.0457770656900893,-0.0459257496858917,"G2M",0.898272552783109,5.89015093460547,"SCPs","TACGTCCAGCACCGAA_7",-6.84333113805155,0.674342207252875,3.61606852894379
"TACTGCCGTTGCTGAT_7",15084,3075.23395180008,1945,0.0533617929562433,-0.0654625763686926,"G1",0.31957773512476,18.3667762453611,"Neuroblasts","TACTGCCGTTGCTGAT_7",1.92315622194906,-3.59028018301736,NA
"TACTTACGTTCGTAAC_7",15084,3455.31065530003,2356,0.0745156482861401,-0.0777305522573324,"G1",0.697696737044146,21.8215624736688,"Chromaffin cells","TACTTACGTTCGTAAC_7",0.213482996069393,10.760930887997,21.0190552967159
"TACTTGTAGGAAAGAC_7",15084,3322.22242110009,2094,0.0868809730668983,0.139710285153845,"S",0.247600767754319,17.6838894855854,"Neuroblasts","TACTTGTAGGAAAGAC_7",3.49562760218283,-4.66237557715188,NA
"TAGGTACCACCAAAGG_7",15084,3498.47279750014,2514,0.26024723487313,-0.0321016627793096,"G1",0.810940499040307,5.16130285216136,"Bridge","TAGGTACCACCAAAGG_7",-0.375787498808899,1.22478996926536,9.96249679509403
"TAGGTACTCGCTCATC_7",15084,3937.31133829996,3202,0.377234705592915,-0.0924871828990454,"G1",0.505758157389635,21.6819159195563,"Chromaffin cells","TAGGTACTCGCTCATC_7",0.308947762094936,10.9504898708462,21.0346703263699
"TAGGTTGCAATAGTAG_7",15084,3436.76424790003,2378,0.0952607763753275,-0.0852637424208403,"G1",0.741842610364683,20.4692179129613,"Chromaffin cells","TAGGTTGCAATAGTAG_7",0.535017927729092,9.96957480126609,20.3841143704461
"TAGTGCAGTGGAAGTC_7",15084,3588.35492850006,2546,0.1417004048583,0.0166978612121367,"S",0.801343570057582,8.84777562874299,"Late SCPs","TAGTGCAGTGGAAGTC_7",-10.7123544611106,1.00595506244887,NA
"TAGTGCATCGCACGAC_7",15084,3346.70291110001,2220,0.128799587841319,-0.0451089769367494,"G1",0.35700575815739,13.7488138029826,"Neuroblasts","TAGTGCATCGCACGAC_7",1.80041857584616,-3.08082354849587,NA
"TATACCTTCTCCACTG_7",15084,3702.0409466002,3146,0.198202959830867,-0.0856929512366449,"G1",0.99616122840691,4.41024021063762,"Bridge","TATACCTTCTCCACTG_7",-1.71954766885141,1.07284115964164,8.63959572035722
"TATCGCCTCGGTCAGC_7",15084,3358.65522719989,2549,0.203804347826087,-0.0552960240750395,"G1",0.985604606525912,5.20827915832881,"Bridge","TATCGCCTCGGTCAGC_7",-0.571413012600937,1.25682514125098,9.77892040687035
"TATCTTGGTCCCTGAG_7",15084,3726.67267950014,3051,0.0595149531319744,-0.128516387262238,"G1",0.876199616122841,5.2676365589087,"Bridge","TATCTTGGTCCCTGAG_7",-0.417809578038254,0.875920675337211,9.86945437686181
"TATTGGGAGGGTACAC_7",15084,3115.67359330013,1932,0.12326656394453,-0.122610068520174,"G1",0.453934740882917,20.6982561142547,"Chromaffin cells","TATTGGGAGGGTACAC_7",0.951311071955166,10.6994131725429,20.4285594207011
"TCAAGCAAGCAATTCC_7",15084,4358.60543500029,4168,0.200781993025468,0.620167973591144,"S",0.977927063339731,5.84652759495107,"SCPs","TCAAGCAAGCAATTCC_7",-8.34094027654032,0.537640656918183,2.37627059130615
"TCAAGTGGTAGCTAAA_7",15084,3563.79969120015,2379,0.148698884758364,-0.0510957101956408,"G1",0.953934740882918,6.31507666281179,"SCPs","TCAAGTGGTAGCTAAA_7",-7.10282591954569,1.32164388114204,3.3417843072461
"TCACGCTAGAGGTGCT_7",15084,3263.42046569993,2214,0.118063754427391,-0.0793963599675618,"G1",0.807101727447217,20.634435076554,"Chromaffin cells","TCACGCTAGAGGTGCT_7",0.523857256018123,9.7590798061489,20.2729735266486
"TCAGCCTCAGCAAGAC_7",15084,3052.20847750003,1752,0.108225108225108,0.00277900057685246,"S",0.239923224568138,16.1490328153534,"Neuroblasts","TCAGCCTCAGCAAGAC_7",2.23423047884603,-3.58916247671853,NA
"TCAGCCTTCATTACTC_7",15084,3666.33700890002,2976,0.108830845771144,-0.044998482605278,"G1",0.838771593090211,5.29482910029962,"Bridge","TCAGCCTTCATTACTC_7",-0.525497662282982,1.08854999357452,9.79725704054707
"TCAGTGACATGGAGAC_7",15084,3489.67168271996,2726,0.0167224080267559,-0.0903622334470931,"G1",0.668905950095969,20.8414983597526,"Chromaffin cells","TCAGTGACATGGAGAC_7",0.330766042314968,10.1394327800869,20.6207416787031
"TCATATCGTTCCTAAG_7",15084,3211.99715919992,2104,0.0783494384956908,-0.0325384586836457,"G1",0.654510556621881,20.6579354190602,"Chromaffin cells","TCATATCGTTCCTAAG_7",0.951249917589626,10.4994162243008,20.3453632623428
"TCATCCGTCCTTTAGT_7",15084,3599.42726690007,2521,0.280504908835905,-0.062471418231661,"G1",0.488483685220729,25.9413698650913,"Chromaffin cells","TCATCCGTCCTTTAGT_7",-0.241323287046948,11.1539333980678,21.5803236027906
"TCATGTTAGGATATGT_7",15084,3307.68767659994,2147,0.13259082471493,-0.0279648102768835,"G1",0.314779270633397,18.3883883404444,"Neuroblasts","TCATGTTAGGATATGT_7",3.14970632418295,-4.80544150656472,NA
"TCATTGTTCGAGGCAA_7",15084,3418.39592529995,2486,0.0409752099979512,-0.058122600599784,"G1",0.703454894433781,19.7967293363085,"Chromaffin cells","TCATTGTTCGAGGCAA_7",0.71564515455862,9.38559519463767,19.9179747540791
"TCATTTGGTACCTAAC_7",15084,3254.11991859999,2126,0.152671755725191,-0.102438593679725,"G1",0.554702495201535,20.7252126399301,"Chromaffin cells","TCATTTGGTACCTAAC_7",1.01459737642904,10.3822640102505,20.2287334371746
"TCCAGAATCCGCACGA_7",15084,3997.47301589993,3872,0.0965344145187759,-0.0423156222067118,"G1",0.46257197696737,19.9462771545712,"Neuroblasts","TCCAGAATCCGCACGA_7",2.08316083773275,-5.60800994223367,NA
"TCCCATGCAGGTCCGT_7",15084,3525.08481749992,2241,0.171330668189606,-0.033732885211026,"G2M",0.555662188099808,21.7248386942471,"Chromaffin cells","TCCCATGCAGGTCCGT_7",0.543063601099453,10.9371756237148,20.8468305734751
"TCCGGGATCATGAGGG_7",15084,4035.81550900007,3220,0.425462281132384,-0.130482965225019,"G2M",0.985604606525912,4.09589841033521,"SCPs","TCCGGGATCATGAGGG_7",-6.40996054784159,0.991304300367728,3.9769586708407
"TCGATTTGTAGGCTCC_7",15084,3183.60319769987,1926,0.128658732711483,-0.134082471220163,"G1",0.40595009596929,21.9801754146982,"Chromaffin cells","TCGATTTGTAGGCTCC_7",-0.0530333615909006,11.3788813274502,21.5277066608415
"TCGCTTGTCTGAACGT_7",15084,3399.28132560011,2159,0.0848176420695505,0.0272175971074227,"S",0.523032629558541,18.3667777426424,"Neuroblasts","TCGCTTGTCTGAACGT_7",2.61769815310141,-4.53274644202004,NA
"TCGGGACCAGTTAGGG_7",15084,3673.77586730009,2753,0.271100668714983,-0.0478130627286514,"G1",0.665067178502879,21.7533060012622,"Chromaffin cells","TCGGGACCAGTTAGGG_7",0.438127060972652,10.8839501064419,20.9081529273044
"TCGGGCACAACGTATC_7",15084,3370.69020440006,2361,0.263100197325148,-0.056166736617439,"G1",0.799424184261036,19.7715295165763,"Chromaffin cells","TCGGGCACAACGTATC_7",0.44611926897665,9.39051901513328,20.130267159279
"TCGGTCTAGCGAACTG_7",15084,3453.07890350001,2362,0.116686114352392,-0.0146688221722597,"G1",0.517274472168906,20.6864590875173,"Chromaffin cells","TCGGTCTAGCGAACTG_7",0.941291769587002,10.6204270046352,20.402595165732
"TCGGTCTGTGATGAAT_7",15084,3512.63992320003,2327,0.233463035019455,0.24886759539298,"S",0.251439539347409,18.9663689802886,"Neuroblasts","TCGGTCTGTGATGAAT_7",2.43693157061239,-4.72500432318459,NA
"TCGTAGAGTCACATTG_7",15084,3430.52367910015,2253,0.607661822985469,-0.0879636824281371,"G1",0.862763915547025,6.26961827087643,"SCPs","TCGTAGAGTCACATTG_7",-8.79961470738749,1.67114221268882,1.56268165758441
"TCTAACTTCAATGTCG_7",15084,3839.68006190009,2903,0.170875261059427,0.000311228894607773,"S",0.236084452975048,18.9622122677968,"Neuroblasts","TCTAACTTCAATGTCG_7",2.40342470034262,-5.15401852911721,NA
"TCTCACGTCCGTCACT_7",15084,3579.80827380009,2526,0.494304749623898,-0.0972004160579146,"G1",0.41362763915547,13.7488141773029,"Neuroblasts","TCTCACGTCCGTCACT_7",1.94442530497213,-3.20557964628945,NA
"TGACCCTCACCCTGAG_7",15084,4349.16128411999,4891,0.12534100125341,-0.0307666563620845,"G1",0.621880998080614,19.7947832752925,"Neuroblasts","TGACCCTCACCCTGAG_7",2.25753017290731,-5.82572520560037,NA
"TGAGCGCAGAGATTCA_7",15084,3518.72733810009,2215,0.206489675516224,-0.0444817399198031,"G1",0.942418426103647,4.09589859749537,"SCPs","TGAGCGCAGAGATTCA_7",-6.78207425252298,0.934509358942405,3.64563257396075
"TGATCAGTCTTCACAT_7",15084,3270.26280569997,2269,0.0909090909090909,-0.140159151913734,"G1",0.72552783109405,18.9397946470284,"Chromaffin cells","TGATCAGTCTTCACAT_7",0.630835732065639,9.26628290826072,19.9125077439685
"TGATGCACATGAATAG_7",15084,3314.43367410012,2174,0.177710078700178,-0.0375105814739346,"G1",0.436660268714012,18.3667779298025,"Neuroblasts","TGATGCACATGAATAG_7",2.04826613291403,-3.53745330160867,NA
"TGCACGGAGCAAATGT_7",15084,4286.00654099986,3721,0.128095644748079,-0.116013624163909,"G1",0.73320537428023,20.4236925668113,"Chromaffin cells","TGCACGGAGCAAATGT_7",0.630433162294826,9.8779648464321,20.2534611785121
"TGCGACGGTAGATTAG_7",15084,3645.24817910012,2782,0.23818248442653,-0.118568155785309,"G1",0.854126679462572,5.42274867226728,"Bridge","TGCGACGGTAGATTAG_7",-0.609011376656094,1.03243329340209,9.71467024714153
"TGCGGCAAGTGACCTT_7",15084,3612.43213090014,2598,0.0822537528274727,-0.0831430205150136,"G1",0.471209213051823,21.6607753430641,"Chromaffin cells","TGCGGCAAGTGACCTT_7",0.837169250093899,11.0668429058193,20.694936088714
"TGCGGGTCAAGGCCTC_7",15084,3814.30021309996,2964,0.0492045268164671,0.010858751410316,"S",0.520153550863724,17.8430291876272,"Neuroblasts","TGCGGGTCAAGGCCTC_7",2.96327539309164,-4.03076232260476,NA
"TGGTACAAGGCCACCT_7",15084,4017.39787230022,3562,0.192975685063682,-0.10395335944585,"G1",0.26679462571977,19.0184697429914,"Neuroblasts","TGGTACAAGGCCACCT_7",1.91848822458883,-5.22481501883279,NA
"TGTAAGCGTTGAATCC_7",15084,3313.60126540007,2285,0.0446328944432046,0.0474644661278163,"S",0.67274472168906,20.3052173900145,"Chromaffin cells","TGTAAGCGTTGAATCC_7",0.80818243845602,9.9398831050991,20.162088019555
"TGTAGACTCGTGGGAA_7",15084,3155.30383809997,1974,0.239306012563566,0.0715331728588478,"S",0.876199616122841,4.90893650884443,"Bridge","TGTAGACTCGTGGGAA_7",-0.906172642863789,1.00217541271438,9.42403082860329
"TGTCCCACACTGTCCT_7",15084,3361.91107730008,2338,0.0672344240251009,-0.0394135007244459,"G1",0.694817658349328,21.8289932626841,"Chromaffin cells","TGTCCCACACTGTCCT_7",0.508103688799343,10.8019779842495,20.8055451873321
"TGTGATGGTCACTCAA_7",15084,3857.77285164009,3170,0.316503391107762,-0.0469759710598726,"G1",0.386756238003839,18.9917589346655,"Neuroblasts","TGTGATGGTCACTCAA_7",2.33901902063986,-5.16148866003762,NA
"TGTTCTAGTTGGTAGG_7",15084,3489.20718400012,2357,0.36101083032491,-0.0879621876442156,"G2M",0.870441458733205,6.26961845803659,"SCPs","TGTTCTAGTTGGTAGG_7",-8.65348700658182,1.12317769938697,1.84256553283193
"TGTTGAGGTCAAATCC_7",15084,3581.9549514999,2487,0.136177939173854,-0.11718428545425,"G1",0.887715930902111,6.26961864519675,"SCPs","TGTTGAGGTCAAATCC_7",-8.75880602971415,1.22069811040153,1.69742201668076
"TTACCATAGGGAGATA_7",15084,3353.88478709994,2113,0.238805970149254,-0.0770232381610416,"G1",0.879078694817658,5.86216420752061,"SCPs","TTACCATAGGGAGATA_7",-8.06804017201761,0.680085114776984,2.61799289595766
"TTACGTTGTCTCTCCA_7",15084,3604.9491616999,2693,0.0754005655042413,-0.0089343792401384,"G1",0.990403071017274,1.69869376660573,"Bridge","TTACGTTGTCTCTCCA_7",-2.82712415829996,1.36003970319022,7.52394179556257
"TTAGGCACAAACTCTG_7",15084,3767.96953459993,2922,0.202565833896016,-0.0330646013156543,"G1",0.874280230326296,5.8933315075221,"SCPs","TTAGGCACAAACTCTG_7",-8.45241717473368,0.673953540265456,2.20509285267767
"TTAGGCACAGGACAGT_7",15084,3876.87790349987,3204,0.135460565924142,0.00526654975211654,"S",0.899232245681382,4.69983790143514,"Neuroblasts","TTAGGCACAGGACAGT_7",-0.479129913642504,-0.767516740024194,NA
"TTCAATCAGTGCGACA_7",15084,3726.56001919988,2703,0.155793573515093,-0.0686654411094478,"G1",0.994241842610365,5.94328583140636,"SCPs","TTCAATCAGTGCGACA_7",-7.12546519414286,0.920383654177085,3.41822898473197
"TTCACCGTCGCTTGCT_7",15084,3546.68823649995,2576,0.759240759240759,-0.0430665717036865,"G1",0.283109404990403,23.0817190422207,"Late neuroblasts","TTCACCGTCGCTTGCT_7",0.230588039003811,-7.22072709387551,NA
"TTCAGGATCAGCTCTC_7",15084,3207.36357440012,2302,0.0601926163723916,-0.0522482329910849,"G1",0.702495201535509,20.6036164168261,"Chromaffin cells","TTCAGGATCAGCTCTC_7",0.915563424669704,10.1803816478847,20.2172929936531
"TTCATGTAGAATTGCA_7",15084,3540.08777640008,2437,0.323624595469256,-0.052532999878566,"G1",0.444337811900192,21.6451851788636,"Chromaffin cells","TTCATGTAGAATTGCA_7",0.613812764727077,11.1070622127651,20.8758894689216
"TTCATGTCACCCATAA_7",15084,3728.51606620013,2715,0.209424083769634,0.223289319070743,"S",0.661228406909789,21.9692558239377,"Chromaffin cells","TTCATGTCACCCATAA_7",-0.0837144948611642,11.1920984905361,21.4621306595486
"TTCCAATTCCAAATGC_7",15084,4147.22411860014,3727,0.387257963772642,-0.0318810070879281,"G1",0.438579654510557,18.784749533753,"Neuroblasts","TTCCAATTCCAAATGC_7",2.46474548205038,-5.02080405539285,NA
"TTCCGGTTCTCTAAGG_7",15084,3387.30275380004,2278,0.189888440541182,-0.0174111413455785,"G2M",0.302303262955854,17.5886345905904,"Neuroblasts","TTCCGGTTCTCTAAGG_7",3.26465006693502,-4.23349631613503,NA
"TTCCGTGAGTGGTTAA_7",15084,3278.07996939987,2235,0.22670596236681,-0.102346318697268,"G1",0.839731285988484,6.12070568540947,"Bridge","TTCCGTGAGTGGTTAA_7",0.0642078719963645,1.88734459096183,10.5704217547285
"TTCCTTCGTTCACCGG_7",15084,3008.29658279998,1710,0.0369139904023625,-0.0740916458029438,"G1",0.464491362763916,21.7177267017992,"Chromaffin cells","TTCCTTCGTTCACCGG_7",0.304709871851406,10.9053333919643,21.015081500444
"TTCTAACAGAGCGACT_7",15084,3030.21898619997,1775,0.139567341242149,-0.139273549391585,"G1",0.686180422264875,20.7497885466696,"Chromaffin cells","TTCTAACAGAGCGACT_7",0.708570679270229,10.4580525081753,20.4965736026094
"TTCTAACCAACCAGAG_7",15084,3995.56216714985,3366,0.184790334044065,0.270272603813814,"S",0.882917466410749,6.72744389139328,"SCPs","TTCTAACCAACCAGAG_7",-8.48703841344217,0.546594109028474,2.20395745688673
"TTCTGTAAGGGACTGT_7",15084,3232.86914880007,2301,0.1440329218107,-0.0521485542813009,"G1",0.910748560460653,4.69983808859529,"Neuroblasts","TTCTGTAAGGGACTGT_7",-0.514038706577816,-0.681521065890893,NA
"TTGAGTGGTAGACGGT_7",15084,3129.16181969995,1909,0.208706022659511,-0.0588219514101505,"G1",0.300383877159309,18.4887300054316,"Neuroblasts","TTGAGTGGTAGACGGT_7",3.17247506006857,-4.7322269756199,NA
"TTGCATTTCTAGCCTC_7",15084,3960.85287854975,4001,0.0598444045481747,-0.0596016222383837,"G1",0.397312859884837,19.916515976156,"Neuroblasts","TTGCATTTCTAGCCTC_7",2.76173945292135,-5.64175093954812,NA
"TTGCGTCGTCTTACTT_7",15084,2759.47094389998,1390,0.199700449326011,0.162625951563323,"S",0.894433781190019,5.8840656396475,"SCPs","TTGCGTCGTCTTACTT_7",-8.44609192983011,0.623325902610913,2.22407047696503
"TTGCTGCTCCGTGGTG_7",15084,3359.67101379999,2307,0.116198001394376,-0.00960626900351846,"G1",0.670825335892514,20.8045548462361,"Chromaffin cells","TTGCTGCTCCGTGGTG_7",0.391092439733944,9.73882662469138,20.3703451803685
"TTGGATGTCAGGTGTT_7",15084,3375.62023240008,2401,0.149732620320856,-0.122023615789261,"G1",0.723608445297505,6.95707139293848,"Bridge","TTGGATGTCAGGTGTT_7",0.147045513235531,2.2109670560955,10.777324897479
"TTTACCATCGAGTGAG_7",15084,2852.24428829998,1485,0.189035916824197,-0.113264336170168,"G1",0.394433781190019,21.8304935664054,"Chromaffin cells","TTTACCATCGAGTGAG_7",0.110931297384701,11.1891831081509,21.2986997613191
"TTTACGTCATTGTACG_7",15084,3396.45125980003,2331,0.205949656750572,-0.00744021280535041,"G1",0.889635316698656,8.61211928827842,"Late SCPs","TTTACGTCATTGTACG_7",-10.9746025003562,0.779857731997863,NA
"TTTAGTCGTGCCCTTT_7",15084,2999.5122580001,1798,0.166889185580774,-0.0219481269498334,"G1",0.547024952015355,19.7660504642819,"Chromaffin cells","TTTAGTCGTGCCCTTT_7",0.512084265791378,9.49289499932517,20.1374136371384
"TTTCATGCAAGAGGTC_7",15084,3583.3295172999,2362,0.244100895036615,-0.0334410380024823,"G1",0.284069097888676,18.8750885111479,"Neuroblasts","TTTCATGCAAGAGGTC_7",2.2835974298348,-5.04792512243997,NA
"TTTCCTCAGGAACGAA_7",15084,4550.29478013985,4931,0.220624285013891,-0.111564442236856,"G1",0.735124760076775,6.87460018645651,"Late SCPs","TTTCCTCAGGAACGAA_7",-8.59773043767313,0.50397679918994,NA
"AAACCCATCATGAAAG_8",13363,3597.71550910008,2743,0.069072699015714,0.0245207810881888,"S",0.404030710172745,15.0798336993737,"Neuroblasts","AAACCCATCATGAAAG_8",4.04246731623312,-3.00890744513284,NA
"AAACCCATCTAGGCAT_8",13363,4146.73786469994,3774,0.150323774283071,-0.145810710531732,"G2M",0.547024952015355,18.1682593984224,"Neuroblasts","AAACCCATCTAGGCAT_8",3.0065195165505,-5.00123990362893,NA
"AAAGGGCGTTGTGTTG_8",13363,2941.99016009997,1615,0.117508813160987,-0.11197821230274,"G1",0.929942418426104,6.26961920667723,"SCPs","AAAGGGCGTTGTGTTG_8",-8.59084872380594,1.67345821076621,1.77888859376828
"AACCATGCAACTCCCT_8",13363,3775.69383841015,3154,0.12273285149325,-0.0464143401907813,"G1",0.81190019193858,10.5384235795339,"Chromaffin cells","AACCATGCAACTCCCT_8",2.45993038042685,3.16661273652305,13.3634737487377
"AACCTTTCAAGTTGGG_8",13363,2973.21654819996,1792,0.117820324005891,-0.0065742565144872,"G1",0.645873320537428,12.6971878027692,"Chromaffin cells","AACCTTTCAAGTTGGG_8",3.18408771380087,5.02637468987693,15.167346261257
"AAGACAAAGGCCACTC_8",13363,3351.44921839991,2235,0.122940742562085,-0.133904661059912,"G1",0.90595009596929,6.31308245349204,"SCPs","AAGACAAAGGCCACTC_8",-9.60132578984598,2.60134803467979,0.624361340862709
"AAGGTAAGTCAAACGG_8",13363,2585.79961160004,1535,0.147362216327734,-0.0111368147084735,"G1",0.732245681381958,16.6409333081362,"Chromaffin cells","AAGGTAAGTCAAACGG_8",1.26202174051901,7.21759497338523,17.8454358106961
"AAGTCGTCACGTCATA_8",13363,3041.07981850002,2240,0.140449438202247,-0.0828526533245903,"G1",0.626679462571977,16.3097957973393,"Chromaffin cells","AAGTCGTCACGTCATA_8",1.26250632628103,6.63596998864402,17.2099477782418
"AATGACCGTTGGACTT_8",13363,3412.15900430009,2380,0.192513368983957,-0.00816247301580855,"G1",0.344529750479846,17.1664089805163,"Neuroblasts","AATGACCGTTGGACTT_8",4.26254864557882,-4.22246373480569,NA
"AATGCCACAAAGACTA_8",13363,3049.2078784,2129,0.145802957717142,-0.0615035542753576,"G1",0.762955854126679,13.506879016459,"Chromaffin cells","AATGCCACAAAGACTA_8",1.85533328875204,5.33377300912131,15.5575442312147
"AATGGCTAGTGCTAGG_8",13363,2999.43227549991,2152,0.162220620043259,-0.109197614572699,"G1",0.816698656429942,15.3068714970289,"Chromaffin cells","AATGGCTAGTGCTAGG_8",1.86567946299215,6.58940254861106,16.9067528608089
"ACACGCGAGTCATGCT_8",13363,2995.24674529993,1926,0.209259743656814,-0.0555342077465921,"G1",0.618042226487524,13.4931287628753,"Chromaffin cells","ACACGCGAGTCATGCT_8",1.7954725824227,5.35668169671287,15.5867383976034
"ACACTGAAGGAGCAAA_8",13363,3129.61840179995,1891,0.249532127261385,0.218953885540101,"S",0.283109404990403,15.1331094027634,"Neuroblasts","ACACTGAAGGAGCAAA_8",3.6856548391213,-2.89890564268838,NA
"ACAGAAACACAGAAGC_8",13363,3475.99604099991,2697,0.134048257372654,-0.0656120926462882,"G1",0.90978886756238,3.91607424497858,"Bridge","ACAGAAACACAGAAGC_8",-1.56289641038279,1.62815522366752,8.79830167943284
"ACAGCCGTCGGCCCAA_8",13363,3143.76248300001,2351,0.127877237851662,-0.0704071871020013,"G1",0.77831094049904,16.081135086781,"Chromaffin cells","ACAGCCGTCGGCCCAA_8",1.40814872606894,6.02501141244163,16.4593495285223
"ACAGGGAAGTGTTGTC_8",13363,3199.88859269993,1945,0.244872972145699,-0.0952826285696464,"G1",0.866602687140115,6.3130826406522,"SCPs","ACAGGGAAGTGTTGTC_8",-9.57707289830545,2.55290102177848,0.65509327796584
"ACCATTTTCGCTGACG_8",13363,3569.17841960003,2573,0.119236883942766,-0.107049952615193,"G1",0.95489443378119,6.31308282781236,"SCPs","ACCATTTTCGCTGACG_8",-8.66608981267313,3.08483778649558,1.47113210291492
"ACGGGTCAGTGACACG_8",13363,3054.2116475999,1696,0.0790513833992095,0.0183781287710906,"S",0.166026871401152,15.1278103568559,"Neuroblasts","ACGGGTCAGTGACACG_8",3.84631129130026,-3.08059109038125,NA
"ACGGGTCCAGGACTAG_8",13363,2644.18027529999,1499,0.132275132275132,-0.0309754430308264,"G1",0.738963531669866,15.5455500364194,"Chromaffin cells","ACGGGTCCAGGACTAG_8",2.06124659403463,6.64904581719627,16.9011953571871
"ACTACGAGTCAGTTTG_8",13363,2659.63513109995,1337,0.245941957697983,0.0924698569349201,"S",0.13147792706334,15.3161244237454,"Neuroblasts","ACTACGAGTCAGTTTG_8",3.62821884974142,-3.12907446211587,NA
"ACTGATGCAGGTGACA_8",13363,3638.66674516012,2904,0.154798761609907,0.00783538806859965,"S",0.974088291746641,1.81018483369371,"Bridge","ACTGATGCAGGTGACA_8",-3.14132980481485,1.56937145405997,7.19136091691789
"ACTGCAACAAAGCTAA_8",13363,3148.69578450007,1994,0.194336479733481,-0.047665468734764,"G1",0.82341650671785,7.0336030075882,"Bridge","ACTGCAACAAAGCTAA_8",0.962964376055202,1.92719244176139,11.4615350243647
"ACTGTCCTCCAGCACG_8",13363,3252.7642943001,2366,0.129127467256964,-0.0811797588793022,"G1",0.750479846449136,15.4848004475828,"Chromaffin cells","ACTGTCCTCCAGCACG_8",2.03084727152487,6.53490196877708,16.8026163497331
"ACTTAGGCAGTGAGCA_8",13363,3136.55634019988,2075,0.150564617314931,0.0862837473813202,"S",0.863723608445297,5.4817246578507,"Bridge","ACTTAGGCAGTGAGCA_8",-0.731015602506199,1.61634492093314,9.66936049318235
"ACTTCCGTCTTTGCAT_8",13363,3306.90710229995,2267,0.0659340659340659,0.0141777678412894,"S",0.809980806142035,10.4767254733009,"Chromaffin cells","ACTTCCGTCTTTGCAT_8",2.25396819933554,3.02231489831199,13.153343932682
"ACTTTGTGTCGAGATG_8",13363,2850.23017669997,1574,0.156739811912226,-0.0277366286091913,"G1",0.67658349328215,7.81033616693819,"Bridge","ACTTTGTGTCGAGATG_8",1.59898658617636,2.43992029839744,12.3000091097272
"AGACCATCATAAGCGG_8",13363,3111.20181100009,1876,0.407268170426065,-0.0875923182806342,"G2M",0.862763915547025,6.31308320213267,"SCPs","AGACCATCATAAGCGG_8",-8.8277442850242,3.0347362678646,1.31906311086928
"AGACCATTCATTACTC_8",13363,3394.99661029986,2409,0.242767550070807,-0.0502464572149465,"G1",0.312859884836852,16.102108771377,"Neuroblasts","AGACCATTCATTACTC_8",3.68239327295919,-3.85258878058205,NA
"AGAGAATGTTGCTCCT_8",13363,3527.55890129993,2493,0.158013544018059,-0.0755850505536406,"G1",0.886756238003839,1.84376257876694,"Bridge","AGAGAATGTTGCTCCT_8",-3.17700127736429,1.60224866086234,7.15083732682557
"AGAGAATTCTCGTGGG_8",13363,3075.14937340004,2030,0.0459453250631748,-0.0712690644314428,"G2M",0.370441458733205,15.2281407089924,"Neuroblasts","AGAGAATTCTCGTGGG_8",3.66498204096456,-3.07405436819802,NA
"AGATAGAAGAGTCACG_8",13363,3050.03811840004,1990,0.174956260934766,-0.0970185432102793,"G1",0.761996161228407,12.7733933369666,"Chromaffin cells","AGATAGAAGAGTCACG_8",2.10621591433187,4.89801537209739,15.0503618553182
"AGATCCAGTTCTTGTT_8",13363,3500.5174007001,2290,0.131717597471022,-0.0628400199549515,"G1",0.957773512476008,3.44492005577755,"SCPs","AGATCCAGTTCTTGTT_8",-6.25078038350443,1.43603389674415,4.10171632867957
"AGCGCCACAAGCGCTC_8",13363,2722.98924319996,1618,0.23995200959808,-0.0187770579794997,"G1",0.633397312859885,14.3107938416658,"Chromaffin cells","AGCGCCACAAGCGCTC_8",2.65745302065512,5.66456448250999,15.7962322230591
"AGCTACACAATTGCGT_8",13363,2592.14913529994,1664,0.172117039586919,-0.0596813265912479,"G1",0.667946257197697,15.4681362999996,"Chromaffin cells","AGCTACACAATTGCGT_8",1.66566105707785,6.09354292565574,16.4574349571826
"AGGAAATGTCCGAAGA_8",13363,2922.82356830005,1672,0.176056338028169,-0.0771532954807892,"G1",0.638195777351248,11.152085358074,"Chromaffin cells","AGGAAATGTCCGAAGA_8",2.43166085108419,3.42822658234824,13.584991069733
"AGGACGACACTTGAAC_8",13363,3154.52957429994,2245,0.190222560395663,-0.0789384559012955,"G1",0.764875239923225,12.4009607147841,"Chromaffin cells","AGGACGACACTTGAAC_8",2.82076783999105,4.25167476350059,14.4380791817759
"AGGCATTAGCGATGCA_8",13363,3189.77629570003,1946,0.273473108477666,-0.0027348782534088,"G1",0.259117082533589,14.702404194286,"Neuroblasts","AGGCATTAGCGATGCA_8",3.59482022150656,-2.61257708853494,NA
"AGGGAGTAGACTGAGC_8",13363,3107.60628487998,2406,0.0957548675390999,-0.0717142118195952,"G1",0.741842610364683,16.6385327233505,"Chromaffin cells","AGGGAGTAGACTGAGC_8",1.11679001673361,7.08172547036399,17.7692489712893
"AGGGTCCCAAGGCAAC_8",13363,3564.68302198009,2787,0.130548302872063,-0.0544656815421035,"G1",0.793666026871401,11.1986934801554,"Chromaffin cells","AGGGTCCCAAGGCAAC_8",2.38913746698996,3.6564448993801,13.7826404498008
"AGGTTACGTCATCACA_8",13363,3101.3165193001,2259,0.0531443755535872,0.0208198709616182,"S",0.784069097888676,12.6971883642497,"Chromaffin cells","AGGTTACGTCATCACA_8",2.94825287684103,5.09627377206077,15.2266873267883
"AGGTTACGTCGCATTA_8",13363,3060.61647769994,2084,0.112082492714638,-0.0311332586438631,"G1",0.752399232245681,12.7303526034442,"Chromaffin cells","AGGTTACGTCGCATTA_8",2.27597614153524,4.84958922082175,14.9868911918835
"AGTAGCTGTTACCCTC_8",13363,3592.21481260016,2758,0.172354360565322,0.0103102788785653,"S",0.904030710172745,6.35627195028312,"SCPs","AGTAGCTGTTACCCTC_8",-9.46158866063456,2.11533855611076,0.830099552758936
"AGTCATGGTCTCGCGA_8",13363,2765.23282910005,1485,0.0844238075137189,-0.0358604460075705,"G2M",0.27063339731286,12.1354652568938,"Connecting progenitor cells","AGTCATGGTCTCGCGA_8",3.26760979517599,-0.506072767436608,NA
"AGTCTCCCATACAGCT_8",13363,2392.82127789997,1114,1.47148988350705,-0.0564434153370317,"G1",0.85700575815739,8.61211947543858,"Late SCPs","AGTCTCCCATACAGCT_8",-11.0283945001731,0.571775320559636,NA
"ATACCGAGTCTGCGCA_8",13363,3541.18584799981,2746,0.246062992125984,-0.0813768400084284,"G1",0.989443378119002,1.84511258913064,"Bridge","ATACCGAGTCTGCGCA_8",-2.83668617383341,1.55755107814063,7.49790301169089
"ATACCGATCGCGTAGC_8",13363,2793.2157899,1570,0.319715808170515,-0.0393036085011181,"G1",0.843570057581574,3.71933946763971,"Bridge","ATACCGATCGCGTAGC_8",-1.14093337432245,1.56532590800513,9.23957621831839
"ATCACAGGTCCTGGTG_8",13363,2971.59546999994,1974,0.122609122118686,0.0460768022572618,"S",0.783109404990403,7.81597535294053,"Bridge","ATCACAGGTCCTGGTG_8",1.78727885111471,2.43395148926963,12.4223896008206
"ATCACTTCAAGTCCCG_8",13363,3337.16459780006,2019,0.157629255989912,0.0167924855762222,"S",0.359884836852207,17.8701920746589,"Neuroblasts","ATCACTTCAAGTCCCG_8",4.52126189097067,-3.11126149481545,NA
"ATCGATGAGAGGTCGT_8",13363,2693.16669520002,1525,0.136892539356605,-0.108137268880717,"G1",0.617082533589251,14.7317611268087,"Chromaffin cells","ATCGATGAGAGGTCGT_8",2.32876058443686,6.63341414147605,16.801409831389
"ATCGATGTCATTCTTG_8",13363,2827.41277330002,1775,0.234925606891151,-0.0372445857086992,"G1",0.737044145873321,12.7152820056719,"Chromaffin cells","ATCGATGTCATTCTTG_8",2.35981198176046,4.86810146981467,15.0081468392
"ATCGGATGTTCCCACT_8",13363,2939.0968538001,2367,0.0856531049250535,-0.0405534678186945,"G1",0.629558541266795,16.7196438075032,"Chromaffin cells","ATCGGATGTTCCCACT_8",1.55465670450827,7.01202046090354,17.4816325820464
"ATCTCTACATTGGGAG_8",13363,2945.74976739991,2061,0.142103126268778,-0.0240246677307394,"G1",0.518234165067178,16.7196439946634,"Chromaffin cells","ATCTCTACATTGGGAG_8",1.87584634646078,6.87353407555808,17.1947631373103
"ATGATCGCAGCGTACC_8",13363,3082.57589150006,1885,0.0605510142294883,-0.0715513983925564,"G1",0.857965451055662,3.7408390206534,"Bridge","ATGATCGCAGCGTACC_8",-1.25026682988504,1.54319428616752,9.12205792274451
"ATGCATGCACGCTGCA_8",13363,3350.05751390012,2706,0.106415323806628,0.118940934786917,"S",0.854126679462572,16.057335618833,"Chromaffin cells","ATGCATGCACGCTGCA_8",1.41582914217611,6.07296215707053,16.5035691057953
"ATGGGAGGTCGTTGGC_8",13363,3799.5934094999,2625,0.118091639111951,-0.0239815524269558,"G2M",0.787907869481766,12.69718873857,"Chromaffin cells","ATGGGAGGTCGTTGGC_8",2.8627333246102,5.05795895272483,15.192329107686
"ATGTCTTTCCGTACGG_8",13363,3154.80065470009,2244,0.0574382538770821,-0.0368742585873257,"G1",0.86468330134357,6.31308376361315,"SCPs","ATGTCTTTCCGTACGG_8",-9.69523791447977,2.59085237199058,0.532724706686167
"ATTATCCGTACGACTT_8",13363,2929.88949160005,1975,0.1661918328585,0.072853982057782,"S",0.636276391554703,12.3779611882538,"Chromaffin cells","ATTATCCGTACGACTT_8",2.71309586390158,4.40232335740317,14.565091661879
"ATTCATCGTACTCAAC_8",13363,3215.27866680004,2255,0.107735401853049,-0.0713322773873126,"G1",0.663147792706334,13.5030342395922,"Chromaffin cells","ATTCATCGTACTCAAC_8",1.78501482828756,5.30352532082786,15.5045370086648
"ATTCCCGCATTCACAG_8",13363,3379.24223790007,2466,0.0186880956830499,-0.130734485953903,"G1",0.575815738963532,10.8608728590647,"Chromaffin cells","ATTCCCGCATTCACAG_8",3.06996556147238,4.03305398637046,14.2813172142974
"ATTCCTATCCGTGGTG_8",13363,3056.52979469999,1979,0.234375,-0.0271755754133658,"G1",0.654510556621881,15.588296263155,"Chromaffin cells","ATTCCTATCCGTGGTG_8",2.21321292742392,6.76691471749534,16.9660114404745
"ATTGGGTAGGAGCAAA_8",13363,3218.65461239996,2506,0.0964320154291225,-0.00105608930362484,"G1",0.840690978886756,15.2914216493236,"Chromaffin cells","ATTGGGTAGGAGCAAA_8",1.74407549723288,6.24044310265769,16.5983263035118
"CACCGTTGTAAGTCAA_8",13363,3304.48655089996,2615,0.0946969696969697,-0.0278394351453203,"G1",0.638195777351248,16.3570714531189,"Chromaffin cells","CACCGTTGTAAGTCAA_8",1.27736576422354,6.85007082635154,17.4276632503406
"CACTAAGCACCCTAGG_8",13363,3247.07513943998,2418,0.115932427956277,-0.0876972504010057,"G1",0.73320537428023,14.5190645816312,"Chromaffin cells","CACTAAGCACCCTAGG_8",2.74032350405355,6.11198698693503,16.2101990674519
"CACTGAATCGTCACCT_8",13363,3105.67144169996,2480,0.0869565217391304,-0.0799350608247014,"G1",0.710172744721689,13.9063628173463,"Chromaffin cells","CACTGAATCGTCACCT_8",2.35961910112997,5.41449104958762,15.5837339126554
"CACTGGGGTAACTAAG_8",13363,2920.92934460009,2130,0.143523501973448,0.040715947488577,"S",0.606525911708253,16.6408438836108,"Chromaffin cells","CACTGGGGTAACTAAG_8",1.29810591562887,7.24573122674216,17.8515465433523
"CACTGTCTCTTTGATC_8",13363,3543.82148189992,2739,0.0999000999000999,-0.0790568887705034,"G2M",0.994241842610365,1.72614254899683,"Bridge","CACTGTCTCTTTGATC_8",-3.03836373463968,1.57382851058234,7.29348474978658
"CAGCAATTCCATGCAA_8",13363,3118.74049789993,2144,0.129926375054136,-0.0955793411476396,"G2M",0.745681381957774,15.3932969634821,"Chromaffin cells","CAGCAATTCCATGCAA_8",1.65898867472311,6.24154602700462,16.6243777987369
"CAGGCCAAGTGCTACT_8",13363,2989.6959494,2306,0.121543603767852,-0.0645832183633884,"G1",0.706333973128599,16.6096224362058,"Chromaffin cells","CAGGCCAAGTGCTACT_8",1.50591357573172,7.15597235375632,17.6505338066037
"CAGGGCTAGACTCATC_8",13363,3057.32683129997,2024,0.124719381391868,0.0236331905243495,"S",0.976007677543186,3.75668818103859,"Bridge","CAGGGCTAGACTCATC_8",-1.3514458932052,1.65440046006431,9.01805585090578
"CAGGGCTTCTACTGAG_8",13363,2965.83905880006,1723,0.237127371273713,-0.0880761549293543,"G1",0.41362763915547,15.1497508578923,"Neuroblasts","CAGGGCTTCTACTGAG_8",3.63327236994406,-2.88537491148721,NA
"CATACAGGTGGATACG_8",13363,2875.70143959993,1680,0.0669344042838019,0.116200345855965,"S",0.832053742802303,5.48172503217102,"Bridge","CATACAGGTGGATACG_8",-0.497224307067194,1.64237009698142,9.91397479316123
"CATCAAGGTGGAAGTC_8",13363,2403.39523629999,1229,0.36036036036036,-0.0922706051131408,"G1",0.648752399232246,16.5945295615845,"Chromaffin cells","CATCAAGGTGGAAGTC_8",1.79054947718283,6.72423397713889,17.0752124181496
"CATCCACCACTGCGTG_8",13363,3695.73511159991,2820,0.10443864229765,0.0857299502668577,"S",0.939539347408829,4.40784805985671,"SCPs","CATCCACCACTGCGTG_8",-7.46471528188089,1.96725677663077,2.8309464643493
"CATCCGTGTCCAGAAG_8",13363,3595.87639839989,2574,0.101132686084142,-0.0124058726787931,"G1",0.901151631477927,6.81926813873959,"Late SCPs","CATCCGTGTCCAGAAG_8",-9.34715441838602,1.19733577185859,NA
"CATCCGTTCCGATAGT_8",13363,3504.15981710012,2432,0.133988387673068,0.012570402963317,"G2M",0.314779270633397,17.6985438175353,"Neuroblasts","CATCCGTTCCGATAGT_8",4.52784129007956,-3.71011269873391,NA
"CATGCCTTCCCGTGTT_8",13363,3326.87335209999,2425,0.111982082866741,-0.0202999137987004,"G1",0.320537428023033,14.9488066890922,"Neuroblasts","CATGCCTTCCCGTGTT_8",3.35461421831747,-2.71940697020303,NA
"CATTGCCAGCGTATAA_8",13363,2646.87085439993,1420,0.243605359317905,-0.0307815944543537,"G1",0.72936660268714,12.3322260890638,"Chromaffin cells","CATTGCCAGCGTATAA_8",2.55931421145102,4.52487050706138,14.6713960175965
"CATTGTTAGCTGACTT_8",13363,3184.46690390008,2118,0.187265917602996,-0.0505821111868216,"G1",0.636276391554703,11.1665750030591,"Chromaffin cells","CATTGTTAGCTGACTT_8",2.65498753412863,3.86145126038779,14.043987823558
"CCAAGCGAGTGCTAGG_8",13363,2962.28947220007,1838,0.140964195094446,-0.11837344404137,"G1",0.579654510556622,12.4009623992256,"Chromaffin cells","CCAAGCGAGTGCTAGG_8",2.8611976705422,4.31168471986045,14.4916601672716
"CCACACTAGGAATTAC_8",13363,2897.11898630006,1625,0.335820895522388,-0.0382075058538035,"G1",0.435700575815739,14.1064581034633,"Neuroblasts","CCACACTAGGAATTAC_8",3.53557129725119,-1.90133226698647,NA
"CCACGTTCATCTTCGC_8",13363,3718.72531979982,2984,0.153115908742918,-0.00457862654069213,"G1",0.973128598848369,1.38376358836407,"Bridge","CCACGTTCATCTTCGC_8",-3.32105640546183,1.61864256077994,7.00586699199855
"CCCTAACTCCCTAGGG_8",13363,2981.15081550008,1750,0.228236061297685,-0.132560367015987,"G2M",0.385796545105566,4.69983865007577,"Neuroblasts","CCCTAACTCCCTAGGG_8",-0.552200438834229,-0.59138084238778,NA
"CCGTGAGCAGCACAAG_8",13363,3138.95984590007,2299,0.162689804772234,-0.0919162609303415,"G1",0.71785028790787,14.4808493164612,"Chromaffin cells","CCGTGAGCAGCACAAG_8",2.76607509478231,6.07427536660422,16.1680896207185
"CCGTTCAGTATCTTCT_8",13363,3018.41547909993,1747,0.139275766016713,-0.0917939215521117,"G1",0.706333973128599,12.4009627735459,"Chromaffin cells","CCGTTCAGTATCTTCT_8",2.97640176638266,4.45031511002769,14.6399264430874
"CCTTCAGGTACCGTGC_8",13363,2727.83978810003,1688,0.0569638279692395,-0.0651627828182844,"G1",0.828214971209213,16.0994192594991,"Chromaffin cells","CCTTCAGGTACCGTGC_8",1.56323166712423,5.82596241646995,16.1660180048213
"CGAAGGAAGGGTTTCT_8",13363,2632.07024650004,1566,0.280112044817927,0.0224232020166246,"S",0.755278310940499,13.7404296961219,"Chromaffin cells","CGAAGGAAGGGTTTCT_8",2.12269111498495,5.42851721459617,15.6230796665123
"CGAGGCTCAAACCATC_8",13363,3697.45181089991,2998,0.178120825293157,-0.0340344582201605,"G1",0.959692898272553,4.90425950817632,"SCPs","CGAGGCTCAAACCATC_8",-7.58431843892435,1.61499272996177,2.81768260474197
"CGAGTTACATGTGGTT_8",13363,2914.83685219994,1646,0.0353481795687522,-0.0858788940985803,"G1",0.287907869481766,16.0965976736608,"Neuroblasts","CGAGTTACATGTGGTT_8",4.09789820536276,-3.56671679800759,NA
"CGGAACCAGTGAGTGC_8",13363,3027.39349619991,1997,0.150489089541008,-0.00253071976222813,"G1",0.698656429942418,14.193856965742,"Chromaffin cells","CGGAACCAGTGAGTGC_8",2.39084502085348,5.77939879113425,15.9509894329872
"CGGGACTGTATCGTTG_8",13363,3086.81371769993,2038,0.123762376237624,-0.133603043843091,"G1",0.801343570057582,14.7414148386227,"Chromaffin cells","CGGGACTGTATCGTTG_8",2.17923518046041,6.14455210381736,16.3629066959906
"CGTCAAAGTCGATTCA_8",13363,3092.59976840015,2414,0.108375909583527,-0.0357954126711629,"G1",0.619001919385797,16.6470554569826,"Chromaffin cells","CGTCAAAGTCGATTCA_8",1.15977509840628,7.18599878960837,17.8696880971647
"CGTGATAGTTCCTACC_8",13363,2879.72067119996,1834,0.102406554019457,-0.0884278595032308,"G1",0.691938579654511,15.5882966374753,"Chromaffin cells","CGTGATAGTTCCTACC_8",2.19563480242392,6.63068901711692,16.8411069275433
"CGTTCTGGTCCACATA_8",13363,3356.45235769995,2456,0.112888052681091,0.0434145885419532,"S",0.641074856046065,5.94909750149272,"Bridge","CGTTCTGGTCCACATA_8",0.0425925455917929,1.60651635342826,10.4581520018944
"CTAACCCGTTGTGTAC_8",13363,2980.34809209997,1821,0.173110213502597,-0.0831661906170337,"G1",0.658349328214971,14.2264288100283,"Chromaffin cells","CTAACCCGTTGTGTAC_8",2.74341603144308,5.83563362771262,15.945860141016
"CTAAGTGCAGCCGTTG_8",13363,3060.01142439996,1859,0.275819797732148,-0.046359460916319,"G1",0.720729366602687,6.70528780690041,"Bridge","CTAAGTGCAGCCGTTG_8",0.726962884508571,1.82785355263938,11.2031698074578
"CTACCCATCCATTTCA_8",13363,3370.5688783001,2649,0.130227174070323,-0.0739281138336951,"G1",0.668905950095969,14.5553928199423,"Chromaffin cells","CTACCCATCCATTTCA_8",2.66867943628927,6.39338194543113,16.4817158614442
"CTACCTGAGCCATTGT_8",13363,3113.53052129998,2038,0.14499758337361,0.0195773508710841,"S",0.668905950095969,5.73075270310813,"Bridge","CTACCTGAGCCATTGT_8",-0.183908978856602,1.63930474930991,10.2393058841114
"CTCAAGATCCAATGCA_8",13363,3712.00031960011,2839,0.115492492987956,-0.00601714573696716,"G1",0.920345489443378,6.09222016942195,"SCPs","CTCAAGATCCAATGCA_8",-7.43224076405863,1.26799862796058,3.0602293442379
"CTCATCGGTAGAAACT_8",13363,3169.97745930005,1850,0.304568527918782,0.0157519627693774,"S",0.9021113243762,4.90788579326335,"SCPs","CTCATCGGTAGAAACT_8",-6.94246606007914,1.42059379035224,3.45312192210962
"CTCCCAAGTCTTTATC_8",13363,2830.72737170005,1960,0.0834202294056309,-0.0499746575943142,"G1",0.734165067178503,16.4034333044944,"Chromaffin cells","CTCCCAAGTCTTTATC_8",1.53813501223227,6.72220360451926,17.1841605153766
"CTCCTCCGTCCCTAAA_8",13363,3427.13346359985,2327,0.0945402978019381,-0.0933098947933398,"G1",0.703454894433781,10.7817709180738,"Chromaffin cells","CTCCTCCGTCCCTAAA_8",2.27853842600485,3.16425024682273,13.286560743922
"CTCTCAGCAGCGTTTA_8",13363,3007.04295219995,1887,0.109559024924678,-0.032586378353619,"G1",0.880038387715931,6.31308488657411,"SCPs","CTCTCAGCAGCGTTTA_8",-9.44413451329569,2.5781773250698,0.783241259812988
"CTCTCGAAGTCATACC_8",13363,3344.37877989999,2320,0.149668590977122,-0.0593786243563324,"G1",0.329174664107486,14.1243086221929,"Neuroblasts","CTCTCGAAGTCATACC_8",3.23282905443808,-2.357878335178,NA
"CTCTGGTGTTCTTAGG_8",13363,3292.28327480013,2121,0.132100396301189,-0.100497548317617,"G1",0.809980806142035,5.76209637173682,"Bridge","CTCTGGTGTTCTTAGG_8",-0.160703907168903,1.67741715127219,10.2706028275754
"CTGAGCGTCAAGCCTA_8",13363,2850.87671070001,1539,0.168067226890756,-0.105675346088242,"G1",0.933781190019194,6.51841382712894,"SCPs","CTGAGCGTCAAGCCTA_8",-9.31316832677225,1.44913881236304,NA
"CTGCCATTCTTTGATC_8",13363,3357.43951059989,2447,0.0948586605957124,-0.00796183889607484,"G1",0.890595009596929,6.31308507373427,"SCPs","CTGCCATTCTTTGATC_8",-9.56966761723856,2.60668980294456,0.654973947785009
"CTGCGAGGTCGGCACT_8",13363,2895.53442969995,1621,0.299625468164794,-0.111509800986197,"G1",0.648752399232246,10.5034516770075,"Chromaffin cells","CTGCGAGGTCGGCACT_8",2.28873678072592,3.07040940934409,13.2120854917377
"CTGTGAAAGTGGATAT_8",13363,3035.60972039998,1756,0.280701754385965,-0.0437970977452766,"G1",0.41746641074856,17.4563976633615,"Neuroblasts","CTGTGAAAGTGGATAT_8",4.21134062632223,-3.64943946188699,NA
"CTTACCGAGTGACACG_8",13363,3242.21844599995,2586,0.11864155420436,-0.00858398264452064,"G1",0.641074856046065,14.3107957132674,"Chromaffin cells","CTTACCGAGTGACACG_8",2.53117867334982,5.7167009037136,15.8655029883029
"CTTCCTTCAGGTCTCG_8",13363,3087.94277100001,2018,0.128336755646817,-0.112501800797285,"G1",0.82725527831094,3.65350471220916,"Bridge","CTTCCTTCAGGTCTCG_8",-0.965174923099079,1.65147697144736,9.43110389505687
"CTTCTCTAGAATCCCT_8",13363,3446.28475010013,2348,0.201207243460765,-0.0831268123982907,"G2M",0.317658349328215,16.1160784002231,"Neuroblasts","CTTCTCTAGAATCCCT_8",3.67022581919333,-4.01569712942849,NA
"CTTTCAATCCAGCCTT_8",13363,3123.68057353997,2518,0.0560302563384227,-0.0763766772503443,"G1",0.749520153550864,13.523462017883,"Chromaffin cells","CTTTCAATCCAGCCTT_8",1.80248924120565,5.58692728692283,15.83883173461
"GAAATGAGTAAGCAAT_8",13363,3117.50900019996,2027,0.219512195121951,-0.0325522277329272,"G1",0.253358925143954,15.1725002505736,"Neuroblasts","GAAATGAGTAAGCAAT_8",3.72003002985617,-3.05506265944253,NA
"GAACACTTCGAGCCTG_8",13363,3359.10611359986,2474,0.130767793760508,-0.126106840385659,"G1",0.977927063339731,3.01395744124544,"Bridge","GAACACTTCGAGCCTG_8",-1.71060089246134,1.63153778725852,8.64376554945402
"GAAGGGTCAGTGGCTC_8",13363,3609.99098719991,2609,0.122875281589187,0.545831527970271,"S",0.742802303262956,5.87016305080377,"Bridge","GAAGGGTCAGTGGCTC_8",-0.028269568837681,1.61922966653098,10.3932562666835
"GAATCGTAGTCTAACC_8",13363,3548.79599879995,2580,0.154948673251985,-0.134778836590533,"G1",0.475047984644914,10.79498022921,"Chromaffin cells","GAATCGTAGTCTAACC_8",3.21543880327841,3.7545438926815,14.0676000893822
"GACACGCGTACCTTCC_8",13363,3023.8620780001,1791,0.126782884310618,0.120567915647833,"S",0.203454894433781,15.2372913462403,"Neuroblasts","GACACGCGTACCTTCC_8",3.6165916524758,-3.05762947386514,NA
"GACATCACAACCCTAA_8",13363,3157.06032530002,2232,0.22444399102224,0.00835414922122664,"S",0.700575815738964,14.6297461243606,"Chromaffin cells","GACATCACAACCCTAA_8",2.39367552622458,6.31926523858298,16.482863333417
"GACCAATAGGGCATGT_8",13363,3600.03873449988,2832,0.0321957501609788,-0.0553051579028243,"G1",0.461612284069098,17.754884180613,"Neuroblasts","GACCAATAGGGCATGT_8",3.56493111475607,-4.83108819311868,NA
"GACCCTTAGAAGGTAG_8",13363,2910.6208499001,1589,0.315084679007483,-0.02314427150569,"G1",0.403071017274472,4.69983883723593,"Neuroblasts","GACCCTTAGAAGGTAG_8",-0.565416152037182,-0.762482174098596,NA
"GACCCTTGTAGGACTG_8",13363,3392.71407319991,2259,0.145666423889294,-0.0932354063326674,"G1",0.90978886756238,6.31507703713211,"SCPs","GACCCTTGTAGGACTG_8",-7.26279191151957,1.34888636285056,3.19356425876135
"GACCCTTTCGCTTGCT_8",13363,3354.78863579993,2483,0.253210345451257,-0.0439379183988321,"G1",0.883877159309021,6.31308544805459,"SCPs","GACCCTTTCGCTTGCT_8",-9.60445002690653,2.62579714471091,0.617879480853127
"GACGTTATCATTCATC_8",13363,3649.09414139987,2682,0.14014014014014,-0.00598231227260204,"G1",0.769673704414587,7.80659146108391,"Bridge","GACGTTATCATTCATC_8",1.93891163691183,2.81945716553916,12.8204635835751
"GACTATGTCCCATTTA_8",13363,3260.76203469986,2360,0.137443549970548,-0.0460726124244319,"G1",0.790786948176583,5.48172521933118,"Bridge","GACTATGTCCCATTTA_8",-0.532509247220554,1.64308082276572,9.87926045819826
"GACTGATCATACGCAT_8",13363,3803.54919110012,3191,0.0439496044535599,-0.117949420252717,"G1",0.820537428023033,8.51480299540545,"Late SCPs","GACTGATCATACGCAT_8",-9.5489700235496,0.965196363270179,NA
"GAGAAATTCGTAGAGG_8",13363,3165.78231189994,1926,0.247218788627936,0.276971163739844,"S",0.277351247600768,16.0972933220504,"Neuroblasts","GAGAAATTCGTAGAGG_8",4.11400481089254,-3.54854787176858,NA
"GAGACCCCATCGTGGC_8",13363,3027.13665690002,1828,0.154178230033919,-0.046352880089953,"G1",0.829174664107486,6.89287017154368,"Bridge","GAGACCCCATCGTGGC_8",0.390812774740658,1.82264744454612,10.8819862416407
"GAGGCAATCTCTGGTC_8",13363,2687.64995849993,1497,0.0742666171555886,-0.0934834564431217,"G1",0.616122840690979,13.5157100940274,"Chromaffin cells","GAGGCAATCTCTGGTC_8",1.92249270304342,5.33929430657615,15.5558337235503
"GAGGGATGTCGTGATT_8",13363,3382.82360589988,2231,0.171779141104294,-0.0327628628255556,"G1",0.91362763915547,6.31507722429227,"SCPs","GAGGGATGTCGTGATT_8",-7.20212153569559,1.31713025981177,3.2486473030181
"GAGTTTGTCAGCTTGA_8",13363,3244.88244249989,2706,0.0873998543335761,-0.0665888825365463,"G1",0.817658349328215,16.2541446571611,"Chromaffin cells","GAGTTTGTCAGCTTGA_8",1.18543728216787,6.73217808419456,17.3577749569095
"GATCCCTCAGGCGAAT_8",13363,3101.30043979996,2352,0.14878492312779,-0.116651620450753,"G1",0.737044145873321,16.6279876291971,"Chromaffin cells","GATCCCTCAGGCGAAT_8",1.24167462214132,7.09516750985374,17.7219984685984
"GATCGTAAGTGGAAGA_8",13363,3496.95611280003,2340,0.299775168623532,0.248869548947639,"S",0.943378119001919,6.3130858223749,"SCPs","GATCGTAAGTGGAAGA_8",-9.38978556767801,2.48938130551566,0.84937182685109
"GATGAGGTCCTGTAGA_8",13363,2566.56093689996,1482,0.0323624595469256,0.00995419561225755,"S",0.728406909788868,16.6064411846707,"Chromaffin cells","GATGAGGTCCTGTAGA_8",1.39178450926443,7.03858029061545,17.5775066073329
"GATGTTGTCTTCGATT_8",13363,3705.96374339995,3000,0.147275405007364,-0.0909998582152572,"G1",0.903071017274472,6.21573193351681,"SCPs","GATGTTGTCTTCGATT_8",-7.44978551045755,1.38890378886451,3.00916952330686
"GATTGGTCATGACAAA_8",13363,2920.95508719991,1969,0.108225108225108,-0.0801299668265639,"G1",0.738963531669866,16.7196453047845,"Chromaffin cells","GATTGGTCATGACAAA_8",1.64712329729696,7.04103123360862,17.4667427135832
"GCACATACATCGCTGG_8",13363,3164.91216539994,2237,0.143061516452074,-0.0610918306293962,"G1",0.63531669865643,13.7794467027193,"Chromaffin cells","GCACATACATCGCTGG_8",2.12285228594442,5.47341190987815,15.6676983406776
"GCACATATCCAGCCTT_8",13363,3398.46864609995,2491,0.0365163410626255,-0.0641761472490981,"G1",0.797504798464491,7.9001055619833,"Bridge","GCACATATCCAGCCTT_8",1.5690834127297,2.27918016129722,12.1641718681848
"GCAGGCTAGCTGAAGC_8",13363,3023.61679560006,1771,0.221729490022173,0.0816418421177261,"S",0.339731285988484,15.2204568880286,"Neuroblasts","GCAGGCTAGCTGAAGC_8",3.69576760157248,-2.69497335737954,NA
"GCAGTTAAGAGTGAAG_8",13363,3012.07239400008,1821,0.0912131346913956,-0.0563456665292449,"G1",0.389635316698656,12.4009638965069,"Chromaffin cells","GCAGTTAAGAGTGAAG_8",3.38688703402182,4.89013897591819,15.0289793014924
"GCATCGGAGAGTTGAT_8",13363,3028.33828809996,1759,0.202020202020202,0.00895143204883372,"S",0.745681381957774,5.62136225534803,"Bridge","GCATCGGAGAGTTGAT_8",-0.285832116759815,1.66632520371665,10.1462488906827
"GCATCGGTCTCCAAGA_8",13363,2632.80014990002,1490,0.14030164854437,0.00627449370359807,"S",0.840690978886756,16.6398657586243,"Chromaffin cells","GCATCGGTCTCCAAGA_8",1.18630905970236,7.14827286416282,17.8237305973053
"GCCAGGTAGGTCGACA_8",13363,3101.88880569998,1928,0.18796992481203,-0.00753039701166804,"G1",0.445297504798464,14.7890919375294,"Neuroblasts","GCCAGGTAGGTCGACA_8",3.49959035738607,-2.52943647688638,NA
"GCCGATGTCGGTAGAG_8",13363,3137.98227990001,2141,0.157091561938959,-0.101788492648236,"G1",0.693857965451056,15.4050341107114,"Chromaffin cells","GCCGATGTCGGTAGAG_8",2.01237960680624,6.27548491173972,16.5413431997787
"GCCGTGATCATTCGGA_8",13363,2914.44380349997,1845,0.210139217231416,-0.0730978944755733,"G1",0.776391554702495,14.6077290285836,"Chromaffin cells","GCCGTGATCATTCGGA_8",2.41936632021566,6.29371105843772,16.4514312449736
"GCCTGTTCAACTCGAT_8",13363,3936.40228709983,4916,0.113507377979569,-0.0736489396812098,"G1",0.757197696737044,16.4592421423602,"Chromaffin cells","GCCTGTTCAACTCGAT_8",1.26710470541616,6.43561255151023,16.9898521923736
"GCTACCTGTCCTGAAT_8",13363,3221.79373230001,2191,0.0225886604924328,-0.0403646898327227,"G1",0.605566218809981,12.4009642708272,"Chromaffin cells","GCTACCTGTCCTGAAT_8",3.25036402567526,4.1204787414669,14.3701556203102
"GGAAGTGCAGGAGACT_8",13363,4744.08561439994,4659,0.0496080960412739,-0.0506779254687899,"G2M",0.326295585412668,19.611976055457,"Late neuroblasts","GGAAGTGCAGGAGACT_8",3.10097261294027,-6.37475884741555,NA
"GGACGTCTCCTTCAGC_8",13363,3095.27632650006,2059,0.0688547165480835,-0.07047132158683,"G1",0.77063339731286,14.3107970233886,"Chromaffin cells","GGACGTCTCCTTCAGC_8",2.79386897905966,5.66847407037009,15.781040319476
"GGAGAACTCTCATAGG_8",13363,3020.36079190004,1892,0.191991223258365,-0.0214944854944419,"G1",0.654510556621881,5.42639180067635,"Bridge","GGAGAACTCTCATAGG_8",-0.471529629460969,1.51538037472953,9.91897294471931
"GGAGAACTCTGCTTTA_8",13363,3641.29803709994,2695,0.145164217020504,-0.0977162264906866,"G1",0.965451055662188,2.66001957178895,"SCPs","GGAGAACTCTGCTTTA_8",-6.11177758351664,1.47439037972678,4.23877220458358
"GGAGGATGTCGTAATC_8",13363,3613.8387465001,2852,0.0653915317966323,0.132694253021086,"S",0.650671785028791,16.7133147106166,"Chromaffin cells","GGAGGATGTCGTAATC_8",1.93500848635336,6.73349939995994,17.0329096311483
"GGGAAGTAGACGCCAA_8",13363,3633.31035320013,2688,0.162719218947749,0.0264558368566553,"S",0.926103646833013,5.56492162184103,"SCPs","GGGAAGTAGACGCCAA_8",-7.86906556264261,0.892535023033515,2.75269266841892
"GGGACTCCAGTAGGAC_8",13363,2948.74333550002,1909,0.118849536486808,-0.042069766554753,"G1",0.831094049904031,14.3274523207545,"Chromaffin cells","GGGACTCCAGTAGGAC_8",2.61243792399069,5.93935095483054,16.0667134567596
"GGGAGTATCGAGTGAG_8",13363,3635.58826090017,2636,0.118811881188119,-0.0480300179928688,"G1",0.877159309021113,6.31308657101554,"SCPs","GGGAGTATCGAGTGAG_8",-8.88698367253641,2.93685805016746,1.28098471472632
"GGGATGATCAGCCCAG_8",13363,3064.47833590006,2076,0.0896458987001345,-0.0128239392164255,"G1",0.67658349328215,14.2703576732811,"Chromaffin cells","GGGATGATCAGCCCAG_8",2.69436808451315,5.36834465676536,15.5071417714663
"GGGCTACCAACCGTAT_8",13363,3606.26707780004,2587,0.178819789390026,-0.086865765836233,"G1",0.952975047984645,6.28738628703542,"SCPs","GGGCTACCAACCGTAT_8",-7.34100798741678,1.37498866730918,3.11120065789585
"GGGTATTAGCCAAGTG_8",13363,3005.53504800004,1944,0.100831862868667,0.00266395344491775,"S",0.816698656429942,16.607663308551,"Chromaffin cells","GGGTATTAGCCAAGTG_8",1.49204536303183,7.12881218606223,17.6331686993583
"GGGTCACAGTGGACGT_8",13363,2944.35921019997,1964,0.190114068441065,-0.0755857444797462,"G1",0.881957773512476,13.4931302601565,"Chromaffin cells","GGGTCACAGTGGACGT_8",1.70087977274557,5.48865257912864,15.7557204907973
"GGTAACTGTTTGTTGG_8",13363,3006.48418489994,2197,0.157287661656763,-0.0683175943691839,"G1",0.702495201535509,15.1962148882687,"Chromaffin cells","GGTAACTGTTTGTTGG_8",1.76689287050863,6.47050034219016,16.8253818547917
"GGTCTGGCAGTGCCTG_8",13363,3087.09431300001,1995,0.133582687683676,-0.0534607864381568,"G1",0.877159309021113,2.98719353240198,"Bridge","GGTCTGGCAGTGCCTG_8",-1.83715669289927,1.64397882634391,8.51710800878452
"GGTGAAGAGAAACTGT_8",13363,3100.94372679994,2049,0.190023752969121,-0.0811950289398755,"G1",0.808061420345489,13.0388285885536,"Chromaffin cells","GGTGAAGAGAAACTGT_8",2.36927433832785,4.57412540131797,14.7083654289259
"GGTGTCGCAGAGAAAG_8",13363,2922.62285219996,1644,0.112866817155756,-0.105204125430514,"G1",0.806142034548944,7.80659164824407,"Bridge","GGTGTCGCAGAGAAAG_8",1.74790759905478,2.47197460347404,12.4256310769097
"GTAACACTCAACTCTT_8",13363,3567.74808150009,3059,0.128518185323223,-0.0504662979468,"G1",0.943378119001919,6.00458442608767,"Bridge","GTAACACTCAACTCTT_8",0.0811305843224143,1.62383698636283,10.5059467647985
"GTAAGTCCAGAGGAAA_8",13363,2662.83544210002,1438,0.197083169097359,-0.114872902035063,"G1",0.556621880998081,12.4009646451475,"Chromaffin cells","GTAAGTCCAGAGGAAA_8",3.20447226389547,4.77390324288596,14.9417402486508
"GTAATGCGTCCCTCAT_8",13363,3142.74772259992,2171,0.195950359242325,-0.0220879801962623,"G1",0.772552783109405,13.7745255709044,"Chromaffin cells","GTAATGCGTCCCTCAT_8",1.97584076746603,5.65560137444724,15.9002777614661
"GTAGTACCAGTCGCAC_8",13363,3378.94408129996,2475,0.117004680187207,-0.00858325528904565,"G1",0.738003838771593,7.80659183540423,"Bridge","GTAGTACCAGTCGCAC_8",1.70258899553915,2.58432006055106,12.4814266159173
"GTATTGGGTTTCGTGA_8",13363,2873.57605250006,1603,0.226244343891403,-0.11924387633013,"G1",0.330134357005758,17.3901599202301,"Neuroblasts","GTATTGGGTTTCGTGA_8",4.127566536509,-3.76791680639993,NA
"GTCGTTCAGTCCCGAC_8",13363,2526.86797320003,1518,0.0568504832291074,-0.0599265898366835,"G1",0.734165067178503,15.3879484614473,"Chromaffin cells","GTCGTTCAGTCCCGAC_8",1.92787667139669,6.63129460030784,16.9397950829638
"GTCGTTCTCGCGTCGA_8",13363,2393.48068579999,1063,0.216450216450216,0.0206418197327968,"S",0.866602687140115,5.11974216622791,"SCPs","GTCGTTCTCGCGTCGA_8",-7.41834382191996,1.74432086163749,2.93869196309052
"GTCTCACGTCACATTG_8",13363,3505.69944841987,2897,0.203859744495787,-0.0360769619172701,"G1",0.813819577735125,16.6247500168565,"Chromaffin cells","GTCTCACGTCACATTG_8",1.31865652426382,7.13020598107566,17.7164401692229
"GTGAGGACAACAAGAT_8",13363,2861.14835790001,1743,0.190528034839412,0.0294593289581385,"S",0.744721689059501,14.5553931942626,"Chromaffin cells","GTGAGGACAACAAGAT_8",2.71810599192282,6.34961401635398,16.426447819256
"GTGATGTAGGAACATT_8",13363,2807.35424210007,1698,0.182426269382791,-0.0713654252101509,"G1",0.671785028790787,13.9134646018554,"Chromaffin cells","GTGATGTAGGAACATT_8",2.035600861155,5.73983370476951,15.9729999018974
"GTGATGTCAAGCACCC_8",13363,3020.23338070004,1699,0.387747188832881,-0.123151783589004,"G2M",0.177543186180422,14.9618328744424,"Neuroblasts","GTGATGTCAAGCACCC_8",3.34298153742453,-2.73926914519082,NA
"GTGCTGGCACGCAGTC_8",13363,3084.89172929996,1971,0.123031496062992,-0.0256557671548952,"G1",0.276391554702495,14.1487499420793,"Neuroblasts","GTGCTGGCACGCAGTC_8",3.23500986918112,-2.41877735441934,NA
"GTGCTGGCAGTTGAAA_8",13363,3193.07077500002,2053,0.178525886253507,-0.0395990066605591,"G1",0.928023032629559,6.52912536899081,"SCPs","GTGCTGGCAGTTGAAA_8",-8.42004136220316,1.85070978814353,1.92116833682973
"GTGGAGACAACGAGGT_8",13363,3102.18587380006,2251,0.187406296851574,-0.059865631972081,"G1",0.761996161228407,15.9241427825424,"Chromaffin cells","GTGGAGACAACGAGGT_8",1.48148461207052,6.35015856438865,16.801917380608
"GTGGAGAGTGGCCACT_8",13363,3491.61024850009,2429,0.114836931557189,-0.0907233772952918,"G1",0.804222648752399,1.77882042298435,"Bridge","GTGGAGAGTGGCCACT_8",-3.11003688947062,1.52581232005347,7.22651547085714
"GTGGCGTTCCTACCAC_8",13363,3221.90157679995,1931,0.129324280633689,-0.100590106308763,"G1",0.897312859884837,4.98329505870661,"SCPs","GTGGCGTTCCTACCAC_8",-7.29637650624613,1.59258293324699,3.09515457470462
"GTTAGTGTCCGTGCGA_8",13363,2741.61179290005,1560,0.29382957884427,-0.0776367649313033,"G1",0.269673704414587,14.1414756498496,"Neuroblasts","GTTAGTGTCCGTGCGA_8",3.19865103586813,-2.32968724554788,NA
"GTTGAACGTAGGGTAC_8",13363,2851.76510170005,1600,0.366300366300366,0.0708161202000493,"S",0.394433781190019,12.3758566425888,"Connecting progenitor cells","GTTGAACGTAGGGTAC_8",3.12564845904013,-0.241920300185784,NA
"GTTTACTGTACTGAGG_8",13363,3040.70899960007,1942,0.227502527805864,-0.0882162721242639,"G1",0.730326295585413,12.6971915459724,"Chromaffin cells","GTTTACTGTACTGAGG_8",3.24812479838034,5.00832068139304,15.148617889863
"TAACTTCGTACCTATG_8",13363,2914.39709569998,2048,0.0996810207336523,-0.0212609844467311,"G1",0.796545105566219,13.4931304473167,"Chromaffin cells","TAACTTCGTACCTATG_8",1.84156890734335,5.46977698022117,15.6942400113098
"TAACTTCTCAAGTAAG_8",13363,3280.60740359995,2143,0.0998003992015968,-0.0657755804249549,"G1",0.642034548944338,6.67212586711673,"Bridge","TAACTTCTCAAGTAAG_8",0.730913718782863,1.7422010820507,11.1654205166089
"TAAGCGTAGTTGTAGA_8",13363,3765.20408635989,3060,0.0606520090978014,0.013744755302202,"S",0.366602687140115,15.534363808755,"Neuroblasts","TAAGCGTAGTTGTAGA_8",3.70005055292746,-3.41676152533303,NA
"TAAGTCGAGAAAGTCT_8",13363,3354.95700150009,2321,0.220994475138122,-0.097286961033975,"G1",0.497120921305182,12.4009650194678,"Chromaffin cells","TAAGTCGAGAAAGTCT_8",3.36943527086874,4.39203988724937,14.6224092794761
"TACACCCAGATCCAAA_8",13363,3054.68468709993,1858,0.327673518022043,0.00414976738400193,"G2M",0.927063339731286,1.49195025797365,"SCPs","TACACCCAGATCCAAA_8",-5.07343367711405,1.5576295774578,5.26757000427912
"TACACCCCAATTGCGT_8",13363,2911.92418649997,1620,0.0772200772200772,-0.0828811799388553,"G1",0.353166986564299,15.1244004596402,"Neuroblasts","TACACCCCAATTGCGT_8",3.76641770228048,-2.88111198729287,NA
"TACACCCCACTGGCCA_8",13363,3015.84918890002,2242,0.226441386518028,-0.0556111425227136,"G1",0.657389635316699,14.174371886255,"Chromaffin cells","TACACCCCACTGGCCA_8",2.40959258898397,5.71875416451682,15.8880266330568
"TACAGGTAGGACGCTA_8",13363,2866.56741999998,1878,0.141376060320452,-0.00383219998529945,"G1",0.611324376199616,12.6971919202927,"Chromaffin cells","TACAGGTAGGACGCTA_8",2.63283964022299,5.01466499978294,15.1614509592406
"TACCTCGCACACAGAG_8",13363,3691.71779170002,2741,0.173310225303293,-0.0444723516707872,"G1",0.899232245681382,1.77057892112871,"Bridge","TACCTCGCACACAGAG_8",-3.09364895001749,1.56612848454703,7.23913828228635
"TACGTCCAGTAACGAT_8",13363,3122.7475826999,1969,0.158940397350993,-0.0512259175087551,"G1",0.253358925143954,16.0976400916414,"Neuroblasts","TACGTCCAGTAACGAT_8",3.9426128469338,-3.68148577994119,NA
"TACTTACGTTATTCTC_8",13363,3457.25363860006,2607,0.10185028008827,0.00893056407539003,"S",0.723608445297505,12.400965206628,"Chromaffin cells","TACTTACGTTATTCTC_8",3.07425185068747,4.57515227013816,14.7545888525766
"TACTTACTCTCGACCT_8",13363,3790.26209610016,3083,0.184344866704481,-0.0682599946854008,"G1",0.971209213051823,4.0959002819368,"SCPs","TACTTACTCTCGACCT_8",-6.81687001363138,1.34110867196311,3.59157462691566
"TAGATCGGTGACTATC_8",13363,3552.39113949989,2575,0.0586166471277843,-0.121782973294781,"G1",0.929942418426104,6.16833817324658,"SCPs","TAGATCGGTGACTATC_8",-7.38890103474955,1.30424516612281,3.08428569981603
"TAGGTTGGTGGATCGA_8",13363,2775.68286239998,1567,0.402046783625731,-0.0143747178615501,"G2M",0.817658349328215,12.3295047399725,"Chromaffin cells","TAGGTTGGTGGATCGA_8",2.43624778612753,4.37257825547446,14.5070129675941
"TATACCTCACTGGCCA_8",13363,3146.28626430002,2194,0.180288461538462,-0.0916777781456575,"G1",0.667946257197697,12.6971924817732,"Chromaffin cells","TATACCTCACTGGCCA_8",3.11623402460714,5.15134512597312,15.274008138656
"TATCCTAGTCGTTATG_8",13363,3517.66601760012,2497,0.125052105043768,0.267946692400678,"S",0.555662188099808,13.2660766079597,"Connecting progenitor cells","TATCCTAGTCGTTATG_8",3.31583305224081,-1.53878486937295,NA
"TATCTTGTCGGAAACG_8",13363,2741.64350959998,1452,0.394045534150613,0.0717105416879234,"S",0.338771593090211,14.702405317247,"Neuroblasts","TATCTTGTCGGAAACG_8",3.64032765253683,-2.56587780302773,NA
"TCAAGCAGTCCTTAAG_8",13363,2924.37763170005,1669,0.359712230215827,-0.0742264922842336,"G1",0.820537428023033,6.94996308982447,"Bridge","TCAAGCAGTCCTTAAG_8",0.32153727635046,1.76528500729789,10.7868573349854
"TCAATTCCAACCACGC_8",13363,3367.63920529996,2222,0.146914789422135,-0.10798178411229,"G1",0.892514395393474,6.31507741145243,"SCPs","TCAATTCCAACCACGC_8",-7.16175345555643,1.28209888154258,3.29435262617435
"TCACTATAGCTGAAGC_8",13363,3600.19683569991,2636,0.0764672146817052,-0.0832358377754989,"G1",0.883877159309021,2.24249307566424,"SCPs","TCACTATAGCTGAAGC_8",-5.81082228795389,1.47444909030189,4.54561292159356
"TCACTATCAAAGGGCT_8",13363,3028.69003490001,1862,0.149432157800359,-0.0363558031017518,"G1",0.68042226487524,7.51201911934864,"Bridge","TCACTATCAAAGGGCT_8",1.38924404009481,1.98069714719047,11.8427080641636
"TCAGGGCAGCTCGACC_8",13363,3054.07590399988,2016,0.217759496733608,-0.0834156071898197,"G1",0.481765834932821,13.9273650597439,"Chromaffin cells","TCAGGGCAGCTCGACC_8",2.19879432543417,5.72190415078391,15.9273195839732
"TCAGTGATCCGACAGC_8",13363,2864.20106660003,1555,0.250312891113892,0.02310520081836,"S",0.789827255278311,8.24849455236472,"Bridge","TCAGTGATCCGACAGC_8",1.34333880766531,2.04160582238425,11.8422927817639
"TCAGTGATCTTCTAAC_8",13363,3173.5508662001,1985,0.0589448865310934,0.0332549418261176,"S",0.890595009596929,6.31308750681634,"SCPs","TCAGTGATCTTCTAAC_8",-9.51715354100565,2.57032107526054,0.712020835707773
"TCATTTGTCATGCGGC_8",13363,3359.8071458,2221,0.281473899692938,-0.0821440629719475,"G1",0.424184261036468,17.1469209476751,"Neuroblasts","TCATTTGTCATGCGGC_8",4.51533242090841,-4.24585116690408,NA
"TCCACCAAGACTTCGT_8",13363,3466.03887800009,2547,0.0380662352493338,0.0484855386994786,"S",0.901151631477927,6.52912574331113,"SCPs","TCCACCAAGACTTCGT_8",-8.15138081685404,1.64129733258475,2.2505426002969
"TCCAGAAGTATTTCGG_8",13363,2810.72094440004,1636,0.067272115708039,-0.0366149350403725,"G1",0.736084452975048,14.7056405907077,"Chromaffin cells","TCCAGAAGTATTTCGG_8",2.26005359514853,6.24436365777244,16.4459128312147
"TCCATCGGTGGATGAC_8",13363,3035.17421109992,1772,0.13745704467354,-0.0713952771802081,"G1",0.63147792706334,8.04177185768856,"Bridge","TCCATCGGTGGATGAC_8",1.43302615507742,2.33843182736625,12.1052220261707
"TCCTGCAGTATCAGCT_8",13363,3284.03574269987,2180,0.0974658869395711,-0.067191590546802,"G1",0.926103646833013,3.73281960043199,"Bridge","TCCTGCAGTATCAGCT_8",-1.31662003175119,1.67435430699576,9.06248674553649
"TCGACCTAGACCGCCT_8",13363,3100.21684250009,2013,0.149625935162095,-0.0761789956492405,"G1",0.539347408829175,12.6971928560935,"Chromaffin cells","TCGACCTAGACCGCCT_8",2.95366235598227,4.77385412865867,14.9334539173324
"TCGATTTGTCGAAACG_8",13363,2826.00677160005,1814,0.0766871165644172,-0.0587661362922364,"G1",0.734165067178503,12.7679676083519,"Chromaffin cells","TCGATTTGTCGAAACG_8",2.42365308626791,5.32231890374412,15.4796996588715
"TCGGATACATATTCGG_8",13363,3294.17083849993,1936,0.170357751277683,0.0125430171989359,"G2M",0.461612284069098,16.6660210906914,"Neuroblasts","TCGGATACATATTCGG_8",4.92263384684225,-2.69584859198342,NA
"TCGGGACGTGCATGTT_8",13363,2690.74984339998,1389,0.228728270814273,-0.0466176933882278,"G1",0.536468330134357,12.4009655809483,"Chromaffin cells","TCGGGACGTGCATGTT_8",3.29028912409445,4.54281579667319,14.7361698418678
"TCTTAGTAGCATATGA_8",13363,3550.03723480013,2572,0.135109052306505,0.0535302098058696,"S",0.926103646833013,1.41470706354758,"Bridge","TCTTAGTAGCATATGA_8",-3.34468821660379,1.60123395138969,6.98407368405073
"TCTTAGTCAATGTGGG_8",13363,3140.54762330009,2058,0.180041152263374,-0.0376715577545363,"G1",0.85700575815739,5.70434620197178,"Bridge","TCTTAGTCAATGTGGG_8",-0.201082716144123,1.58903431111564,10.2111038018429
"TCTTAGTTCCGTGTCT_8",13363,2359.64434059997,1101,0.0606428138265616,0.0107837607268002,"S",0.227447216890595,14.8288803581707,"Neuroblasts","TCTTAGTTCCGTGTCT_8",3.4692470632424,-2.70850718802224,NA
"TCTTGCGCATTAGGCT_8",13363,3287.20249519994,2451,0.0181554103122731,-0.090685082984717,"G1",0.741842610364683,12.3029487669767,"Chromaffin cells","TCTTGCGCATTAGGCT_8",2.16675921305319,4.42195307427634,14.5283914837462
"TGACTCCGTCTGTGGC_8",13363,2545.377052,1286,0.243190661478599,-0.0898542558177611,"G2M",0.522072936660269,12.9668406479084,"Chromaffin cells","TGACTCCGTCTGTGGC_8",2.19353552683493,4.66965090447654,14.7924271452039
"TGAGGAGCAACCTATG_8",13363,2892.01238529993,1602,0.196232339089482,0.0111623303253348,"S",0.505758157389635,10.8608732333851,"Chromaffin cells","TGAGGAGCAACCTATG_8",2.92356630190512,3.85183798485984,14.0958271315675
"TGATGGTTCCCGAGTG_8",13363,2738.41880300006,1701,0.209478921183556,-0.040605600997183,"G1",0.791746641074856,15.5583490138253,"Chromaffin cells","TGATGGTTCCCGAGTG_8",2.05215807779928,6.75222002679099,17.0090899997787
"TGATTCTGTCACATTG_8",13363,3404.73999889994,2486,0.191717791411043,-0.0291454109681563,"G1",0.903071017274472,6.26961995531787,"SCPs","TGATTCTGTCACATTG_8",-8.48337344304422,1.42322372609367,1.94723646144371
"TGCAGTAGTGTTACAC_8",13363,3599.42450049985,2698,0.0721240533717995,0.210462101815606,"S",0.399232245681382,17.2855394049572,"Neuroblasts","TGCAGTAGTGTTACAC_8",4.50161381586691,-4.12573207205544,NA
"TGCGGCACATGACGGA_8",13363,3404.29449259991,2171,0.272851296043656,-0.06298120054781,"G1",0.968330134357006,6.42668615663194,"SCPs","TGCGGCACATGACGGA_8",-8.37992982045511,2.76619612389793,1.78440552335704
"TGCGGCAGTGGTACAG_8",13363,2856.97717919998,1603,0.0730727073438071,-0.0782781558765485,"G1",0.628598848368522,12.6971936047342,"Chromaffin cells","TGCGGCAGTGGTACAG_8",3.02901049479147,5.16755568200339,15.2941961234308
"TGCTCGTTCAGGAAAT_8",13363,2589.14841899997,1494,0.1318391562294,-0.0160551580451797,"G1",0.64299424184261,12.7480455590142,"Chromaffin cells","TGCTCGTTCAGGAAAT_8",2.30309863909384,5.01039206200828,15.1606558719944
"TGGAACTAGGTACTGG_8",13363,3492.32138800013,2687,0.116182572614108,-0.0973747231239512,"G1",0.988483685220729,1.91080455053979,"Bridge","TGGAACTAGGTACTGG_8",-2.77075890675882,1.55400138312568,7.56626142695652
"TGGAGGATCAGCGCAC_8",13363,3183.00022439992,2209,0.176756517896597,0.00221657236178449,"S",0.722648752399232,15.4946635408636,"Chromaffin cells","TGGAGGATCAGCGCAC_8",2.0735852323403,6.36036669427146,16.6161527931534
"TGGCGTGCAGGCCTGT_8",13363,3293.5186732001,2190,0.312876052948255,-0.132140654600327,"G1",0.377159309021113,12.4009661424288,"Chromaffin cells","TGGCGTGCAGGCCTGT_8",3.44767757280966,4.17891680413474,14.4564159707319
"TGGGAAGGTTTGTGGT_8",13363,3160.23414830006,2271,0.136825645035184,-0.140916226790824,"G1",0.796545105566219,15.5857598480161,"Chromaffin cells","TGGGAAGGTTTGTGGT_8",2.15487166269918,6.34919249230613,16.5815909493729
"TGGGAGACATGAAGCG_8",13363,3533.19871710014,2600,0.197132616487455,-0.015955772049309,"G1",0.891554702495202,6.50105383804201,"SCPs","TGGGAGACATGAAGCG_8",-8.33953932896952,2.86605607682456,1.80566223586724
"TGGGCGTGTAGCTGCC_8",13363,1627.90474350002,633,0.0955109837631328,-0.00604283952067539,"G2M",0.68426103646833,14.7096150194569,"Chromaffin cells","TGGGCGTGTAGCTGCC_8",2.2372426591744,6.18324410134544,16.3870348626948
"TGGTAGTCACCGTGGT_8",13363,3730.93111630011,3270,0.103319126953377,0.00748319723098925,"S",0.49232245681382,14.3107983335097,"Chromaffin cells","TGGTAGTCACCGTGGT_8",2.68956848009726,5.48238598519553,15.6158645432585
"TGTACAGCACAAACGG_8",13363,2839.95316269993,1582,0.486709097716211,-0.100479406046386,"G2M",0.652591170825336,14.3107985206698,"Chromaffin cells","TGTACAGCACAAACGG_8",2.78108211382528,5.46416031533469,15.5879329778049
"TGTCAGAGTACGCTAT_8",13363,3074.73738499994,1899,0.166712975826619,0.00959075050847068,"S",0.294625719769674,14.1138248993468,"Neuroblasts","TGTCAGAGTACGCTAT_8",3.46381183489462,-1.99304736441384,NA
"TGTGTGATCCGATCGG_8",13363,3237.95062570007,2266,0.11037527593819,-0.0340501924822784,"G1",0.704414587332054,11.1528531763131,"Chromaffin cells","TGTGTGATCCGATCGG_8",2.48702903612753,3.51785551720847,13.6822830197134
"TTACCGCGTCGCTTAA_8",13363,2457.44944430001,1331,0,-0.0515325055836803,"G1",0.846449136276392,15.5672423000969,"Chromaffin cells","TTACCGCGTCGCTTAA_8",2.13896890505453,6.34829317742576,16.5854033132772
"TTAGTCTGTGTGATGG_8",13363,3487.58554450005,2413,0.151220565996976,-0.0192646639934242,"G1",0.592130518234165,8.24220291560529,"Chromaffin cells","TTAGTCTGTGTGATGG_8",2.28435226305624,2.73791681939353,12.9308474322316
"TTCACCGAGCCTAGGA_8",13363,3504.08445089988,2424,0.0431778929188256,-0.0935771758471864,"G1",0.897312859884837,4.81407646043957,"SCPs","TTCACCGAGCCTAGGA_8",-7.28844718114237,1.44849001580466,3.1418606309509
"TTCAGGAAGTGCCCGT_8",13363,2592.36461890001,1405,0.266565118050267,-0.0619429977872879,"G1",0.690019193857965,14.4093161133103,"Chromaffin cells","TTCAGGAAGTGCCCGT_8",2.31686755045553,6.03552281075706,16.2202006403464
"TTCCGGTGTGTTCCTC_8",13363,2771.88855979995,1442,0.184077312471238,-0.06137576236785,"G1",0.31573896353167,15.1119522867269,"Neuroblasts","TTCCGGTGTGTTCCTC_8",4.07745619639059,-2.76447904890786,NA
"TTCCTTCGTTTCGACA_8",13363,3249.28268720003,2140,0.0247279920870425,-0.0231554779696898,"G1",0.956813819577735,3.8647130486973,"Bridge","TTCCTTCGTTTCGACA_8",-1.51227859631876,1.54778885060538,8.8541517606106
"TTCTCTCAGACTTCGT_8",13363,2899.85598150006,1680,0.0695168578380257,0.00531408811663589,"S",0.72552783109405,7.89240633321016,"Bridge","TTCTCTCAGACTTCGT_8",1.56965490206381,2.29998397046317,12.17879394637
"TTCTGTAAGGACCCAA_8",13363,2832.65803760005,1838,0.0692520775623269,0.0222167351408511,"S",0.76679462571977,16.7196462405853,"Chromaffin cells","TTCTGTAAGGACCCAA_8",1.94980212076803,6.88989006692161,17.1815781050054
"TTCTTCCCAGAGATTA_8",13363,3110.4041819001,1972,0.303364589078875,0.0270362689842363,"S",0.802303262955854,10.4911409241105,"Chromaffin cells","TTCTTCCCAGAGATTA_8",2.36269923075338,3.07207142525901,13.2479155434266
"TTGACCCAGGTGCAGT_8",13363,3495.57293730001,2731,0.126382306477093,-0.034427353681437,"G1",0.765834932821497,7.0790378842649,"Connecting progenitor cells","TTGACCCAGGTGCAGT_8",1.10319050177237,1.64822839909782,11.438588909118
"TTGATGGTCGTCAGAT_8",13363,3131.4306086,1813,0.280603297088741,0.0285787744918848,"S",0.268714011516315,17.8701924489792,"Neuroblasts","TTGATGGTCGTCAGAT_8",4.630420883738,-3.50797046011697,NA
"TTGGGATCAGGGTTGA_8",13363,2642.05752509998,1292,0.0550660792951542,-0.110509046114324,"G1",0.660268714011516,8.00729037019114,"Bridge","TTGGGATCAGGGTTGA_8",1.49039753302237,2.23860155755271,12.0789759927373
"TTGGGCGGTGTGAGCA_8",13363,2839.83836699993,1613,0.110456553755523,0.0126051599944029,"S",0.983685220729367,3.02166611721801,"Bridge","TTGGGCGGTGTGAGCA_8",-1.65022842065195,1.66192363911857,8.71128976925984
"TTGTTCAGTACAGCGA_8",13363,3335.90078859992,2263,0.181570585565138,-0.0385481516528825,"G1",0.934740882917466,6.31308844261714,"SCPs","TTGTTCAGTACAGCGA_8",-9.48297862187723,2.58060180360068,0.744441550461578
"TTGTTGTAGTCTTCGA_8",13363,3302.27847810005,2105,0.275330396475771,-0.10148628723524,"G1",0.988483685220729,1.55337737510317,"Bridge","TTGTTGTAGTCTTCGA_8",-3.46587065831522,1.6036044281124,6.86171489566012
"TTTACCAGTCGCAACC_8",13363,3417.28921619993,2225,0.258665287118469,-0.0801703110347393,"G1",0.990403071017274,2.67405624372644,"SCPs","TTTACCAGTCGCAACC_8",-6.02009991780619,1.47505479270209,4.33007861103983
"TTTACTGCAATTTCTC_8",13363,2635.20350710005,1550,0.282485875706215,-0.0788082961514784,"G1",0.772552783109405,15.3579610008885,"Chromaffin cells","TTTACTGCAATTTCTC_8",1.90389223917624,6.620806090176,16.9384440820197
"TTTATGCGTGGGTTGA_8",13363,2955.79930349995,1682,0.111565637783563,-0.0195455576909397,"G1",0.865642994241843,6.52912593047129,"SCPs","TTTATGCGTGGGTTGA_8",-8.45487240926126,1.68683909589042,1.92083383647574
"TTTGACTGTAGGTGCA_8",13363,3523.02490980012,2536,0.134331222414124,-0.12170823534034,"G1",0.512476007677543,4.69983958587657,"Neuroblasts","TTTGACTGTAGGTGCA_8",-0.508287126577892,-0.789593346774682,NA
"TTTGATCTCGATTCCC_8",13363,2922.85173320006,2127,0.0721630885801912,-0.0289861130289528,"G1",0.818618042226487,13.4931310087972,"Chromaffin cells","TTTGATCTCGATTCCC_8",1.83426280840536,5.41350161248435,15.6390722440554
"AAAGTAGAGCTGATAA_9",13952,2138.25954010002,904,0,0.0815392277971925,"S",0.175623800383877,22.8139726882553,"Late neuroblasts","AAAGTAGAGCTGATAA_9",-0.000523576892414224,-7.68712342566262,NA
"AACTCCCCACAGGAGT_9",13952,2047.10084120001,904,0,-0.0773844895459417,"G1",0.251439539347409,24.5861210585979,"Late chromaffin cells","AACTCCCCACAGGAGT_9",-2.19408754483561,10.1017788570522,22.7324238893437
"AACTCCCGTCGTTGTA_9",13952,2093.18247879998,913,0,0.0397350990661094,"S",0.218809980806142,24.5730503827385,"Late chromaffin cells","AACTCCCGTCGTTGTA_9",-2.54839972630838,10.1335190456509,23.0224208111051
"ACATCAGCATCCGCGA_9",13952,2175.78000449998,971,0,0.1381025174743,"S",0.285988483685221,25.6606324933856,"Late chromaffin cells","ACATCAGCATCCGCGA_9",-3.18354586736063,9.41906534844626,23.1451726974434
"ACGCCAGGTCTCTCGT_9",13952,1974.48220330001,822,0,-0.0142031404467992,"G2M",0.23320537428023,25.8041300547013,"Late chromaffin cells","ACGCCAGGTCTCTCGT_9",-3.65289143697123,9.61298262292136,23.5480925053424
"ACGCCAGTCATGTCCC_9",13952,2206.28681239998,951,0,0.09386234864826,"S",0.505758157389635,9.69978159855266,"Late SCPs","ACGCCAGTCATGTCCC_9",-9.71407298222879,-0.88803840464364,NA
"ACTATCTTCCTTCAAT_9",13952,2367.00451880005,1101,0,-0.108414319724382,"G1",0.308061420345489,25.8041302418614,"Late chromaffin cells","ACTATCTTCCTTCAAT_9",-3.60480550900797,9.97667109185447,23.7097815566511
"AGCATACGTCCGAACC_9",13952,1994.97419999999,857,0,0.0396736436664556,"S",0.355086372360845,18.0421192573264,"Late chromaffin cells","AGCATACGTCCGAACC_9",0.931923349939785,8.59645353966941,19.2513956342051
"AGCCTAAGTTGATTCG_9",13952,2079.84745089997,918,0,-0.00745483121600613,"G1",0.455854126679463,18.820398668777,"Late chromaffin cells","AGCCTAAGTTGATTCG_9",0.696834286295376,8.93946634942283,19.659979372239
"AGGCCGTCAACTGCTA_9",13952,1976.3448726,809,0,-0.00178091438524114,"G1",0.154510556621881,23.0153625194112,"Late neuroblasts","AGGCCGTCAACTGCTA_9",0.0187998913158988,-7.89098084753762,NA
"ATCCACCTCACCAGGC_9",13952,2022.86059930002,841,0.0884955752212389,-0.0687117053451447,"G2M",0.211132437619962,25.6870154137205,"Late chromaffin cells","ATCCACCTCACCAGGC_9",-3.20918635503153,9.51953398400535,23.1925607934714
"ATGCGATCAGATCTGT_9",13952,2061.01441940002,855,0.0873362445414847,-0.0931765555881906,"G1",0.199616122840691,25.5348944483479,"Late chromaffin cells","ATGCGATCAGATCTGT_9",-2.95006231442789,9.3177603405117,22.9256632494925
"ATTGGACTCTTCATGT_9",13952,2378.38040540001,1117,0,-0.0841075754853437,"G1",0.298464491362764,25.8041308033419,"Late chromaffin cells","ATTGGACTCTTCATGT_9",-3.36360530034403,9.86721789056052,23.4943061865996
"CAGATCAAGATAGCAT_9",13952,2458.62084329999,1151,0.0632511068943706,-0.000129508964210268,"G1",0.224568138195777,25.6374378108335,"Late chromaffin cells","CAGATCAAGATAGCAT_9",-3.15680507794718,9.74723135644187,23.2814986216887
"CAGATCATCCAAACTG_9",13952,1996.84304379998,835,0,-0.0220517390727743,"G1",0.18042226487524,25.6201929602357,"Late chromaffin cells","CAGATCATCCAAACTG_9",-3.14193014279703,9.49471270257224,23.1533623533014
"CAGCATACACGGTAAG_9",13952,2015.88463690001,837,0,-0.0702447512205574,"G1",0.292706333973129,25.7523999536913,"Late chromaffin cells","CAGCATACACGGTAAG_9",-3.26783303395609,10.2543181102871,23.6297233898468
"CAGCATAGTCACCTAA_9",13952,2110.87659040002,899,0.0825763831544178,-0.0682894412041013,"G1",0.690019193857965,9.99420276495633,"Late SCPs","CAGCATAGTCACCTAA_9",-10.5552785791526,-0.554603584468469,NA
"CAGCCGAAGTATCTCG_9",13952,1934.98484100003,797,0,0.00705309991671145,"G2M",0.351247600767754,24.5861216200784,"Late chromaffin cells","CAGCCGAAGTATCTCG_9",-2.06534186974863,9.68396269494285,22.4261804426738
"CAGCTAAGTTTAGCTG_9",13952,1932.79906949998,872,0,0.0227867464554262,"S",0.500959692898273,18.0574148512634,"Late chromaffin cells","CAGCTAAGTTTAGCTG_9",0.748141368471584,8.65054213219871,19.4277172921111
"CAGCTGGTCAGCGACC_9",13952,1998.15332400004,824,0,0.106873917222006,"S",0.355086372360845,9.68593572905868,"Late SCPs","CAGCTGGTCAGCGACC_9",-9.64679984227518,-0.924692161738976,NA
"CATTATCGTCTAACGT_9",13952,2304.35999330002,1081,0,-0.101905001050356,"G1",0.242802303262956,25.5348950098284,"Late chromaffin cells","CATTATCGTCTAACGT_9",-2.82041696683268,9.69689642602195,23.0106195395698
"CCTAGCTAGTGTTTGC_9",13952,1829.61643300001,738,0.0938967136150235,-0.0742825562617021,"G1",0.456813819577735,19.7799017932434,"Late chromaffin cells","CCTAGCTAGTGTTTGC_9",-0.077153275168934,8.89051996880759,20.2697736635104
"CCTTTCTTCTTCTGGC_9",13952,1851.93833000003,745,0.0937207122774133,-0.0668612955135927,"G1",0.795585412667946,8.70772092463734,"Late SCPs","CCTTTCTTCTTCTGGC_9",-9.8227394022117,-0.35829681938897,NA
"CGACTTCTCAACACCA_9",13952,1990.3528133,869,0,0.0375293444732139,"S",0.214971209213052,25.5348953841487,"Late chromaffin cells","CGACTTCTCAACACCA_9",-2.80294541493753,9.68589674645652,23.0041301060991
"CGGGTCACAGAGCCAA_9",13952,2943.40748889992,1656,0.0791452314998021,0.0229586040741039,"G2M",0.561420345489443,9.685936103379,"Late SCPs","CGGGTCACAGAGCCAA_9",-9.75517157689432,-0.994949825465783,NA
"CGTTGGGGTAAAGGAG_9",13952,2333.39292519998,1062,0,-0.0852807158176296,"G1",0.355086372360845,25.5348955713089,"Late chromaffin cells","CGTTGGGGTAAAGGAG_9",-2.61996559277872,9.70716845208396,22.8626640133849
"CTACCCAAGATGGGTC_9",13952,1919.65808850002,786,0.187793427230047,-0.0143847444670012,"G1",0.608445297504798,9.68593629053916,"Late SCPs","CTACCCAAGATGGGTC_9",-9.82269648686747,-0.925701626002892,NA
"CTACCCATCTTCGAGA_9",13952,2144.52594990004,931,0.078740157480315,-0.0234518332430563,"G1",0.307101727447217,25.5348959456292,"Late chromaffin cells","CTACCCATCTTCGAGA_9",-2.8662717737327,9.36859308892478,22.8833824272408
"CTTAACTTCCGCAGTG_9",13952,1931.05407789998,789,0,-0.0894994965407289,"G1",0.0930902111324376,25.53489688143,"Late chromaffin cells","CTTAACTTCCGCAGTG_9",-3.02121595517496,9.2780121486782,22.9634390882525
"GAAATGAGTCATCGGC_9",13952,2035.22875999999,853,0,-0.0187833024852767,"G1",0.231285988483685,25.5348970685902,"Late chromaffin cells","GAAATGAGTCATCGGC_9",-2.89613393918375,9.42579924279441,22.939693283436
"GAATAAGTCCAGATCA_9",13952,2081.38254409997,906,0.0759878419452888,-0.0786601973052707,"G1",0.312859884836852,18.8618583764825,"Late chromaffin cells","GAATAAGTCCAGATCA_9",0.506138821684322,8.95784651452293,19.8201849767715
"GACAGAGTCTTATCTG_9",13952,2226.98686329997,998,0,-0.0836345811871563,"G1",0.234165067178503,25.5348974429105,"Late chromaffin cells","GACAGAGTCTTATCTG_9",-2.89104131833414,9.54406344109763,23.0001867477527
"GATGAGGAGCTGAAAT_9",13952,2324.35510530002,1055,0,-0.0935327153087196,"G2M",0.174664107485605,25.5476122618513,"Late chromaffin cells","GATGAGGAGCTGAAAT_9",-3.0725272096763,9.10576903039207,22.9120644751194
"GCGCCAATCCGAACGC_9",13952,2595.48538110001,1279,0,-0.0690252925022302,"G1",0.238003838771593,25.8041313648224,"Late chromaffin cells","GCGCCAATCCGAACGC_9",-3.49813870564798,9.78608977013816,23.5322177909797
"GTGCAGCGTTCAGACT_9",13952,1962.67522070002,817,0,-0.0873523299716267,"G2M",0.334932821497121,25.5348987530316,"Late chromaffin cells","GTGCAGCGTTCAGACT_9",-2.72068599835733,9.57310949975242,22.8735413471011
"TATCAGGCAGTATGCT_9",13952,2020.96621869998,862,0,0.0253377763905229,"S",0.22168905950096,18.7907313464565,"Late chromaffin cells","TATCAGGCAGTATGCT_9",0.647456487261257,8.8209694545864,19.6201427259304
"TCGCGTTTCTCACATT_9",13952,1908.50927229999,767,0.0969932104752667,-0.076038433360962,"G2M",0.469289827255278,25.5348993145121,"Late chromaffin cells","TCGCGTTTCTCACATT_9",-2.71830896512369,9.46778856927146,22.8367543806314
"TCTCTAACAAACTGCT_9",13952,2039.13774499996,868,0,0.0193442625160165,"S",0.182341650671785,25.5348995016723,"Late chromaffin cells","TCTCTAACAAACTGCT_9",-2.86663631574015,9.5726784389614,22.99543317575
"TCTCTAATCGTATCAG_9",13952,2399.49731200002,1102,0,-0.0471146091691236,"G2M",0.67658349328215,9.64060256868269,"Late SCPs","TCTCTAATCGTATCAG_9",-9.64496306554178,-0.602872617900476,NA
"TGATTTCCAACCGCCA_9",13952,1949.49133879999,788,0,-0.015952618534155,"G2M",0.196737044145873,22.9414579593035,"Late neuroblasts","TGATTTCCAACCGCCA_9",0.0301514767040824,-7.81592763251077,NA
"TTAGTTCTCGGTTAAC_9",13952,2017.19215899998,835,0,-0.0753576591952806,"G1",0.320537428023033,25.5349006246332,"Late chromaffin cells","TTAGTTCTCGGTTAAC_9",-2.93972400800089,9.36493574792136,22.9428430046497
"TTCTACAGTTAGGGTG_9",13952,2190.11536419998,965,0,-0.0683969908789041,"G1",0.261996161228407,25.7392845714016,"Late chromaffin cells","TTCTACAGTTAGGGTG_9",-3.25678519383768,10.0359305065273,23.5082398880021
"TTCTCCTCACCATGTA_9",13952,2049.13660369999,861,0.170212765957447,-0.0212942932950211,"G2M",0.211132437619962,25.5349008117934,"Late chromaffin cells","TTCTCCTCACCATGTA_9",-2.97331408635477,8.95196997338523,22.77901335522
"TTCTTAGGTGTCAATC_9",13952,2103.31057809998,909,0,0.0396028319367365,"S",0.149712092130518,22.4657728056219,"Late neuroblasts","TTCTTAGGTGTCAATC_9",0.364875515543423,-7.24069369620095,NA
"TTCTTAGTCCCTAACC_9",13952,2294.98482019999,1041,0.0697350069735007,0.0248025961419425,"S",0.791746641074856,9.77706454515868,"Late SCPs","TTCTTAGTCCCTAACC_9",-9.61243323460916,-0.822073229014977,NA
"AACTCCCAGACACTAA_10",13667,2109.69026750002,924,0.0774593338497289,-0.0519683051085912,"G1",0.0777351247600768,25.8041326749435,"Late chromaffin cells","AACTCCCAGACACTAA_10",-3.63666562215189,9.30834280663718,23.3830725995433
"AACTGGTAGTTCGATC_10",13667,1976.21293439999,805,0.184842883548983,-0.0594122383196539,"G1",0.263915547024952,25.8041328621037,"Late chromaffin cells","AACTGGTAGTTCGATC_10",-3.63439396993021,9.1905287426113,23.349205168464
"AAGTCTGGTAGAGGAA_10",13667,2405.6592649,1076,0.146627565982405,0.183419093277997,"S",0.526871401151631,9.59206519713742,"Late SCPs","AAGTCTGGTAGAGGAA_10",-9.56410006657938,-0.72360969370614,NA
"AATCCAGCATAAGACA_10",13667,1947.54076119999,794,0.458295142071494,-0.06466022667414,"G1",0.185220729366603,25.8041336107443,"Late chromaffin cells","AATCCAGCATAAGACA_10",-3.59835199490885,8.87846743279685,23.183684546034
"ACATCAGCATCTACGA_10",13667,1998.56039369997,821,0.270758122743682,-0.0733875454333569,"G1",0.0623800383877159,25.8041339850646,"Late chromaffin cells","ACATCAGCATCTACGA_10",-3.58887747899393,8.61402784997214,23.0269901675476
"ACCCACTCACAAGACG_10",13667,1975.08758750001,854,0.242130750605327,-0.0402691894375218,"G2M",0.117082533589251,25.8041345465451,"Late chromaffin cells","ACCCACTCACAAGACG_10",-3.61175135747294,8.82673060113181,23.1656343351772
"ACGATGTAGATAGCAT_10",13667,1972.66079340002,801,0,-0.0646010083516837,"G1",0.152591170825336,22.8369622061148,"Late neuroblasts","ACGATGTAGATAGCAT_10",0.119331618391476,-7.38796723669778,NA
"ACGCCAGTCCGCTGTT_10",13667,2257.98445659998,1006,0.152322924600152,0.33202918493802,"S",0.0470249520153551,25.8041347337053,"Late chromaffin cells","ACGCCAGTCCGCTGTT_10",-3.52153209821085,9.00622927361716,23.1844846142428
"ACGGGCTGTCCAGTTA_10",13667,2125.44524400001,937,0.298730395817774,-0.0789145439767265,"G1",0.119001919385797,25.8041349208654,"Late chromaffin cells","ACGGGCTGTCCAGTTA_10",-3.3660264410148,8.63377081567039,22.8992180617744
"ACTATCTGTACTTAGC_10",13667,2020.45115949999,841,0.175901495162709,-0.0593359998442179,"G1",0.123800383877159,25.8041351080256,"Late chromaffin cells","ACTATCTGTACTTAGC_10",-3.82036379948954,9.19379698449363,23.4631632077428
"ACTGAGTAGCTAGTCT_10",13667,2541.51950039996,1295,0.100300902708124,0.00931540147526266,"S",0.336852207293666,25.551672117273,"Late chromaffin cells","ACTGAGTAGCTAGTCT_10",-3.07759312764505,9.01010119134177,22.8639211673
"ACTGATGCATGTCGAT_10",13667,2672.92193669996,1404,0.0475059382422803,-0.040797973094716,"G2M",0.128598848368522,25.8041352951858,"Late chromaffin cells","ACTGATGCATGTCGAT_10",-3.72290734425882,8.66689573937644,23.1675269874378
"AGAGCGAAGTCTTGCA_10",13667,2009.12333280004,845,0,-0.00818472926105961,"G2M",0.250479846449136,25.8041356695061,"Late chromaffin cells","AGAGCGAAGTCTTGCA_10",-3.6523087419639,9.15151011162986,23.3412571017924
"AGAGTGGCAGTCCTTC_10",13667,1962.47086309999,807,0.0921658986175115,-0.0637396038410089,"G2M",0.251439539347409,25.8041358566663,"Late chromaffin cells","AGAGTGGCAGTCCTTC_10",-3.4686522878776,8.58246027642478,22.9569982215347
"AGCTCCTAGTAATCCC_10",13667,2268.1037444,1027,0.204778156996587,-0.013889705478347,"G1",0.18426103646833,25.8041369796272,"Late chromaffin cells","AGCTCCTAGTAATCCC_10",-3.6378622450004,9.36686598473777,23.4187168141017
"AGGTCATTCCACGAAT_10",13667,2668.17408100008,1406,0.188590287600189,-0.0466568204847001,"G1",0.347408829174664,25.8041375411077,"Late chromaffin cells","AGGTCATTCCACGAAT_10",-3.57541565076212,9.58529364281882,23.497854228487
"AGTAGTCAGTGTACTC_10",13667,2026.35199079997,833,0.371057513914657,-0.0194924838895011,"G1",0.328214971209213,9.79953001158207,"Late SCPs","AGTAGTCAGTGTACTC_10",-10.9854972757469,-0.709126957118615,NA
"ATAACGCCAATCTGCA_10",13667,2102.17475769999,904,0.80450522928399,-0.0757421166875769,"G1",0.649712092130518,9.95603188315252,"Late SCPs","ATAACGCCAATCTGCA_10",-10.470294753469,-0.596223600566491,NA
"ATGCGATAGAAACGCC_10",13667,1893.28898729997,761,0.392927308447937,-0.0569579844489884,"G1",0.0863723608445297,25.8041392255492,"Late chromaffin cells","ATGCGATAGAAACGCC_10",-3.63314155713419,8.9257754009365,23.1950821910908
"ATGCGATCACGAAACG_10",13667,2062.53997359998,868,0.598802395209581,0.0595080283083235,"S",0.101727447216891,25.8041394127093,"Late chromaffin cells","ATGCGATCACGAAACG_10",-3.33953980580667,8.81108462029685,22.9741417666218
"CAAGATCCATCGATGT_10",13667,1986.32106429999,833,0.429184549356223,-0.00872573209520424,"G2M",0.386756238003839,9.6859370391798,"Late SCPs","CAAGATCCATCGATGT_10",-9.89688281194071,-1.16132701224099,NA
"CAAGTTGGTAGCCTAT_10",13667,2591.77995359998,1241,0,0.239629685816851,"S",0.799424184261036,9.68593722633996,"Late SCPs","CAAGTTGGTAGCCTAT_10",-10.4165046610008,-1.07773519343148,NA
"CAGAATCTCACAAACC_10",13667,2202.1998994,968,0.222057735011103,-0.00836843968241556,"G2M",0.36852207293666,25.8041405356703,"Late chromaffin cells","CAGAATCTCACAAACC_10",-3.74348405972818,9.51791559869041,23.5626711610114
"CAGAGAGCATGGTAGG_10",13667,2148.5400032,928,0.236593059936908,-0.0231983864940321,"G1",0.202495201535509,25.7913617422612,"Late chromaffin cells","CAGAGAGCATGGTAGG_10",-3.32306031361917,8.68043219262351,22.8888141559219
"CAGCAGCCAGCTTAAC_10",13667,1948.82765800004,803,0,0.127606564090889,"S",0.155470249520154,25.8041409099906,"Late chromaffin cells","CAGCAGCCAGCTTAAC_10",-3.7913730539451,9.1433046978115,23.409889774614
"CATCAAGCAGTCTTCC_10",13667,2091.82596409996,904,0.0791765637371338,-0.0203015088788859,"G2M",0.198656429942418,25.8041412843109,"Late chromaffin cells","CATCAAGCAGTCTTCC_10",-3.71601108685831,9.15408026391257,23.3583505323839
"CATGGCGGTACGCTGC_10",13667,2293.82987889997,1033,0.357398141529664,0.378769924072451,"S",0.801343570057582,9.68593741350012,"Late SCPs","CATGGCGGTACGCTGC_10",-9.84997443333963,-1.03329087084542,NA
"CCAATCCAGTCCAGGA_10",13667,2325.18483359996,1083,0.0634115409004439,0.0232226463098548,"G2M",0.120921305182342,25.8041416586312,"Late chromaffin cells","CCAATCCAGTCCAGGA_10",-3.60017708913187,8.80616842919578,23.1444929545912
"CCGGTAGGTATTCTCT_10",13667,1885.29045020003,756,0.0987166831194472,-0.00233327745786235,"G1",0.261996161228407,25.6820532218931,"Late chromaffin cells","CCGGTAGGTATTCTCT_10",-3.21198944226603,8.74424921685447,22.8367543806314
"CCTAAAGGTCTTCAAG_10",13667,2123.41329069999,925,0.230591852421214,0.00920842323702113,"S",0.22936660268714,25.8041418457914,"Late chromaffin cells","CCTAAAGGTCTTCAAG_10",-3.53050116673807,9.12068449670066,23.2240558979488
"CCTCAGTGTGTGCGTC_10",13667,2352.4806927,1092,0.0640204865556978,0.0181236752717275,"S",0.285988483685221,25.8041420329516,"Late chromaffin cells","CCTCAGTGTGTGCGTC_10",-3.80633858815531,9.60444723778953,23.6650781516828
"CCTTCGACAAGTCATC_10",13667,1998.20567649997,816,0.0919963201471941,0.0661378834415433,"S",0.661228406909789,9.68593778782044,"Late SCPs","CCTTCGACAAGTCATC_10",-9.97731093541483,-1.14661753958474,NA
"CCTTCGACATCACGTA_10",13667,1806.10672059999,727,0,0.0113866234196279,"S",0.107485604606526,25.8041422201117,"Late chromaffin cells","CCTTCGACATCACGTA_10",-3.36030916348795,9.02102076226462,23.0671917594819
"CCTTTCTAGCCCTAAT_10",13667,2467.1598365,1210,0.0566893424036281,0.218824162159371,"S",0.138195777351248,25.5850485203666,"Late neuroblasts","CCTTTCTAGCCCTAAT_10",1.10191305502554,-8.866170056522,NA
"CGACCTTTCTCAACTT_10",13667,2145.26418519998,912,0.164068908941756,-0.0940959060320221,"G1",0.603646833013436,8.61212003691906,"Late SCPs","CGACCTTTCTCAACTT_10",-11.0022161401878,0.162425897657767,NA
"CGATGTAGTTCCCGAG_10",13667,1882.75430740002,763,0,-0.070107485272996,"G1",0.210172744721689,25.6123420427331,"Late chromaffin cells","CGATGTAGTTCCCGAG_10",-3.13837031499247,9.06112372094382,22.942715193181
"CGCGGTATCAGCTTAG_10",13667,1996.97895990001,848,0.250836120401338,-0.00502443715478408,"G1",0.124760076775432,25.7093214483584,"Late chromaffin cells","CGCGGTATCAGCTTAG_10",-3.23979357854227,8.71880327874412,22.8401483337346
"CGCGGTATCTGCTTGC_10",13667,1999.56288429996,819,0.0896860986547085,-0.0678207537645446,"G1",0.160268714011516,25.804142594432,"Late chromaffin cells","CGCGGTATCTGCTTGC_10",-3.8064949907432,9.23923002892722,23.4789150680858
"CGCTTCAGTTATGTGC_10",13667,1918.51814329998,809,0.0849617672047579,0.0718815459269512,"S",0.160268714011516,25.8041427815922,"Late chromaffin cells","CGCTTCAGTTATGTGC_10",-3.69759992734293,9.39725290948142,23.4848427399264
"CGGACACCATACCATG_10",13667,1917.36221179997,770,0.585365853658537,0.00923627893007668,"S",0.252399232245681,25.8041429687524,"Late chromaffin cells","CGGACACCATACCATG_10",-3.35739735738138,8.95351111108054,23.0267812514559
"CGTAGGCCAACAACCT_10",13667,1896.70110189998,770,0,-0.00490593271036382,"G2M",0.162188099808061,25.8041433430727,"Late chromaffin cells","CGTAGGCCAACAACCT_10",-3.65447429791788,8.83453737908591,23.1844846142428
"CGTCAGGTCAGTTTGG_10",13667,2005.15882079996,828,0.179372197309417,-0.0786344762169453,"G1",0.826295585412668,10.0985644281407,"Late SCPs","CGTCAGGTCAGTTTGG_10",-10.2830818094383,-0.423229225337609,NA
"CGTTAGACAGGTGCCT_10",13667,2564.21283040002,1329,0.151821862348178,0.0220530125981087,"S",0.0719769673704415,25.8041439045532,"Late chromaffin cells","CGTTAGACAGGTGCCT_10",-3.59486393109659,8.68788038903464,23.0735125304612
"CGTTAGATCAAACAAG_10",13667,2222.53965479999,958,0.159235668789809,0.223333445319487,"S",0.638195777351248,8.62481871005749,"Late SCPs","CGTTAGATCAAACAAG_10",-10.2435415186057,-0.0743872601390925,NA
"CGTTCTGCACATGGGA_10",13667,1928.99439779998,777,0.192307692307692,-0.051390521307112,"G1",0.0287907869481766,25.8041440917133,"Late chromaffin cells","CGTTCTGCACATGGGA_10",-3.34892944470743,8.73067843133201,22.9379728734591
"CTCGTCACATCCCACT_10",13667,1936.85968629998,801,0.0865051903114187,-0.0746606194330339,"G1",0.171785028790787,22.5604806507825,"Late neuroblasts","CTCGTCACATCCCACT_10",0.381025632463894,-7.38877166098367,NA
"CTGCCTAGTCGAACAG_10",13667,1846.06664310001,764,0.356188780053428,0.00677343901729156,"G2M",0.392514395393474,9.68593816214076,"Late SCPs","CTGCCTAGTCGAACAG_10",-9.91913012639383,-1.15620804613839,NA
"CTGCTGTTCACAACGT_10",13667,2060.71618579999,904,0.073909830007391,-0.051939250550821,"G1",0.199616122840691,25.8041446531938,"Late chromaffin cells","CTGCTGTTCACAACGT_10",-3.58153490201334,9.31538569146384,23.3583505323839
"GAAACTCTCTTGTTTG_10",13667,2108.18611699998,905,0,-0.0675849323828635,"G1",0.0854126679462572,25.7806271012161,"Late chromaffin cells","GAAACTCTCTTGTTTG_10",-3.31123117581705,8.77813612633933,22.9324130090595
"GACTAACGTCTGCAAT_10",13667,2458.87607499997,1191,0.118133490844654,0.121184606477127,"S",0.197696737044146,25.8041461504751,"Late chromaffin cells","GACTAACGTCTGCAAT_10",-3.64481381551126,8.90776812249412,23.1941916533356
"GACTAACTCGTGGTCG_10",13667,2415.67762350002,1160,1.69082125603865,-0.0267816387247979,"G2M",0.214011516314779,25.8041463376353,"Late chromaffin cells","GACTAACTCGTGGTCG_10",-3.52721933499674,8.87693106347312,23.1240286948165
"GATCAGTAGGCTCTTA_10",13667,2071.05285040001,889,0.158730158730159,-0.00848562338587132,"G1",0.246641074856046,25.8041465247954,"Late chromaffin cells","GATCAGTAGGCTCTTA_10",-3.54255656377176,8.80810629540671,23.0979606364639
"GATCAGTCAACAACCT_10",13667,3110.44781559998,1848,0.350877192982456,-0.0517104411099316,"G1",0.338771593090211,9.69473125575316,"Late SCPs","GATCAGTCAACAACCT_10",-9.71154383794168,-0.892961629092797,NA
"GATCAGTGTTCCACTC_10",13667,2105.57153520001,915,0.153609831029186,-0.00846451895826575,"G1",0.250479846449136,25.8041467119556,"Late chromaffin cells","GATCAGTGTTCCACTC_10",-3.51245621816019,9.32040011101951,23.324825398959
"GATTCAGTCTGACCTC_10",13667,2158.43580769997,993,0.0679809653297077,-0.0869615822591973,"G1",0.256238003838772,25.8041472734361,"Late chromaffin cells","GATTCAGTCTGACCTC_10",-3.49082068578104,9.20471464806785,23.2402758456939
"GCATACAAGCGATCCC_10",13667,2144.30563249998,978,0.135869565217391,-0.0166701891823521,"G2M",0.230326295585413,25.8041478349166,"Late chromaffin cells","GCATACAAGCGATCCC_10",-3.3558843530784,8.87301336938132,23.0106195395698
"GCATGATGTTGATTGC_10",13667,1849.39236279998,736,0,-0.0628264392931717,"G1",0.263915547024952,25.8041482092369,"Late chromaffin cells","GCATGATGTTGATTGC_10",-3.65161995068888,9.22140871697654,23.3583505323839
"GCATGATTCTGGAGCC_10",13667,2202.69542190004,943,0.247320692497939,-0.0654913327982096,"G2M",0.218809980806142,9.68593853646108,"Late SCPs","GCATGATTCTGGAGCC_10",-10.6482532419334,-1.19379461592446,NA
"GCGCCAATCAGCCTAA_10",13667,1799.65399409997,722,0.392927308447937,0.0688313806195092,"S",0.178502879078695,25.6731914428345,"Late chromaffin cells","GCGCCAATCAGCCTAA_10",-3.20258478299479,8.78909289056052,22.8474995282958
"GCTCTGTCAATAACGA_10",13667,1775.31286540003,743,0,-0.0725938893231223,"G1",0.414587332053743,3.03311987660344,"Bridge","GCTCTGTCAATAACGA_10",-1.90060488358835,1.1050887029766,8.46061870421221
"GGAATAACACTCGACG_10",13667,1860.85319159998,740,0.39564787339268,0.116303149015722,"S",0.114203454894434,25.8041491450377,"Late chromaffin cells","GGAATAACACTCGACG_10",-3.4168785013328,8.61793886834373,22.9331012031982
"GGACAGACACGTAAGG_10",13667,1951.1753886,798,0.275482093663912,-0.000816972675079249,"G1",0.235124760076775,25.804149519358,"Late chromaffin cells","GGACAGACACGTAAGG_10",-3.442914763845,8.8497723262905,23.0390624265949
"GGCTGGTAGAGCTTCT_10",13667,1965.92487230002,787,0,-0.0472550748923346,"G1",0.299424184261036,5.07825530298549,"Bridge","GGCTGGTAGAGCTTCT_10",-0.359543079889813,1.12222813779105,9.95863161608523
"GGTATTGGTTCAGTAC_10",13667,2069.94850309999,907,0.0750187546886722,-0.00022732549488582,"G2M",0.193857965451056,25.7108742660915,"Late chromaffin cells","GGTATTGGTTCAGTAC_10",-3.24218205586771,8.63747965508689,22.8367543806314
"GTAACGTGTCGAATCT_10",13667,2133.08053210002,889,0,0.0396046655556093,"S",0.540307101727447,9.68593947226187,"Late SCPs","GTAACGTGTCGAATCT_10",-9.72080878392557,-0.968491323649987,NA
"GTAGTCATCGGCGCTA_10",13667,2353.29696839999,1082,0.0677048070412999,0.0232753263559339,"S",0.0604606525911708,23.0323372646902,"Late neuroblasts","GTAGTCATCGGCGCTA_10",0.312558551870785,-7.43776524847756,NA
"GTATTCTTCTGTCCGT_10",13667,2784.95266000004,1448,0.0977039570102589,-0.0257083525651316,"G1",0.105566218809981,22.9278974866372,"Late neuroblasts","GTATTCTTCTGTCCGT_10",0.412732144438228,-7.76831544226418,NA
"GTCATTTTCATGTGGT_10",13667,2684.70002980006,1500,0,0.121917581860106,"S",0.334932821497121,25.8041513909596,"Late chromaffin cells","GTCATTTTCATGTGGT_10",-3.75391701833109,9.0074928920864,23.3408710421302
"GTCGGGTTCGTTACGA_10",13667,2296.82810479999,1067,0.0657894736842105,0.0272021762299758,"G2M",0.453934740882917,9.84311351062924,"Late SCPs","GTCGGGTTCGTTACGA_10",-9.56895426884989,-0.762795575320825,NA
"GTCTTCGCAATTCCTT_10",13667,1944.94078259997,801,0,-0.0603233257670627,"G1",0.107485604606526,25.8041519524401,"Late chromaffin cells","GTCTTCGCAATTCCTT_10",-3.44082836285929,9.45895849877586,23.346513938726
"GTCTTCGTCCCACTTG_10",13667,1928.97313480003,811,0.0856164383561644,-0.00379435171574884,"G2M",0.807101727447217,9.81314970587361,"Late SCPs","GTCTTCGTCCCACTTG_10",-10.5858915247093,-0.723019488513574,NA
"GTGCGGTCATACTCTT_10",13667,2095.77099590003,916,0.076219512195122,0.0353823118825367,"S",0.0930902111324376,23.0356133140386,"Late neuroblasts","GTGCGGTCATACTCTT_10",0.26146419867178,-7.34321988409768,NA
"GTTAAGCCAATAGCAA_10",13667,2203.15096290002,954,0.0800640512409928,-0.0162587751002408,"G1",0.223608445297505,25.8041521396003,"Late chromaffin cells","GTTAAGCCAATAGCAA_10",-3.47857503072123,9.20154081994285,23.228450001801
"TACACGAAGATATGGT_10",13667,3254.72589989993,2065,0.29673590504451,0.143074622990655,"S",0.345489443378119,22.0750450453294,"Late neuroblasts","TACACGAAGATATGGT_10",0.708719690882168,-7.24922192877541,NA
"TACCTTAGTCCATGAT_10",13667,2226.94242699998,1024,0.334448160535117,-0.0559197423906236,"G1",0.477927063339731,25.5613491632926,"Late chromaffin cells","TACCTTAGTCCATGAT_10",-3.09091667310099,8.65825926476707,22.7219982709924
"TACGGTATCGGCATCG_10",13667,1856.21560209997,742,0,-0.0636836428368286,"G1",0.197696737044146,25.6320438659587,"Late chromaffin cells","TACGGTATCGGCATCG_10",-3.15417770520548,9.46734797173728,23.1480802217481
"TACTCATGTGCTGTAT_10",13667,2556.75131269996,1278,0.106723585912487,-0.096317830929334,"G1",0.166986564299424,23.0677375168258,"Late neuroblasts","TACTCATGTGCTGTAT_10",0.341395696245632,-7.43595231360207,NA
"TACTCGCGTAGCACGA_10",13667,2039.90426319998,848,0.0874890638670166,-0.0541076917988194,"G1",0.160268714011516,25.8041532625612,"Late chromaffin cells","TACTCGCGTAGCACGA_10",-3.77560047284464,9.25232397729148,23.4617887950771
"TATCAGGAGCTAGTCT_10",13667,2954.18377800006,1604,0.131694468832309,0.140166811158585,"G2M",0.358925143953935,9.68593965942203,"Late SCPs","TATCAGGAGCTAGTCT_10",-9.73354701176981,-0.908078320682153,NA
"TATTACCCAAAGAATC_10",13667,2210.03146529999,962,0.157109190887667,-0.0726189302192148,"G1",0.532629558541267,9.68594003374235,"Late SCPs","TATTACCCAAAGAATC_10",-10.2185943521629,-1.14033163374673,NA
"TCACGAAAGTGTACCT_10",13667,2482.56735850002,1194,0.12070006035003,0.0161746081116751,"S",0.406909788867562,9.68594022090251,"Late SCPs","TCACGAAAGTGTACCT_10",-9.71721629277567,-0.924815066516503,NA
"TCTATTGCACTTCTGC_10",13667,1885.70324210002,830,0.0755287009063444,0.074421669438771,"S",0.204414587332054,25.8041543855222,"Late chromaffin cells","TCTATTGCACTTCTGC_10",-3.45091609135965,8.75494848901023,23.0106195395698
"TCTCATATCGTGGACC_10",13667,2251.25391280002,1030,1.0840108401084,-0.0150986705310258,"G1",0.346449136276392,9.68594040806267,"Late SCPs","TCTCATATCGTGGACC_10",-9.78538397923807,-1.11153174227487,NA
"TGAGCCGCACTATCTT_10",13667,2369.1736233,1153,0.115008625646924,-0.0832852439050218,"G2M",0.13915547024952,25.8041555084832,"Late chromaffin cells","TGAGCCGCACTATCTT_10",-3.6312659181724,9.11756025964011,23.304457063731
"TGATTTCTCATGCATG_10",13667,1921.78094799998,807,0.334728033472803,-0.0628116980384607,"G1",0.415547024952015,25.5349023090747,"Late chromaffin cells","TGATTTCTCATGCATG_10",-2.81005052701334,8.68825709038962,22.5322363799519
"TGCACCTTCTGATTCT_10",13667,2150.95141300003,982,0,-0.086324004147396,"G1",0.247600767754319,25.8041558828035,"Late chromaffin cells","TGCACCTTCTGATTCT_10",-3.82942966595987,9.5110968273281,23.626961183952
"TGGGCGTAGCAATATG_10",13667,2668.87697079998,1317,0.731981981981982,-0.0880924832226238,"G2M",0.157389635316699,23.0651837240188,"Late neuroblasts","TGGGCGTAGCAATATG_10",0.382683952890835,-7.51221383398782,NA
"TTAGGCACAGTGGAGT_10",13667,2286.49858659999,1031,0.0706214689265537,0.0844461145077093,"S",0.222648752399232,22.6992364758349,"Late neuroblasts","TTAGGCACAGTGGAGT_10",-0.0573435522685434,-7.55856049841653,NA
"TTAGTTCAGACCTAGG_10",13667,1910.27590339998,793,0.354295837023915,-0.0728547139937459,"G1",0.241842610364683,25.5349024962348,"Late chromaffin cells","TTAGTTCAGACCTAGG_10",-3.04002503529886,8.74409948998679,22.7246821430746
"TTCCCAGAGTCCGTAT_10",13667,2005.24238420002,889,0.0737463126843658,0.0561228240952353,"S",0.18809980806142,25.8041570057645,"Late chromaffin cells","TTCCCAGAGTCCGTAT_10",-3.49097112790445,9.12625490838279,23.1950269885332
"TTCTACAAGTTTAGGA_10",13667,2200.02957310002,987,0.140845070422535,-0.00545871980149372,"G1",0.147792706333973,25.8041571929246,"Late chromaffin cells","TTCTACAAGTTTAGGA_10",-3.56302622929911,9.44190680199851,23.4029047033178
"AAAGGATTCACTACGA_11",14164,2825.11595939997,1488,0,0.16661369676958,"S",0.874280230326296,7.41347551448134,"Late SCPs","AAAGGATTCACTACGA_11",-9.30239371434549,0.276382796108619,NA
"AAAGTCCAGTTGGCGA_11",14164,2992.08620860002,1728,0.102845389098389,-0.0670039154125576,"G1",0.32341650671785,27.3133935439605,"Late chromaffin cells","AAAGTCCAGTTGGCGA_11",-3.01977948323587,12.7289379757046,24.9798204979148
"AAAGTGAGTTATGACC_11",14164,3565.71144610014,2515,0.0220604456210015,-0.119069044817014,"G1",0.854126679462572,9.14234951670291,"Late SCPs","AAAGTGAGTTATGACC_11",-9.99747828618387,0.701590507864848,NA
"AACACACTCTCTATAC_11",14164,3227.78118609994,2097,0.0258464719565779,0.0883174920270752,"S",0.227447216890595,31.724345564073,"Late neuroblasts","AACACACTCTCTATAC_11",4.01499625071188,-8.49537957495461,NA
"AACCTGAAGTGAATAC_11",14164,4066.12374250018,3532,0.0535690370965582,-0.103142715874485,"G1",0.881957773512476,8.61212022407921,"Late SCPs","AACCTGAAGTGAATAC_11",-11.1559160150657,0.537798478841678,NA
"AACGTCAAGCCTGTGC_11",14164,3597.56957440015,2711,0,-0.0276767754863605,"G1",0.855086372360845,7.75740699662392,"Late SCPs","AACGTCAAGCCTGTGC_11",-9.52144412175516,0.301354072630301,NA
"AAGACTCCAGTATTCG_11",14164,2762.97251060003,1432,0,-0.123599394762046,"G1",0.459692898272553,27.313394105441,"Late chromaffin cells","AAGACTCCAGTATTCG_11",-2.77862338200907,12.7292746227383,24.7945108157246
"AAGATAGTCAGCAGAG_11",14164,3107.13552430005,1819,0,-0.0791277507776705,"G1",0.407869481765835,31.3345477015779,"Late neuroblasts","AAGATAGTCAGCAGAG_11",4.50197335108419,-7.74053777045022,NA
"AAGCGAGCAAATCAAG_11",14164,3406.96441909995,2144,0.0576036866359447,-0.0951906743327431,"G2M",0.302303262955854,31.1676982975445,"Late neuroblasts","AAGCGAGCAAATCAAG_11",4.55292149408957,-8.02285970038186,NA
"AAGCGTTAGCAATTAG_11",14164,2622.66869669997,1340,0.0485436893203883,-0.0473379528409923,"G1",0.18042226487524,30.3362622134753,"Late neuroblasts","AAGCGTTAGCAATTAG_11",4.15231581553122,-7.2749892551304,NA
"AAGGTAAAGTACAGAT_11",14164,3246.06409879996,2162,0.0241779497098646,-0.0653247158788766,"G1",0.281190019193858,31.1010491297375,"Late neuroblasts","AAGGTAAAGTACAGAT_11",4.48496027811666,-7.91375363653909,NA
"AATCACGGTCGGAACA_11",14164,2895.51431320004,1548,0.0433651344319167,0.103719277693252,"S",0.209213051823417,31.1149704146641,"Late neuroblasts","AATCACGGTCGGAACA_11",4.07733937128683,-7.69877446478616,NA
"AATCGACGTACGTACT_11",14164,3401.38944920002,2210,0.0258197779499096,-0.0716940838235882,"G1",0.893474088291747,9.14234970386307,"Late SCPs","AATCGACGTACGTACT_11",-9.88889578954081,0.632751829564467,NA
"AATGAAGCAATCTAGC_11",14164,3467.58959169992,2247,0.106666666666667,-0.0848378100127365,"G1",0.404030710172745,27.384696680474,"Late chromaffin cells","AATGAAGCAATCTAGC_11",-2.59821085111002,12.6507614772915,24.6038942523137
"AATGGAAAGGCACTAG_11",14164,3649.9061696001,2602,0.110083663584324,-0.0371398418647329,"G1",0.309980806142035,4.69984014735705,"Neuroblasts","AATGGAAAGGCACTAG_11",-0.491636770225563,-0.948332555949792,NA
"AATTTCCCATCCGTTC_11",14164,3169.00735389997,1960,0.0879249706916764,-0.0544252574466107,"G1",0.329174664107486,27.3133942926012,"Late chromaffin cells","AATTTCCCATCCGTTC_11",-3.00526479855875,12.7726868312954,24.9968428807755
"ACAAAGATCCAATCCC_11",14164,3312.35703129993,2082,0.0585651537335286,0.0414020491442517,"S",0.862763915547025,7.39393755370706,"Late SCPs","ACAAAGATCCAATCCC_11",-9.16796282903055,0.150556169092551,NA
"ACAGCCGGTAATGATG_11",14164,3187.81900009992,1954,0.0923645320197044,-0.0938400095485348,"G1",0.856046065259117,9.14235026534354,"Late SCPs","ACAGCCGGTAATGATG_11",-9.85480765477518,0.517940312266246,NA
"ACAGCCGTCAATCCGA_11",14164,3322.81917729991,2205,0.0725163161711385,0.0392281991459097,"S",0.179462571976967,31.7243468741941,"Late neuroblasts","ACAGCCGTCAATCCGA_11",4.09524794443747,-8.65035165137063,NA
"ACAGGGACATCATCCC_11",14164,3650.85570999999,2585,0.235546038543897,-0.0747434588863848,"G2M",0.835892514395393,7.74914623195949,"Late SCPs","ACAGGGACATCATCCC_11",-9.39643744603495,0.329692504942313,NA
"ACCCAAAGTCGTATGT_11",14164,2840.80329049997,1520,0.0428449014567267,0.00643559135383941,"S",0.449136276391555,27.3133950412418,"Late chromaffin cells","ACCCAAAGTCGTATGT_11",-2.82015589848856,12.7028015773891,24.8093228473296
"ACCCAAAGTTCGGTCG_11",14164,3648.12230720002,2586,0.0861326442721792,-0.0370224499604657,"G1",0.875239923224568,8.61212059839953,"Late SCPs","ACCCAAAGTTCGGTCG_11",-10.7838237680564,0.530790663897887,NA
"ACCCTCATCCAAAGGG_11",14164,3222.64399780003,2044,0.0280033604032484,-0.106179857721896,"G2M",0.476967370441459,27.3684176414922,"Late chromaffin cells","ACCCTCATCCAAAGGG_11",-2.3938596643577,12.7576521556972,24.5116789081636
"ACCTGAAGTCTCGACG_11",14164,2450.34650410002,1132,0.0645161290322581,-0.0872919135260419,"G1",0.543186180422265,8.97042950781734,"Late SCPs","ACCTGAAGTCTCGACG_11",-10.2923925317893,0.62966628336896,NA
"ACGGAAGGTACGGCAA_11",14164,3411.17657030005,2165,0.0284738041002278,-0.0641656403136335,"G2M",0.879078694817658,8.76718130258639,"Late SCPs","ACGGAAGGTACGGCAA_11",-10.4868858255515,0.639431234091416,NA
"ACTACGATCATGCGGC_11",14164,3354.55697000004,2172,0.079660116834838,-0.133659778081605,"G1",0.853166986564299,9.02833133597143,"Late SCPs","ACTACGATCATGCGGC_11",-10.0596597589622,0.409824318826095,NA
"ACTATTCAGAAGTGTT_11",14164,3231.41837570004,2108,0.0262260687123,-0.0760389733175573,"G1",0.408829174664108,27.3133959770426,"Late chromaffin cells","ACTATTCAGAAGTGTT_11",-2.77190331593851,12.9601544063686,24.938716900117
"ACTCTCGAGATCGGTG_11",14164,2424.19493859995,1096,0,-0.0433567435600034,"G1",0.196737044145873,31.2527141719919,"Late neuroblasts","ACTCTCGAGATCGGTG_11",4.29715271814962,-7.70022977179299,NA
"ACTTCCGTCAGAATAG_11",14164,2693.50019540002,1351,0.260416666666667,-0.0497240378719954,"G1",0.183301343570058,27.3133961642028,"Late chromaffin cells","ACTTCCGTCAGAATAG_11",-3.14844564572672,12.7394741695522,25.0851220822883
"ACTTCCGTCGGCGATC_11",14164,3534.57286149986,2513,0.0207684319833853,-0.0589669998341929,"G1",0.202495201535509,31.7243478099949,"Late neuroblasts","ACTTCCGTCGGCGATC_11",4.27727480753561,-9.02020753210793,NA
"ACTTCCGTCGTAACCA_11",14164,2544.74706330004,1235,0.11441647597254,0.0526933722102162,"S",0.314779270633397,27.1776093802871,"Late chromaffin cells","ACTTCCGTCGTAACCA_11",-2.30109624043802,12.5171164196133,24.2808978373866
"ACTTCGCCATTGGGAG_11",14164,3062.24941550004,1799,0.13355592654424,-0.0361485429027843,"G2M",0.185220729366603,31.7243479971551,"Late neuroblasts","ACTTCGCCATTGGGAG_11",4.61951657160421,-8.77944100683938,NA
"AGAAATGTCCTACACC_11",14164,3555.89506600012,2526,0.0427259132663961,-0.122753383450711,"G1",0.468330134357006,27.1940019585712,"Late chromaffin cells","AGAAATGTCCTACACC_11",-2.21717528478006,12.5155094783901,24.206303129133
"AGAACCTGTGCCCTTT_11",14164,4351.33183935986,4382,0.0483792936623125,0.229197115007181,"S",0.298464491362764,27.4480205855357,"Late chromaffin cells","AGAACCTGTGCCCTTT_11",-3.65402487889627,12.122319094479,25.0753451663806
"AGAGAGCTCTATCGTT_11",14164,3202.62260150008,1933,0,0.0883885638998642,"S",0.886756238003839,7.75740718378408,"Late SCPs","AGAGAGCTCTATCGTT_11",-9.45741824284891,0.403484992325202,NA
"AGATGAACATGAATAG_11",14164,3634.34153210005,2663,0.0604716790969563,-0.0609358923284288,"G1",0.588291746641075,27.3133965385231,"Late chromaffin cells","AGATGAACATGAATAG_11",-3.06687072888712,12.8500803630947,25.0937925701409
"AGATGAAGTGTGGACA_11",14164,3701.38080259997,2882,0.0677392040643522,-0.142533791571008,"G1",0.495201535508637,27.3133967256833,"Late chromaffin cells","AGATGAAGTGTGGACA_11",-3.76516060010294,12.4067200344204,25.3434480038475
"AGCGATTGTTGGCCGT_11",14164,3520.55529410012,2602,0.019466614755694,-0.00583216289161576,"G1",0.330134357005758,27.3133969128434,"Late chromaffin cells","AGCGATTGTTGGCCGT_11",-3.67509297505716,12.6714152019619,25.4448000849446
"AGCGCTGCAGCTTTCC_11",14164,2836.29586359998,1473,0.0936768149882904,-0.119871376811618,"G2M",0.382917466410749,27.1515775229245,"Late chromaffin cells","AGCGCTGCAGCTTTCC_11",-2.28908471242289,12.6003082912563,24.3245268769819
"AGGCCACCACGCTTAA_11",14164,3458.54596930003,2428,0.180709283939462,-0.101467362379307,"G1",0.489443378119002,27.3371927178601,"Late chromaffin cells","AGGCCACCACGCTTAA_11",-2.3538422979484,12.8299807232021,24.5271392364799
"AGGGAGTTCCCTCTAG_11",14164,3284.38292690004,2052,0.0295159386068477,0.0126710387840807,"S",0.705374280230326,8.89375865929154,"Late SCPs","AGGGAGTTCCCTCTAG_11",-9.99521235600809,0.179768256485358,NA
"AGGTAGGAGATTAGAC_11",14164,3004.66205469994,1670,0.118953211736717,-0.0703401402033511,"G2M",0.216890595009597,30.6156111274341,"Late neuroblasts","AGGTAGGAGATTAGAC_11",4.22049923761984,-7.55081952399026,NA
"AGGTTACAGGTCGTAG_11",14164,2912.96992210008,1564,0.0421052631578947,-0.124435749986564,"G1",0.793666026871401,8.61212134704017,"Late SCPs","AGGTTACAGGTCGTAG_11",-11.0231235422264,0.697073742389575,NA
"AGGTTACGTGCGTGCT_11",14164,3020.15224570008,1680,0.119142176330421,-0.110624009382783,"G1",0.779270633397313,8.40708254220197,"Late SCPs","AGGTTACGTGCGTGCT_11",-9.67484072820047,0.492225400745765,NA
"AGGTTGTCATTCTGTT_11",14164,3706.59410677998,2882,0.0496853262669758,-0.0514793418136434,"G1",0.892514395393474,8.61212153420033,"Late SCPs","AGGTTGTCATTCTGTT_11",-11.0107009805808,0.696573361396686,NA
"AGTAGTCCAGGTCAGA_11",14164,3155.72951709997,1934,0,-0.00518038656526656,"G2M",0.318618042226488,27.3133978486443,"Late chromaffin cells","AGTAGTCCAGGTCAGA_11",-3.59443859235147,12.4628323238491,25.2488308404085
"ATACTTCAGATGGCGT_11",14164,2627.88581459996,1273,0.172215843857635,0.041662442506184,"S",0.885796545105566,8.79020267857567,"Late SCPs","ATACTTCAGATGGCGT_11",-10.3825519479881,0.537577878326074,NA
"ATACTTCCAAATGCGG_11",14164,2935.61987520005,1629,0.115651503469545,-0.0784107877675528,"G1",0.86084452975048,7.75740737094424,"Late SCPs","ATACTTCCAAATGCGG_11",-9.44871787206034,0.395443953215972,NA
"ATAGAGACAAACGTGG_11",14164,2722.69200380004,1389,0,0.0599440936679378,"S",0.216890595009597,30.616515711578,"Late neuroblasts","ATAGAGACAAACGTGG_11",4.23836441858908,-7.5158921558262,NA
"ATAGGCTCAATACGAA_11",14164,3475.76589740011,2357,0.0233481204763017,0.0161635602683913,"S",0.27447216890595,31.7243496815965,"Late neuroblasts","ATAGGCTCAATACGAA_11",4.41330643519064,-8.77515424078713,NA
"ATCAGGTTCACTGTTT_11",14164,3384.5587377,2214,0.0251952632905014,-0.0676049895363967,"G1",0.264875239923225,27.3133982229646,"Late chromaffin cells","ATCAGGTTCACTGTTT_11",-3.53717784062723,12.4448565166592,25.1934287528804
"ATCATTCTCACATCAG_11",14164,3331.49308629995,2163,0.127064803049555,-0.128257005082596,"G1",0.352207293666027,30.3362624006355,"Late neuroblasts","ATCATTCTCACATCAG_11",4.13759060724874,-7.33887828177224,NA
"ATCCGTCTCGCGTTTC_11",14164,3071.80618690005,1749,0,-0.073203516064364,"G1",0.886756238003839,8.37967163340602,"Late SCPs","ATCCGTCTCGCGTTTC_11",-9.70825175420145,0.327158502876655,NA
"ATCGTAGGTTTCGTAG_11",14164,3191.90260390005,1875,0.0712504453152832,0.211752771770961,"G2M",0.870441458733205,8.61212190852065,"Late SCPs","ATCGTAGGTTTCGTAG_11",-10.7548625864158,0.761905856072799,NA
"ATCGTCCCAACCTATG_11",14164,2937.85858639996,1678,0.106307583274274,-0.00729855084422454,"G1",0.40595009596929,27.3959868761427,"Late chromaffin cells","ATCGTCCCAACCTATG_11",-2.29823903218607,12.7431696575283,24.4288873282723
"ATCTTCATCCAAGAGG_11",14164,3484.35833679993,2342,0.0244678248103744,0.0348813937967028,"S",0.737044145873321,9.14235101398418,"Late SCPs","ATCTTCATCCAAGAGG_11",-10.0160854257713,0.767564765751258,NA
"ATCTTCATCGGCTGGT_11",14164,3369.4394701999,2397,0.0208942749686586,-0.0526762555278564,"G1",0.528790786948177,27.3133984101247,"Late chromaffin cells","ATCTTCATCGGCTGGT_11",-2.96439746991495,12.9451979320644,25.0764988401296
"ATGAAAGGTAGTTACC_11",14164,2827.67054680004,1535,0.0818665575112567,-0.0597837003602288,"G1",0.517274472168906,27.1890662310651,"Late chromaffin cells","ATGAAAGGTAGTTACC_11",-2.30872265473703,12.4792021434902,24.2626751931923
"ATGGGAGCATATAGCC_11",14164,3162.36193880004,1896,0.131665569453588,-0.0788665825620325,"G1",0.783109404990403,8.61212209568081,"Late SCPs","ATGGGAGCATATAGCC_11",-10.9975049890647,0.674383855998412,NA
"ATTACTCGTATAGCTC_11",14164,3341.73184110012,2214,0.0511116790186558,-0.108219986722932,"G1",0.309021113243762,27.3133987844451,"Late chromaffin cells","ATTACTCGTATAGCTC_11",-3.71473864690165,12.4659842174648,25.3429780658405
"ATTATCCTCGCCGAGT_11",14164,3119.72596660007,1859,0.0958160332162248,0.0222880855307095,"S",0.871401151631478,9.14235120114434,"Late SCPs","ATTATCCTCGCCGAGT_11",-9.9247606195579,0.574729475766316,NA
"ATTCAGGCAGCGGTCT_11",14164,3884.49293310016,2918,0.0389029371717565,-0.00818661645572613,"G1",0.884836852207294,9.06993561829495,"Late SCPs","ATTCAGGCAGCGGTCT_11",-9.90555457249979,0.267919472992316,NA
"ATTCCTATCTGCCCTA_11",14164,2981.2142538,1669,0.0775795190069822,-0.111851971622498,"G1",0.22552783109405,27.3133989716052,"Late chromaffin cells","ATTCCTATCTGCCCTA_11",-3.29226450101236,12.6321657817959,25.1264338545584
"ATTCGTTCAATTGCGT_11",14164,2736.02105110003,1426,0.36697247706422,0.0395514352321777,"S",0.831094049904031,8.45207138704829,"Late SCPs","ATTCGTTCAATTGCGT_11",-9.63834647313456,0.169453523695365,NA
"CAACCAACAGGGAGAG_11",14164,2954.06254559997,1642,0.235017626321974,-0.0525099632359336,"G2M",0.251439539347409,30.0323910255948,"Late neuroblasts","CAACCAACAGGGAGAG_11",3.95062609537741,-7.6978408176304,NA
"CAACGGCTCGACACCG_11",14164,3022.3381909001,1718,0,0.0332637916152626,"S",0.222648752399232,29.6044404228701,"Late neuroblasts","CAACGGCTCGACACCG_11",3.26291104181906,-8.10711110419045,NA
"CAATACGAGTTGGGAC_11",14164,2659.14442290004,1317,0.106666666666667,0.036907156584476,"S",0.179462571976967,32.054101238889,"Late neuroblasts","CAATACGAGTTGGGAC_11",4.79013558252951,-8.27017987555276,NA
"CAATACGTCCACGTGG_11",14164,2638.87814699994,1304,0.106496272630458,0.00727378128775963,"G2M",0.373320537428023,27.1186244827745,"Late chromaffin cells","CAATACGTCCACGTGG_11",-2.98218683377604,12.3124483745693,24.6815123112625
"CACATGATCTCCAAGA_11",14164,2760.67681399996,1471,0.132508833922261,-0.0550231977087642,"G1",0.330134357005758,30.6039614947788,"Late neuroblasts","CACATGATCTCCAAGA_11",4.45175381525656,-7.47281754797707,NA
"CACCAAATCAGACAAA_11",14164,3377.36317989987,2236,0.0996512207274539,0.0183981410361785,"S",0.262955854126679,9.10971581266711,"Late SCPs","CACCAAATCAGACAAA_11",-10.0102212823997,0.440725363433257,NA
"CACCGTTCAGAGGCAT_11",14164,3207.25350410003,2095,0.0796389700026546,-0.102356270447189,"G1",0.602687140115163,20.5314574989153,"Chromaffin cells","CACCGTTCAGAGGCAT_11",0.438598235689602,10.0396870296596,20.4890252058605
"CACTTCGGTATTGCCA_11",14164,2628.13120460005,1326,0.0497760079641613,-0.0578126992411106,"G1",0.677543186180422,27.2001428391525,"Late chromaffin cells","CACTTCGGTATTGCCA_11",-1.82259921208719,12.3023337047695,23.7381837997788
"CACTTCGTCCGTTGAA_11",14164,3964.39838890002,3481,0.0729217306757414,-0.106004764471082,"G1",0.862763915547025,9.03792440632446,"Late SCPs","CACTTCGTCCGTTGAA_11",-10.4746368326316,0.928565285742179,NA
"CAGCACGCAGGTTTAC_11",14164,3045.51154570005,1728,0.109849871841816,-0.046537917913035,"G2M",0.380998080614203,27.1353443307293,"Late chromaffin cells","CAGCACGCAGGTTTAC_11",-2.26232186929087,12.6628788631557,24.3436584169843
"CAGCAGCAGCCTTTGA_11",14164,3109.45816270005,1832,0.0972447325769854,0.049489891156809,"S",0.343570057581574,30.9250757828746,"Late neuroblasts","CAGCAGCAGCCTTTGA_11",3.87005444391867,-8.35694707220803,NA
"CAGCCAGTCATCAGTG_11",14164,3441.35840340011,2391,0.0427259132663961,-0.101395614068637,"G1",0.891554702495202,8.61212247000113,"Late SCPs","CAGCCAGTCATCAGTG_11",-11.0683830179344,0.725804693639174,NA
"CAGGCCACAAACACCT_11",14164,3751.01779600015,2811,0.0549349935909174,-0.118561446406091,"G1",0.884836852207294,9.0448071478131,"Late SCPs","CAGGCCACAAACACCT_11",-10.230195800222,0.637080475330249,NA
"CATAGACTCTACCACC_11",14164,2306.8584658,1029,0.213219616204691,-0.0415187624711655,"G1",0.0806142034548944,30.6309683191785,"Late neuroblasts","CATAGACTCTACCACC_11",4.09031267985006,-7.453816540897,NA
"CATCGGGCAAGCACCC_11",14164,2699.16194519995,1382,0.290275761973875,-0.036749693582856,"G1",0.596928982725528,27.3553703905923,"Late chromaffin cells","CATCGGGCAAGCACCC_11",-2.79978207723001,12.6285189312099,24.7442813675927
"CATGCGGCAGGACTAG_11",14164,3389.5819196001,2277,0.0954426151276545,-0.0278343977744161,"G1",0.886756238003839,7.86564260546106,"Late SCPs","CATGCGGCAGGACTAG_11",-9.24876193181376,0.0956861000656042,NA
"CATTGCCAGGTAGTCG_11",14164,3174.31400489995,1960,0.0590144585423429,0.0875887317540827,"S",0.302303262955854,30.9250759700347,"Late neuroblasts","CATTGCCAGGTAGTCG_11",3.68449612482687,-8.46604836767922,NA
"CATTGCCCAGAAATCA_11",14164,3443.5079208999,2439,0,-0.106442826547741,"G1",0.36084452975048,27.3374219119406,"Late chromaffin cells","CATTGCCCAGAAATCA_11",-3.67970923558573,12.3296478908657,25.2284282356998
"CATTGCCGTCGCTCGA_11",14164,3768.46202674983,3121,0.0282925449144151,-0.133969852285244,"G1",0.524952015355086,27.3134004688865,"Late chromaffin cells","CATTGCCGTCGCTCGA_11",-3.52621511594156,12.682660929501,25.3380637691054
"CATTGTTAGCGTGTTT_11",14164,2706.30992420002,1390,0.0966183574879227,-0.0589028058998748,"G2M",0.426103646833013,27.1711032499692,"Late chromaffin cells","CATTGTTAGCGTGTTT_11",-2.43224207536081,12.4634483974575,24.347989327722
"CCAATGAGTGTCATGT_11",14164,3295.19965359993,2101,0.0864802536754108,-0.016831042431677,"G1",0.292706333973129,31.7243536119599,"Late neuroblasts","CCAATGAGTGTCATGT_11",4.49403067454,-8.77036107367288,NA
"CCAATGATCACTTGTT_11",14164,2898.70752360006,1646,0.106496272630458,-0.0474884725343917,"G1",0.707293666026871,9.05761385571659,"Late SCPs","CCAATGATCACTTGTT_11",-10.0519006647239,0.433218352138892,NA
"CCACAAATCAAGCTTG_11",14164,3834.4320865998,2987,0.051378660729577,0.0508077036887112,"S",0.903071017274472,9.1423513883045,"Late SCPs","CCACAAATCAAGCTTG_11",-10.2977149881492,0.852532826006309,NA
"CCACGTTCACATTACG_11",14164,3088.01080940008,1850,0.0319284802043423,-0.00404842061862698,"G1",0.848368522072937,7.71867577916304,"Late SCPs","CCACGTTCACATTACG_11",-9.39289168492655,0.260782561838523,NA
"CCATCACTCCGCCTAT_11",14164,3741.82339970007,2869,0.0334112930170398,-0.0982970456992443,"G1",0.825335892514395,8.97654683338077,"Late SCPs","CCATCACTCCGCCTAT_11",-10.345068732656,0.701017550766364,NA
"CCCTCTCGTCTTGAAC_11",14164,3390.30576659994,2243,0.073909830007391,-0.0332091443384494,"G1",0.799424184261036,7.85598509788717,"Late SCPs","CCCTCTCGTCTTGAAC_11",-9.23698882237772,0.0650826614498052,NA
"CCGTAGGGTGCTCGTG_11",14164,3243.36477959995,2012,0.0604412209126624,0.264247852376041,"S",0.426103646833013,27.3134008432068,"Late chromaffin cells","CCGTAGGGTGCTCGTG_11",-3.52506975308756,12.7025393169521,25.349976511391
"CCTAAGAGTCACTTAG_11",14164,2980.33766190004,1672,0.0373273609555804,0.0545361325671733,"S",0.898272552783109,9.08846348102557,"Late SCPs","CCTAAGAGTCACTTAG_11",-10.0131490625511,0.42043627017726,NA
"CCTCATGTCCTACCGT_11",14164,3187.94050359996,1961,0.0300661455201443,-0.0488623962454229,"G1",0.4510556621881,27.313401030367,"Late chromaffin cells","CCTCATGTCCTACCGT_11",-2.69381503239969,12.8217486065029,24.7889507612531
"CCTCCTCGTCGAGCAA_11",14164,2716.95662800006,1371,0.102354145342886,-0.0238326697514685,"G1",0.27831094049904,27.3709572886615,"Late chromaffin cells","CCTCCTCGTCGAGCAA_11",-2.83100203648905,12.5881746929287,24.7423590671049
"CCTCTCCTCCAACTGA_11",14164,3753.04201019993,2826,0.0547745115939383,-0.151393894523093,"G1",0.906909788867562,9.14235157546466,"Late SCPs","CCTCTCCTCCAACTGA_11",-9.85767916814188,0.62886283510913,NA
"CCTTGTGAGGCCTTGC_11",14164,3732.43240130014,2870,0.0897666068222621,0.0229486295769619,"S",0.331094049904031,27.3134014046873,"Late chromaffin cells","CCTTGTGAGGCCTTGC_11",-3.78083042279581,12.5389956157802,25.4405486783098
"CCTTTGGGTTGAATCC_11",14164,3015.81946599995,1731,0.0352858151023289,0.0151926960592395,"S",0.549904030710173,27.2001435877932,"Late chromaffin cells","CCTTTGGGTTGAATCC_11",-2.01668731347422,12.4601973217129,24.0042403716086
"CCTTTGGTCCTCTGCA_11",14164,3712.67009434015,2929,0.0160539412425751,-0.0155711295274059,"G1",0.45873320537428,27.3134015918475,"Late chromaffin cells","CCTTTGGTCCTCTGCA_11",-3.32032302991251,12.749025217831,25.2230958527715
"CGAATTGAGGACTGGT_11",14164,2549.87790570004,1258,0.20997375328084,-0.101975066621697,"G2M",0.354126679462572,27.3703720153512,"Late chromaffin cells","CGAATTGAGGACTGGT_11",-2.47982935086588,12.7216557186245,24.5547812240043
"CGAGAAGTCAGAACCT_11",14164,4046.27097829991,3405,0.058021467943139,0.109277062376603,"S",0.888675623800384,9.14235176262482,"Late SCPs","CGAGAAGTCAGAACCT_11",-9.92250422612528,0.683062642454997,NA
"CGAGGAAGTTTCCCAC_11",14164,3303.10634639992,2195,0,-0.0906391629532574,"G1",0.296545105566219,31.7243551092412,"Late neuroblasts","CGAGGAAGTTTCCCAC_11",4.63431330546041,-8.55398000067483,NA
"CGCATAAAGCCTCTGG_11",14164,3281.97877410009,2088,0.0571428571428571,0.073735893983687,"S",0.893474088291747,7.74003943046872,"Late SCPs","CGCATAAAGCCTCTGG_11",-9.2346332468162,-0.090904303252801,NA
"CGCCAGAAGGTGATCG_11",14164,2757.35081340005,1454,0.0447227191413238,-0.0461488272517452,"G2M",0.248560460652591,30.6291970977354,"Late neuroblasts","CGCCAGAAGGTGATCG_11",4.07890339716574,-7.4952393848301,NA
"CGCGTGACACACGGAA_11",14164,2555.90109949998,1210,0.0630119722747322,-0.0531895977976682,"G1",0.217850287907869,27.2001443364338,"Late chromaffin cells","CGCGTGACACACGGAA_11",-2.36596385613779,12.3520907085537,24.2186542831125
"CGCGTGACACCTGCAG_11",14164,3265.53475760009,1961,0.032020493115594,-0.133903918987437,"G1",0.94721689059501,7.61616515814662,"Late SCPs","CGCGTGACACCTGCAG_11",-9.23102072850565,0.40397848898162,NA
"CGGAACCTCTCCTACG_11",14164,3280.97353640009,2095,0,-0.099261180277328,"G1",0.547024952015355,27.3812270257828,"Late chromaffin cells","CGGAACCTCTCCTACG_11",-2.71396330968241,12.6134775798916,24.6687911244105
"CGGAATTCAATAGTGA_11",14164,2754.70706570006,1456,0.131291028446389,-0.00935583726363413,"G1",0.195777351247601,27.149377841706,"Late chromaffin cells","CGGAATTCAATAGTGA_11",-2.65138892308573,12.4056681316494,24.4847256945629
"CGGAATTTCCTACGAA_11",14164,3479.44354399994,2399,0.0459875833524948,-0.00283346780070604,"G2M",0.422264875239923,27.4009272577305,"Late chromaffin cells","CGGAATTTCCTACGAA_11",-3.52854637280802,12.2702311199306,25.0743898699145
"CGTCCATGTGGATTTC_11",14164,3477.42843719997,2339,0.094921689606075,0.133050093842857,"S",0.371401151631478,30.6330469352633,"Late neuroblasts","CGTCCATGTGGATTTC_11",4.34324999674459,-7.13112462347756,NA
"CGTGAATAGGCATCAG_11",14164,2190.5413247,948,0.463678516228748,-0.0127696756292162,"G1",0.0978886756238004,28.798192576591,"Late neuroblasts","CGTGAATAGGCATCAG_11",2.7112862668862,-7.98959649389993,NA
"CGTGATACAGTCTGGC_11",14164,2474.70927029999,1156,0,-0.0996730485292561,"G1",0.222648752399232,30.623392967572,"Late neuroblasts","CGTGATACAGTCTGGC_11",4.20517750605246,-7.44371045416604,NA
"CGTTAGATCTCGCAGG_11",14164,2716.16171920007,1383,0.0488997555012225,0.0833611872163261,"S",0.257197696737044,30.3211070850333,"Late neuroblasts","CGTTAGATCTCGCAGG_11",3.38971324785849,-7.87638009375344,NA
"CGTTCTGGTCGCATTA_11",14164,2840.4588439,1517,0.13262599469496,0.0175972598915545,"S",0.599808061420345,27.3655988403058,"Late chromaffin cells","CGTTCTGGTCGCATTA_11",-2.70280007497171,12.6463345211147,24.6812995768407
"CTCAGAAAGCGTGCCT_11",14164,3414.22267970003,2160,0,0.0176505756808114,"S",0.898272552783109,8.81427306629323,"Late SCPs","CTCAGAAAGCGTGCCT_11",-10.5169923700462,0.729182339846984,NA
"CTCATTACACAGTCGC_11",14164,3052.36798180008,1694,0.120192307692308,-0.0370727451143853,"G1",0.331094049904031,27.3849138768397,"Late chromaffin cells","CTCATTACACAGTCGC_11",-2.86362818852762,12.5502890270351,24.7430924903316
"CTCCATGGTCTTGAGT_11",14164,3643.37890910008,2716,0.0379722802354281,-0.0964933865315606,"G1",0.889635316698656,8.42543480717183,"Late SCPs","CTCCATGGTCTTGAGT_11",-9.66373900548319,0.238029740393058,NA
"CTCCCAAGTTAACAGA_11",14164,3538.48920389993,2601,0.0375023438964935,-0.0610010005102876,"G1",0.683301343570058,27.2001447107541,"Late chromaffin cells","CTCCCAAGTTAACAGA_11",-1.97316686288218,12.3758200328945,23.9175519321573
"CTCCTTTAGCATGAAT_11",14164,3195.77157779996,2004,0.168776371308017,-0.00168562635269139,"G1",0.838771593090211,8.61212321864176,"Late SCPs","CTCCTTTAGCATGAAT_11",-10.8416564859519,0.714834086239234,NA
"CTCCTTTGTCAGTCTA_11",14164,3191.98988000009,2083,0.0494926998267756,-0.0509898098713876,"G1",0.63915547024952,27.1194365915039,"Late chromaffin cells","CTCCTTTGTCAGTCTA_11",-2.19716886655191,12.7458017986416,24.3461021897986
"CTGAATGTCCAACTGA_11",14164,3211.81857049994,2026,0.112834978843441,-0.0699111377884284,"G1",0.361804222648752,27.3319395158441,"Late chromaffin cells","CTGAATGTCCAACTGA_11",-3.38858369962076,12.449464670956,25.0824877355947
"CTGATCCGTGCGACAA_11",14164,3262.01953709993,1978,0.157331655129012,-0.0382741853886159,"G1",0.867562380038388,8.29567064325445,"Late SCPs","CTGATCCGTGCGACAA_11",-9.78750685826639,0.57003249751021,NA
"CTGTACCTCGCCTATC_11",14164,4897.36982074009,6807,0.0169312169312169,-0.102591248967978,"G2M",0.528790786948177,28.7390136113391,"Late neuroblasts","CTGTACCTCGCCTATC_11",2.24433966501852,-8.03154767340432,NA
"CTGTGGGGTACGACAG_11",14164,2855.38275380004,1544,0.165357585779248,0.0112946239878148,"S",0.9021113243762,7.36181609624133,"Late SCPs","CTGTGGGGTACGACAG_11",-9.08944300786356,0.024391643345252,NA
"CTTCTAAAGTAGTCTC_11",14164,3181.82557110007,2070,0.128633907898122,-0.0745210627806775,"G1",0.434740882917466,27.2001448979143,"Late chromaffin cells","CTTCTAAAGTAGTCTC_11",-1.89769105092386,12.4722355526089,23.9188284491499
"CTTTCGGCACAAATCC_11",14164,3258.28726380001,2044,0.0288766965059197,-0.0439427578472265,"G1",0.854126679462572,8.61212359296208,"Late SCPs","CTTTCGGCACAAATCC_11",-11.0859172739158,0.640691015511647,NA
"GAAATGACACAGAGCA_11",14164,3028.07410580007,1721,0.144352219415373,-0.112546820719057,"G1",0.643953934740883,9.14235213694514,"Late SCPs","GAAATGACACAGAGCA_11",-9.94710520879129,0.773751966297523,NA
"GAACACTCACCAAAGG_11",14164,3558.15933120009,2448,0.023719165085389,-0.088279818029619,"G1",0.386756238003839,32.0587822620423,"Late neuroblasts","GAACACTCACCAAAGG_11",4.47591992243429,-8.11884892767678,NA
"GAACACTTCACACGAT_11",14164,3601.84442110015,2550,0.128424657534247,0.102971401356327,"S",0.933781190019194,8.30674867348491,"Late SCPs","GAACACTTCACACGAT_11",-9.77657107488016,0.553662765413419,NA
"GAAGCGATCCAGCAAT_11",14164,2965.17046990005,1687,0.0366300366300366,-0.00709835337199076,"G1",0.388675623800384,27.1105227392424,"Late chromaffin cells","GAAGCGATCCAGCAAT_11",-2.31374422685007,12.7072924297451,24.4178773951356
"GACATCACATGACTCA_11",14164,3631.5160031,2667,0.0196927924379677,-0.0821966207846909,"G2M",0.849328214971209,8.66290611366882,"Late SCPs","GACATCACATGACTCA_11",-10.2260225214134,0.202981344997779,NA
"GACATCATCAGTGTCA_11",14164,2796.50418769996,1479,0.0896860986547085,-0.0643394072737585,"G1",0.484644913627639,27.4285900806409,"Late chromaffin cells","GACATCATCAGTGTCA_11",-3.09312490598063,12.3836945217251,24.8134258106036
"GACTATGGTGAGTGAC_11",14164,3171.34153390006,1915,0.0324149108589951,0.0314242361141153,"S",0.805182341650672,8.61212378012224,"Late SCPs","GACTATGGTGAGTGAC_11",-11.0906532205711,0.696602046131984,NA
"GAGAAATAGGTCGTAG_11",14164,2479.61096579996,1168,0.0600240096038415,-0.0949398995493009,"G1",0.242802303262956,27.1191076771341,"Late chromaffin cells","GAGAAATAGGTCGTAG_11",-2.58943370953897,12.5290335338711,24.5159395665358
"GAGACCCCAGGACGAT_11",14164,3772.29032060013,2906,0.0349833828931258,0.128027231488521,"S",0.889635316698656,7.8389735546552,"Late SCPs","GAGACCCCAGGACGAT_11",-9.1449754633079,-0.0972490984798518,NA
"GAGACCCGTCTGTAGT_11",14164,2964.91440540005,1578,0.0454545454545455,-0.0756578537328489,"G1",0.198656429942418,27.4210671078865,"Late chromaffin cells","GAGACCCGTCTGTAGT_11",-3.14066104070047,12.3795622509121,24.847193634416
"GAGACTTCAATAGTAG_11",14164,3781.90863020015,2705,0.0627090301003344,-0.0716177671186708,"G1",0.773512476007678,9.14235251126546,"Late SCPs","GAGACTTCAATAGTAG_11",-10.0090330042015,0.52103530579795,NA
"GAGACTTCAGGCTTGC_11",14164,3367.00097770009,2203,0.0789473684210526,-0.0761414937612072,"G1",0.622840690978887,27.3424657586561,"Late chromaffin cells","GAGACTTCAGGCTTGC_11",-3.17277769223551,12.5115374248623,24.9571575498138
"GAGAGGTGTCCTCCTA_11",14164,3168.0692108,1931,0,-0.00529703232120105,"G1",0.879078694817658,8.62606605241204,"Late SCPs","GAGAGGTGTCCTCCTA_11",-10.5991447366844,0.618330182149902,NA
"GAGCCTGAGAGAGAAC_11",14164,3623.30826239993,2575,0.130519904285404,0.163498729868755,"S",0.881957773512476,7.41209814251953,"Late SCPs","GAGCCTGAGAGAGAAC_11",-9.18998412267069,0.184817604362861,NA
"GAGTTACTCTTTCCAA_11",14164,3567.06207040014,2628,0.0556070435588508,-0.00671080360841841,"G1",0.91362763915547,7.65964318920292,"Late SCPs","GAGTTACTCTTTCCAA_11",-9.53969172612528,0.0547289174198065,NA
"GATCACAGTCGTGGAA_11",14164,3599.21967910012,2564,0,0.0196247898577111,"S",0.86852207293666,8.91178013284718,"Late SCPs","GATCACAGTCGTGGAA_11",-10.0651071466575,0.285568527519599,NA
"GATGCTAAGAGTCTGG_11",14164,3195.54719719995,1975,0.0601503759398496,0.109309257698048,"S",0.904030710172745,7.75430030482295,"Late SCPs","GATGCTAAGAGTCTGG_11",-9.24697760716776,-0.0533810932041254,NA
"GCAACATGTCGCATCG_11",14164,2789.99540159998,1470,0.0445235975066785,0.0444167634696337,"S",0.192898272552783,31.2204798557156,"Late neuroblasts","GCAACATGTCGCATCG_11",4.75774832590719,-8.05835831946145,NA
"GCACGTGAGTAGGGTC_11",14164,2547.78138009999,1241,0.110741971207087,-0.106270110997838,"G1",0.551823416506718,26.8796667875856,"Late chromaffin cells","GCACGTGAGTAGGGTC_11",-1.87987498418192,12.0608442943691,23.6182066109018
"GCATCTCAGACGACTG_11",14164,3302.66559450007,2209,0.04778972520908,-0.0580886920888496,"G1",0.190019193857965,31.7243610983664,"Late neuroblasts","GCATCTCAGACGACTG_11",3.84146376474997,-9.649129040897,NA
"GCATGATAGCATTTGC_11",14164,3751.63418749987,2727,0.0205128205128205,0.324349327537508,"S",0.887715930902111,8.35203100955724,"Late SCPs","GCATGATAGCATTTGC_11",-9.73550967351297,0.368923551976577,NA
"GCATGATTCCGATTAG_11",14164,3074.67073360009,1781,0.0697350069735007,-0.0431209728659839,"G1",0.183301343570058,27.3134051478905,"Late chromaffin cells","GCATGATTCCGATTAG_11",-3.32264379636148,12.6680000942348,25.1727453645289
"GCCAGGTAGCGTGAAC_11",14164,3175.66401449994,1976,0.117647058823529,-0.0135485412477956,"G1",0.388675623800384,27.1218075770139,"Late chromaffin cells","GCCAGGTAGCGTGAAC_11",-2.18246344701151,12.7469957988857,24.3355118715169
"GCCCAGAAGACGAGCT_11",14164,3629.17862230006,2611,0.0412371134020619,-0.087307076672478,"G1",0.910748560460653,8.61212452876288,"Late SCPs","GCCCAGAAGACGAGCT_11",-11.2783630289207,0.510504923403159,NA
"GCCGTGATCTACCTTA_11",14164,3049.1857782,1758,0.108030248469571,-0.0610493035672088,"G1",0.240882917466411,31.9776683690662,"Late neuroblasts","GCCGTGATCTACCTTA_11",4.89374991282125,-8.38227570837747,NA
"GCTACCTCACAACGTT_11",14164,3597.66440309991,2677,0.0558763270627677,-0.00602472050615321,"G1",0.423224568138196,27.3134053350507,"Late chromaffin cells","GCTACCTCACAACGTT_11",-3.47300414220194,12.4597672145962,25.1538916937543
"GCTACCTGTGTGTACT_11",14164,3722.46360631009,2903,0.0487567040468064,-0.11273525643807,"G1",0.32725527831094,27.3430501158609,"Late chromaffin cells","GCTACCTGTGTGTACT_11",-3.77794770375589,12.2822893779873,25.2731795457927
"GCTGAATAGAGAGCCT_11",14164,3161.38576790012,1893,0.133511348464619,0.00301304279321241,"S",0.923224568138196,7.86480277760139,"Late SCPs","GCTGAATAGAGAGCCT_11",-8.77636317387918,0.265570543348685,NA
"GCTGGGTTCCACGGGT_11",14164,3085.08746900007,1837,0,-0.027769374998141,"G1",0.334932821497121,30.9782989013751,"Late neuroblasts","GCTGGGTTCCACGGGT_11",4.10496397837301,-7.82790005987893,NA
"GCTTCACTCCCTCGAT_11",14164,3529.43362859997,2507,0.0635055038103302,-0.104759937480969,"G1",0.86084452975048,8.2370673763623,"Late SCPs","GCTTCACTCCCTCGAT_11",-9.84539107457499,0.655602194011107,NA
"GCTTGGGCACGAGAAC_11",14164,4070.8847112998,3580,0.0387897595034911,-0.052620649211835,"G1",1,9.14235288558578,"Late SCPs","GCTTGGGCACGAGAAC_11",-9.88660983220438,0.435686953008071,NA
"GGAATCTCACGACAGA_11",14164,3257.4332727999,2052,0.143430866322433,-0.00887898121458683,"G1",0.869481765834933,8.61921438788987,"Late SCPs","GGAATCTCACGACAGA_11",-10.1542089380393,0.0659968178867254,NA
"GGAGATGGTAGCTTAC_11",14164,2792.10944109996,1459,0.180913613749435,-0.0124182292625085,"G1",0.506717850287908,27.3604695779213,"Late chromaffin cells","GGAGATGGTAGCTTAC_11",-2.86245230809549,12.5955408733486,24.7728077797746
"GGAGATGGTTCTCAGA_11",14164,3463.93289679991,2338,0.0737281887441632,-0.0191158362978356,"G2M",0.985604606525912,8.61212471592304,"Late SCPs","GGAGATGGTTCTCAGA_11",-10.7862928308616,0.791108198106185,NA
"GGATGTTAGCTCCGAC_11",14164,2206.21485830001,941,0.0807754442649435,0.0312076284438424,"S",0.0988483685220729,30.1117403363539,"Late neuroblasts","GGATGTTAGCTCCGAC_11",3.94734974726339,-7.50905431097756,NA
"GGATGTTGTATTGCCA_11",14164,3456.53069130009,2263,0.0266951414842499,0.0166486327666905,"S",0.82341650671785,7.4942408913824,"Late SCPs","GGATGTTGTATTGCCA_11",-9.28421382085184,0.335468403637305,NA
"GGCTTGGAGGAAAGTG_11",14164,3383.02566279986,2098,0.156739811912226,-0.0340701088764875,"G1",0.854126679462572,8.6121249030832,"Late SCPs","GGCTTGGAGGAAAGTG_11",-10.5379159845481,0.213301054775611,NA
"GGGACCTGTACAGGTG_11",14164,3280.06005610006,2074,0.0570450656018254,-0.124414935601425,"G1",0.874280230326296,8.61212509024336,"Late SCPs","GGGACCTGTACAGGTG_11",-10.9291246332298,0.626802138626471,NA
"GGGATCCGTAGTATAG_11",14164,3882.15077700008,3039,0.0355998576005696,-0.113209355624956,"G1",0.404990403071017,27.3134060836913,"Late chromaffin cells","GGGATCCGTAGTATAG_11",-3.45873526707987,12.6377209346889,25.2574536541984
"GGGTTTATCCATTGGA_11",14164,2795.8349751,1491,0.0861697544161999,-0.0155499198652742,"G1",0.203454894433781,30.0566490108979,"Late neuroblasts","GGGTTTATCCATTGGA_11",3.55523272379538,-7.64694512671243,NA
"GTAAGTCTCACTGGTA_11",14164,3437.41484959991,2265,0.252716704574172,-0.0137020241396384,"G1",0.861804222648752,9.04472830653957,"Late SCPs","GTAAGTCTCACTGGTA_11",-10.0805185236106,0.453775055348769,NA
"GTAGAAAGTTCACCGG_11",14164,3408.59210659988,2212,0.05372011818426,0.26857848589372,"S",0.370441458733205,31.7243637186086,"Late neuroblasts","GTAGAAAGTTCACCGG_11",4.17207117899557,-8.30341542547952,NA
"GTAGAAATCTACAGGT_11",14164,4235.91854680001,3654,0.27793218454697,0.0500083427703237,"S",0.882917466410749,7.68432474265454,"Late SCPs","GTAGAAATCTACAGGT_11",-9.44346217290262,0.157335333168403,NA
"GTAGAGGGTATGAAGT_11",14164,2584.10984179995,1262,0.0552181115405853,-0.0187254940382165,"G1",0.310940499040307,27.1118349481268,"Late chromaffin cells","GTAGAGGGTATGAAGT_11",-2.47707752362589,12.6127737682461,24.4830647019288
"GTAGCTACATAGATCC_11",14164,3012.8093197,1725,0.0360100828231905,-0.0878998706756729,"G1",0.269673704414587,27.1059025582089,"Late chromaffin cells","GTAGCTACATAGATCC_11",-3.12135843411783,12.2725895565151,24.7636652441031
"GTAGGAGAGCATAGGC_11",14164,2982.51059300008,1629,0.123102174805088,-0.0808022172957861,"G1",0.90595009596929,8.35191167429774,"Late SCPs","GTAGGAGAGCATAGGC_11",-9.73575476781229,0.36497377568473,NA
"GTAGGTTAGTCGTTAC_11",14164,3428.94446589996,2340,0.0236294896030246,-0.0648509289965138,"G1",0.9021113243762,8.35726927715811,"Late SCPs","GTAGGTTAGTCGTTAC_11",-9.73842410222391,0.0994841378330145,NA
"GTAGTACAGGTAGACC_11",14164,2890.54068620002,1560,0.0850340136054422,0.240754189013698,"S",0.878119001919386,7.36455658708554,"Late SCPs","GTAGTACAGGTAGACC_11",-9.11098269597391,0.07797174864997,NA
"GTCTAGAGTAACGCGA_11",14164,3178.58396130006,1923,0,-0.051201154803267,"G1",0.328214971209213,27.3346326303829,"Late chromaffin cells","GTCTAGAGTAACGCGA_11",-2.8879089750419,12.633305422604,24.8165798702656
"GTGAGCCTCATTGCCC_11",14164,3139.0854543999,1920,0.122174709835064,-0.023403041340318,"G1",0.400191938579655,27.4004340620447,"Late chromaffin cells","GTGAGCCTCATTGCCC_11",-3.4783437646995,12.2900637310146,25.0487028185697
"GTGCACGAGGTTGACG_11",14164,3921.84563462028,3081,0.03385240352065,0.0214064109834946,"S",0.875239923224568,8.61212565172384,"Late SCPs","GTGCACGAGGTTGACG_11",-10.8050697244773,0.709490745901957,NA
"GTGCACGTCACAAGAA_11",14164,2627.95109869999,1278,0.112803158488438,-0.0100143584035533,"G1",0.178502879078695,31.7243642800891,"Late neuroblasts","GTGCACGTCACAAGAA_11",4.4997999273171,-8.45441926306497,NA
"GTGCTGGTCAGATGCT_11",14164,3298.25132440012,2119,0.0536480686695279,-0.0448061736754896,"G1",0.845489443378119,9.08181675125788,"Late SCPs","GTGCTGGTCAGATGCT_11",-10.1401145853172,0.568386064484611,NA
"GTGTGATAGGAACGCT_11",14164,2982.71929870007,1637,0.196463654223969,0.0114613858016357,"S",0.875239923224568,8.61212602604416,"Late SCPs","GTGTGATAGGAACGCT_11",-10.9941966928611,0.770355470120803,NA
"GTTCATTCATGTCTAG_11",14164,3621.47355610011,2838,0.0322476620445018,-0.044696380224067,"G1",0.619001919385797,27.3134085167734,"Late chromaffin cells","GTTCATTCATGTCTAG_11",-2.99803952351908,12.9521855037807,25.1070659578171
"GTTCCGTCATCACCAA_11",14164,3299.54530200001,2050,0.029120559114735,0.199809138423012,"S",0.886756238003839,7.75740774526456,"Late SCPs","GTTCCGTCATCACCAA_11",-9.4964454568992,0.559421408563748,NA
"GTTGCTCAGGTGCTGA_11",14164,2331.0334788,1037,0.0720980533525595,-0.0337874024283954,"G1",0.288867562380038,27.1604776248985,"Late chromaffin cells","GTTGCTCAGGTGCTGA_11",-2.30140630380014,12.5673063915371,24.313051588395
"GTTTACTAGCTTGTGT_11",14164,2712.31976659996,1409,0,-0.00886917892860266,"G2M",0.386756238003839,27.3745956071592,"Late chromaffin cells","GTTTACTAGCTTGTGT_11",-2.36595086232523,12.7568510692715,24.4897044653736
"GTTTACTTCGGCCAAC_11",14164,3389.11649989996,2226,0,-0.105109338989758,"G1",0.214971209213052,31.7243648415696,"Late neuroblasts","GTTTACTTCGGCCAAC_11",4.50359793528219,-9.19754231756936,NA
"TAACCAGAGACAACAT_11",14164,3153.23703999995,1911,0,-0.0768461703085184,"G1",0.382917466410749,27.388971071608,"Late chromaffin cells","TAACCAGAGACAACAT_11",-3.01322225705484,12.4864481609463,24.8182300867492
"TAACCAGAGGGTTTCT_11",14164,2854.86276199996,1541,0.299914310197087,-0.0679249469706767,"G1",0.727447216890595,26.8019703995014,"Late chromaffin cells","TAACCAGAGGGTTTCT_11",-1.82207469121317,12.1531246822475,23.6280457133579
"TAACTTCTCAGCTTGA_11",14164,3423.06320940005,2254,0.0522193211488251,0.0640725840606884,"S",0.838771593090211,8.61212621320431,"Late SCPs","TAACTTCTCAGCTTGA_11",-10.7144868768821,0.719978160798446,NA
"TAAGCACCACTGGCCA_11",14164,3426.44977579997,2308,0.0723065798987708,0.00105461209814303,"S",0.890595009596929,7.65027662968158,"Late SCPs","TAAGCACCACTGGCCA_11",-9.0514114297996,0.290805898249045,NA
"TAAGCCAGTTCCTAAG_11",14164,3622.40050680011,2421,0.155038759689922,-0.0268495272237735,"G1",0.852207293666027,7.75740793242472,"Late SCPs","TAAGCCAGTTCCTAAG_11",-9.5189235605369,0.614370487272635,NA
"TAAGTCGAGGAGTATT_11",14164,3133.91714160001,1837,0,0.0336329057004701,"S",0.845489443378119,7.75740811958488,"Late SCPs","TAAGTCGAGGAGTATT_11",-9.34856394902567,0.471662498652831,NA
"TACAACGTCGGAAGGT_11",14164,3306.8557185001,2080,0.0293341155764154,-0.138293939501964,"G1",0.4021113243762,27.3134092654141,"Late chromaffin cells","TACAACGTCGGAAGGT_11",-3.50845483914713,12.545505396664,25.2361912113295
"TACACCCCAGCTGAGA_11",14164,3494.83424719999,2591,0.0373273609555804,-0.0787082964744998,"G1",0.591170825335892,27.3134094525742,"Late chromaffin cells","TACACCCCAGCTGAGA_11",-2.8803987898002,12.7421606701015,24.8807734541857
"TACCGAAAGCTGCCAC_11",14164,3288.90161620009,2136,0.103923096908288,-0.013261373459143,"G1",0.399232245681382,27.3134098268946,"Late chromaffin cells","TACCGAAAGCTGCCAC_11",-3.01557902470926,12.6716498058437,24.9397593588833
"TACCTCGCAGTATGAA_11",14164,3836.98060780006,2974,0.0689893066574681,0.148310368048569,"S",0.904990403071017,8.31036508432576,"Late SCPs","TACCTCGCAGTATGAA_11",-9.78108481541971,0.286672077715293,NA
"TACGGGCAGTGGTTGG_11",14164,3503.4638821001,2527,0.14259523324506,-0.0530698727139143,"G1",0.31190019193858,27.3134100140547,"Late chromaffin cells","TACGGGCAGTGGTTGG_11",-3.74446968213419,12.3607863109707,25.2980550014283
"TACTTCAGTTCGAACT_11",14164,3760.06006489989,2974,0.0637551801083838,-0.0425391409041378,"G1",0.86084452975048,8.52894922481409,"Late SCPs","TACTTCAGTTCGAACT_11",-9.5480344690452,0.522562324643031,NA
"TAGATCGCAGGCATTT_11",14164,2852.87600490006,1547,0.122349102773246,-0.121372073105332,"G1",0.432821497120921,27.3846190740101,"Late chromaffin cells","TAGATCGCAGGCATTT_11",-2.86694172993998,12.5495794933437,24.7451796886325
"TAGCACAAGACGCCAA_11",14164,3489.83714109993,2367,0.0471364600518501,-0.052624060146704,"G1",0.843570057581574,8.46712339058293,"Late SCPs","TAGCACAAGACGCCAA_11",-9.61418322697977,0.44836565071334,NA
"TAGGTACCAACCACGC_11",14164,2561.31834410002,1250,0,-0.0331062129161686,"G1",0.705374280230326,8.61212640036447,"Late SCPs","TAGGTACCAACCACGC_11",-11.2952430643211,0.5196911689042,NA
"TAGGTTGAGTAACCTC_11",14164,2777.35639169999,1426,0.14903129657228,0.0240344641198443,"S",0.425143953934741,27.2001462080354,"Late chromaffin cells","TAGGTTGAGTAACCTC_11",-2.082997957624,12.5542334240078,24.126624275427
"TAGGTTGGTCGTCGGT_11",14164,3010.13114440009,1679,0.200320512820513,-0.0472471503884491,"G1",0.713051823416507,7.77680997431451,"Late SCPs","TAGGTTGGTCGTCGGT_11",-9.31845454350809,0.0849381607173834,NA
"TATACCTGTTGATCGT_11",14164,2927.93519969998,1615,0.119331742243437,-0.0715512096556272,"G1",0.463531669865643,27.3134102012149,"Late chromaffin cells","TATACCTGTTGATCGT_11",-2.891645232595,12.6820896785854,24.8507903771827
"TATTCCACAGATGCGA_11",14164,3363.41339470008,2199,0.0263019463440295,-0.143535636469341,"G1",0.840690978886756,9.14235307274594,"Late SCPs","TATTCCACAGATGCGA_11",-10.127503196157,0.847883425295249,NA
"TATTGCTCAATACCTG_11",14164,3356.01810119997,2150,0,-0.126088834443442,"G1",0.353166986564299,27.3315960562153,"Late chromaffin cells","TATTGCTCAATACCTG_11",-3.63347844258646,12.3577574413418,25.2111192547887
"TATTTCGGTGTCCGGT_11",14164,3771.84889700014,2779,0,0.323446654317523,"S",0.930902111324376,9.12901150151419,"Late SCPs","TATTTCGGTGTCCGGT_11",-10.165160933889,0.652058139085666,NA
"TCAAGCAGTTGCGAAG_11",14164,2705.94370980005,1408,0,-0.104304479975916,"G1",0.206333973128599,31.7243657773704,"Late neuroblasts","TCAAGCAGTTGCGAAG_11",4.52551337107321,-9.0954476673008,NA
"TCAAGTGTCAGGGTAG_11",14164,3085.47640679993,1789,0.176678445229682,-0.132029064179282,"G1",0.789827255278311,8.61212658752463,"Late SCPs","TCAAGTGTCAGGGTAG_11",-11.1902873911033,0.622309330493108,NA
"TCAATTCAGCTGTTAC_11",14164,2967.27458040006,1642,0.0792079207920792,-0.122220444123433,"G1",0.351247600767754,27.1207193800289,"Late chromaffin cells","TCAATTCAGCTGTTAC_11",-2.57700018063883,12.5311993282436,24.5077623960287
"TCACAAGCAATCGCCG_11",14164,3004.99594829994,1768,0.668896321070234,-0.0139713190977948,"G2M",0.54510556621881,27.1847641276736,"Late chromaffin cells","TCACAAGCAATCGCCG_11",-2.18120996133188,12.5626276653408,24.2081224755823
"TCACACCAGCAGGCTA_11",14164,3897.49035537988,3458,0.0458190148911798,-0.0516628522227312,"G1",0.873320537428023,8.77778727051639,"Late SCPs","TCACACCAGCAGGCTA_11",-10.6348035730491,0.832408271372214,NA
"TCACACCAGTTATGGA_11",14164,3296.25737140004,2042,0.0903886712865321,-0.063342224776412,"G1",0.86852207293666,8.61212677468479,"Late SCPs","TCACACCAGTTATGGA_11",-10.8311822809348,0.690366327404872,NA
"TCACGGGGTGACATCT_11",14164,3253.89674630005,2053,0.0273448181569593,-0.0311063648381538,"G1",0.438579654510557,27.3134105755352,"Late chromaffin cells","TCACGGGGTGACATCT_11",-3.42966131345133,12.5552490871548,25.1821373981255
"TCCATCGAGAAATTCG_11",14164,3749.62614560007,2826,0.093475415965601,-0.105209182157027,"G1",0.54126679462572,4.69984164463832,"Neuroblasts","TCCATCGAGAAATTCG_11",-0.448953146494427,-1.09256912058602,NA
"TCCATCGCAATACGAA_11",14164,3434.04519750011,2304,0.0246184145741014,-0.0647764260828692,"G1",0.531669865642994,27.2001463951956,"Late chromaffin cells","TCCATCGCAATACGAA_11",-1.87836317197184,12.3492544811367,23.8110145931779
"TCCATGCCAGTGCCTG_11",14164,3056.62992780009,1804,0.0673854447439353,0.0302206502874154,"S",0.353166986564299,27.4122615820098,"Late chromaffin cells","TCCATGCCAGTGCCTG_11",-3.25389842168192,12.3530090969204,24.9168958834893
"TCCGGGATCCTATTGT_11",14164,2512.62088240004,1177,0.125628140703518,-0.0433559088373721,"G2M",0.156429942418426,27.1097932987553,"Late chromaffin cells","TCCGGGATCCTATTGT_11",-2.63205842152933,12.5327500026821,24.5510943985932
"TCCTCTTAGTTCCGGC_11",14164,3513.42495009995,2381,0.0716332378223496,-0.0283428058845941,"G1",0.893474088291747,8.62932423150108,"Late SCPs","TCCTCTTAGTTCCGGC_11",-10.6454570688377,0.67868000978221,NA
"TCGCTCAGTGGGTCAA_11",14164,3532.46793940006,2337,0.180785123966942,-0.0844767135471798,"G1",0.881957773512476,8.68591107675967,"Late SCPs","TCGCTCAGTGGGTCAA_11",-10.3823354639182,0.420162714660064,NA
"TCGCTTGAGAGGTGCT_11",14164,3473.14837680005,2376,0.0467617488894085,0.127632087199722,"S",0.285988483685221,27.3134111370157,"Late chromaffin cells","TCGCTTGAGAGGTGCT_11",-3.66100553647379,12.4430321376919,25.2870761649396
"TCGGGTGCAATAACGA_11",14164,2349.10707339998,1059,0.0673400673400673,-0.0762034519295383,"G1",0.281190019193858,30.6185218446815,"Late neuroblasts","TCGGGTGCAATAACGA_11",4.26746960505148,-7.45045960730325,NA
"TCGTAGACAGGCGATA_11",14164,2155.97272439999,925,0.2356637863315,0.0463140419823513,"S",0.123800383877159,29.8386126660549,"Late neuroblasts","TCGTAGACAGGCGATA_11",3.68005295618673,-7.39827550238381,NA
"TCTAACTGTGGTGATG_11",14164,2957.31663049997,1652,0.0384615384615385,0.0378667084439183,"S",0.681381957773513,27.1433062586077,"Late chromaffin cells","TCTAACTGTGGTGATG_11",-2.17772702351908,12.6864288967251,24.293343474114
"TCTCAGCTCGCATTGA_11",14164,3464.13194090003,2201,0.0581057524694945,0.162723080472189,"S",0.861804222648752,9.1423532599061,"Late SCPs","TCTCAGCTCGCATTGA_11",-10.0784566797386,0.590772536400136,NA
"TCTTAGTGTGTTAAAG_11",14164,3377.91839829989,2185,0.0790722192936215,-0.0383915392090113,"G1",0.877159309021113,7.7445986555521,"Late SCPs","TCTTAGTGTGTTAAAG_11",-9.52849845067362,0.256810985147849,NA
"TGAACGTAGTAATCCC_11",14164,3119.88932579995,1922,0.0302206104563312,-0.0801525916956663,"G1",0.592130518234165,27.1929505730695,"Late chromaffin cells","TGAACGTAGTAATCCC_11",-2.33333663121561,12.4541224163174,24.2657245857944
"TGAATCGTCATGGCCG_11",14164,2758.32801259994,1509,0.200400801603206,-0.115027487560508,"G1",0.318618042226488,27.4244379284948,"Late chromaffin cells","TGAATCGTCATGGCCG_11",-3.14549354688028,12.3715609233974,24.8457549160722
"TGACAGTGTGCCGAAA_11",14164,3463.42707610012,2296,0.049813200498132,-0.079955631938151,"G1",0.658349328214971,27.3134113241759,"Late chromaffin cells","TGACAGTGTGCCGAAA_11",-3.27303604260782,12.6025484722256,25.092463129484
"TGACGCGTCGGTAAGG_11",14164,2622.47671949996,1286,0.0555864369093941,0.047813387757223,"G2M",0.828214971209213,8.47985459865167,"Late SCPs","TGACGCGTCGGTAAGG_11",-9.60123423711161,0.441884182035819,NA
"TGACTCCAGTCGCTAT_11",14164,3349.12286930013,2234,0.0728862973760933,-0.0684779400626594,"G1",0.242802303262956,31.7243669003314,"Late neuroblasts","TGACTCCAGTCGCTAT_11",4.31540938242575,-8.49982178992043,NA
"TGATCTTTCTTCGATT_11",14164,3006.63372119993,1792,0.0323624595469256,-0.0860744210527766,"G1",0.437619961612284,27.4342072555538,"Late chromaffin cells","TGATCTTTCTTCGATT_11",-3.03044442311625,12.3970297496914,24.7739677080175
"TGCACGGAGTGCAACG_11",14164,2958.81853990008,1642,0.0801282051282051,-0.0385138823118566,"G1",0.23320537428023,31.9013802073343,"Late neuroblasts","TGCACGGAGTGCAACG_11",4.53058691843649,-8.27522004431497,NA
"TGCACGGGTAATGATG_11",14164,2974.66746030008,1651,0.117647058823529,-0.0401646202049658,"G2M",0.305182341650672,27.3502245517075,"Late chromaffin cells","TGCACGGGTAATGATG_11",-2.96883277074198,12.5742109935879,24.8406124851287
"TGCAGTAAGAGAACCC_11",14164,2749.35664249993,1452,0.0435729847494553,-0.11377441347017,"G1",0.397312859884837,27.3728725357119,"Late chromaffin cells","TGCAGTAAGAGAACCC_11",-2.48642615453104,12.7145851772427,24.5553346004107
"TGCATGACACGGAAGT_11",14164,3313.26472640005,2092,0.0591366055588409,-0.0244750821505101,"G1",0.290786948176584,27.392955168928,"Late chromaffin cells","TGCATGACACGGAAGT_11",-3.42160777226786,12.3251646679043,25.0278326357627
"TGCGACGCAGGAGACT_11",14164,3452.32608840003,2321,0.0478240076518412,-0.107051710106568,"G1",0.846449136276392,9.14235363422641,"Late SCPs","TGCGACGCAGGAGACT_11",-9.96765498296122,0.572858297839657,NA
"TGCTTGCGTAGATTGA_11",14164,3073.71507360007,1841,0.0640820249919897,-0.0926316062483688,"G1",0.455854126679463,27.3134122599767,"Late chromaffin cells","TGCTTGCGTAGATTGA_11",-3.63881305829386,12.4459475200771,25.2719627009576
"TGGGATTGTCATCTAG_11",14164,2954.15025120004,1644,0.0390625,0.0316685048800887,"S",0.866602687140115,7.61319589290279,"Late SCPs","TGGGATTGTCATCTAG_11",-9.3395269312034,-0.278414078414544,NA
"TGGGCGTAGTGCTCAT_11",14164,2428.42201500001,1143,0,-0.044106498208468,"G1",0.346449136276392,27.1892863129942,"Late chromaffin cells","TGGGCGTAGTGCTCAT_11",-2.04919258729319,12.6226128261684,24.1435323066943
"TGGGCGTGTCCCTGTT_11",14164,3273.25255669988,2078,0.110192837465565,-0.0625207424489788,"G1",0.385796545105566,27.3326355767728,"Late chromaffin cells","TGGGCGTGTCCCTGTT_11",-3.23785714284281,12.505020014584,25.002800065972
"TGGGCTGGTCCACTCT_11",14164,3483.20966159991,2427,0,0.00971252433983386,"S",0.843570057581574,8.61212714900511,"Late SCPs","TGGGCTGGTCCACTCT_11",-11.0804222025047,0.587861070983008,NA
"TGGTAGTAGTGCACAG_11",14164,3362.67183109994,2217,0.102564102564103,-0.139209800156395,"G1",0.649712092130518,27.2001471438362,"Late chromaffin cells","TGGTAGTAGTGCACAG_11",-1.92804423943857,12.3408745449184,23.8449921747291
"TGGTGATTCCGAGCTG_11",14164,3146.16824880003,1876,0.134952766531714,-0.0447724398651308,"G1",0.320537428023033,27.3542103451556,"Late chromaffin cells","TGGTGATTCCGAGCTG_11",-2.67563275472025,12.6774548214077,24.6804152980506
"TGGTTAGGTTCGGGTC_11",14164,3237.60104029989,2063,0.0835189309576837,-0.00399498603889381,"G1",0.23320537428023,31.7243683976126,"Late neuroblasts","TGGTTAGGTTCGGGTC_11",4.71772261484762,-8.85862935370217,NA
"TGTAAGCTCCTGTACC_11",14164,3415.48405019992,2281,0.0763164589163063,-0.117592875707063,"G1",0.326295585412668,27.3134130086173,"Late chromaffin cells","TGTAAGCTCCTGTACC_11",-3.250443021215,12.6552475612759,25.1092659374482
"TGTCCACAGTATTAGG_11",14164,2716.56068040002,1357,0.214938205265986,-0.0506921746967028,"G2M",0.85700575815739,9.0659041870054,"Late SCPs","TGTCCACAGTATTAGG_11",-10.2272727884422,0.65720012003173,NA
"TGTGAGTGTCTTGCTC_11",14164,3575.70814710001,2457,0.0464576074332172,0.0732885200335502,"S",0.833973128598848,7.61319608006295,"Late SCPs","TGTGAGTGTCTTGCTC_11",-9.56972674504618,-0.0755766112209406,NA
"TGTTCTATCTCATTTG_11",14164,2840.69824249997,1555,0.040290088638195,-0.0664760488481655,"G1",0.375239923224568,27.1554182028658,"Late chromaffin cells","TGTTCTATCTCATTTG_11",-3.0908332265983,12.1439922969936,24.6568279245693
"TGTTGAGTCGTTGTTT_11",14164,2853.32698509995,1521,0.132802124833997,-0.125341321832548,"G1",0.214971209213052,27.0987406645197,"Late chromaffin cells","TGTTGAGTCGTTGTTT_11",-3.17740658894876,12.2625311535,24.800147142147
"TTACCATAGCCTCTGG_11",14164,3777.37247639996,2882,0.0369890882189754,0.197814198872005,"S",0.865642994241843,7.6547450961485,"Late SCPs","TTACCATAGCCTCTGG_11",-9.28549460545878,-0.125649936854943,NA
"TTACCGCAGTAGTGCG_11",14164,3138.12958729995,1947,0.0588408355398647,-0.0887371371810418,"G1",0.547984644913628,27.1550723227945,"Late chromaffin cells","TTACCGCAGTAGTGCG_11",-2.48791436330179,12.4796703975796,24.4063151133441
"TTAGTCTGTGTAAACA_11",14164,3208.17351919992,1912,0.0325520833333333,-0.0143680457031322,"G1",0.821497120921305,9.14235400854673,"Late SCPs","TTAGTCTGTGTAAACA_11",-9.8665855325828,0.40974063390483,NA
"TTCAGGATCAAGGACG_11",14164,3196.13627179991,1937,0.0622858922454064,-0.0831932829523894,"G1",0.337811900191939,27.3279879729301,"Late chromaffin cells","TTCAGGATCAAGGACG_11",-3.23940090314249,12.5129574459194,25.0090871186565
"TTCCACGGTAGACGGT_11",14164,3343.69286409989,2130,0,-0.102536179582053,"G1",0.31190019193858,31.7576645634445,"Late neuroblasts","TTCCACGGTAGACGGT_11",4.86651726587912,-8.552205212772,NA
"TTCCTTCTCGTCGATA_11",14164,3008.81097559994,1746,0.136379133992499,-0.122409529036119,"G1",0.293666026871401,27.3134135700978,"Late chromaffin cells","TTCCTTCTCGTCGATA_11",-2.85971836224894,12.8934744518398,24.9630757417063
"TTCTAACAGATAGCTA_11",14164,2903.56447809994,1576,0.0829875518672199,-0.0424690278944371,"G1",0.112284069097889,31.7243695205736,"Late neuroblasts","TTCTAACAGATAGCTA_11",4.39676686152121,-8.77581132239114,NA
"TTCTGTAGTTCTGACA_11",14164,4035.28351910006,3471,0.0568666477111174,0.0573369771533558,"S",0.324376199616123,31.7243697077338,"Late neuroblasts","TTCTGTAGTTCTGACA_11",4.49908991678854,-8.86793435400735,NA
"TTGACCCGTGTTCAGT_11",14164,3003.36916050008,1748,0,-0.0400516551476827,"G1",0.887715930902111,7.70908638935507,"Late SCPs","TTGACCCGTGTTCAGT_11",-9.56638602391581,0.156661443054572,NA
"TTGAGTGAGACATACA_11",14164,3186.31536160003,1991,0.0860091743119266,-0.0408188999544476,"G1",0.483685220729367,27.1203119746777,"Late chromaffin cells","TTGAGTGAGACATACA_11",-2.30833880082468,12.6815222423672,24.3910288174344
"TTGAGTGTCCGCCTAT_11",14164,3270.86744169994,2085,0.0822143052891203,-0.0362698446326861,"G1",0.232245681381958,32.1523823074586,"Late neuroblasts","TTGAGTGTCCGCCTAT_11",4.89883395060202,-8.2395659763218,NA
"TTGCATTAGATAGCTA_11",14164,2713.84987449995,1410,0.0449236298292902,-0.0682240472748005,"G1",0.187140115163148,31.7243698948939,"Late neuroblasts","TTGCATTAGATAGCTA_11",4.11221953257223,-8.58794987982522,NA
"TTGGATGCACGTACAT_11",14164,2831.14846490007,1555,0.0392927308447937,-0.0645658919654055,"G1",0.304222648752399,27.3134137572579,"Late chromaffin cells","TTGGATGCACGTACAT_11",-2.79579357282022,12.9445398967861,24.9469682963996
"TTGTGGATCTGAGAGG_11",14164,3308.80057940007,2064,0,-0.0518915390111313,"G1",0.879078694817658,9.14235419570689,"Late SCPs","TTGTGGATCTGAGAGG_11",-10.0629394449363,0.756359688579932,NA
"TTGTTCACACTGTCCT_11",14164,3567.18178919987,2718,0.0341821910784481,0.0218052894486937,"S",0.219769673704415,31.7243702692143,"Late neuroblasts","TTGTTCACACTGTCCT_11",3.83160944803854,-8.72325814551125,NA
"TTGTTCATCTCGGTAA_11",14164,3894.39337969978,3023,0.0707588890854414,0.0452589135166919,"S",0.514395393474088,9.0386535553316,"Late SCPs","TTGTTCATCTCGGTAA_11",-9.97788981572489,0.321325502931968,NA
"TTTCGATGTGACGCCT_11",14164,3003.84082269995,1767,0,-0.0444038421278086,"G1",0.675623800383877,27.2001473309964,"Late chromaffin cells","TTTCGATGTGACGCCT_11",-1.90367190018991,12.3990801494717,23.8616417986293
"TTTGATCAGACTCTAC_11",14164,3531.36205930004,2341,0.106128946670204,-0.124331449570149,"G1",0.857965451055662,7.8378538444916,"Late SCPs","TTTGATCAGACTCTAC_11",-9.2848394312034,0.114041469633475,NA
"TTTGATCGTGATACCT_11",14164,3187.06581680006,1993,0.085494442861214,-0.12324528946232,"G1",0.339731285988484,27.3620611555876,"Late chromaffin cells","TTTGATCGTGATACCT_11",-3.19341997281412,12.4678333919643,24.9448561609584
"AACCATGTCCAACCAA_12",14742,1961.17791810001,805,0.277520814061054,0.0669154505508607,"S",0.0239923224568138,24.9525818237874,"Late neuroblasts","AACCATGTCCAACCAA_12",0.166277965151272,-9.53919423407327,NA
"AAGGAGCAGAGATGAG_12",14742,2150.31495220002,900,0.0884955752212389,0.122798841206479,"S",0.00479846449136276,9.68594078238299,"Late SCPs","AAGGAGCAGAGATGAG_12",-10.8442142404685,-1.03262449091683,NA
"ACTATCTTCAAGGCTT_12",14742,2160.51523720003,951,0,0.107426925324802,"S",0.371401151631478,6.95707158009864,"Bridge","ACTATCTTCAAGGCTT_12",0.0903201304306601,2.38961958104362,10.7859074773573
"ACTATCTTCCCTCAGT_12",14742,2157.26288549997,928,0.158227848101266,0.121390084307359,"S",0.0153550863723608,26.2233695856772,"Late neuroblasts","ACTATCTTCCCTCAGT_12",1.21759088858267,-9.06689561194192,NA
"ATAAGAGTCTGTCTAT_12",14742,2370.59201449996,1088,0.0669344042838019,0.0442234047493609,"S",0.201535508637236,25.8041575672449,"Late chromaffin cells","ATAAGAGTCTGTCTAT_12",-3.34142092839579,10.3303164165615,23.7201047920489
"ATAGACCTCACATGCA_12",14742,2141.69921880004,917,0.244897959183673,-0.000430553609928469,"G1",0.367562380038388,9.90000081091768,"Late SCPs","ATAGACCTCACATGCA_12",-10.7388646997581,-0.631022222697839,NA
"ATCACGATCGTTGACA_12",14742,2268.77907460003,994,0.306513409961686,-0.0622272999708381,"G1",0.362763915547025,25.8041577544051,"Late chromaffin cells","ATCACGATCGTTGACA_12",-3.42192486897806,10.106899134457,23.6631655124144
"ATCGAGTGTAGGGACT_12",14742,1998.17806239999,809,0.191387559808612,-0.0699398786883307,"G1",0.453934740882917,9.68594115670331,"Late SCPs","ATCGAGTGTAGGGACT_12",-10.6518075861106,-0.935472377002343,NA
"ATGAGGGCACCACGTG_12",14742,2386.93520719998,1113,0.189035916824197,0.0929246211493876,"S",0.103646833013436,25.5923640955043,"Late neuroblasts","ATGAGGGCACCACGTG_12",1.16800685747763,-8.65456689184914,NA
"ATTACTCCATACCATG_12",14742,2139.39158259998,917,0.162074554294976,0.0118779664524866,"G2M",0.132437619961612,25.385313930253,"Late neuroblasts","ATTACTCCATACCATG_12",0.831762274347744,-8.7188311893345,NA
"ATTGGACCATCTACGA_12",14742,2275.01926900004,1005,0.305343511450382,-0.0805546941628257,"G1",0.403071017274472,9.6990214287236,"Late SCPs","ATTGGACCATCTACGA_12",-10.3601844705711,-0.845558293521508,NA
"CAGCATAGTGGCAAAC_12",14742,1898.26400300001,756,0.3996003996004,0.0639710341603487,"S",0.230326295585413,25.8041579415653,"Late chromaffin cells","CAGCATAGTGGCAAAC_12",-3.43118218556742,10.0742682140469,23.6507855338655
"CAGCTAATCTGAGTGT_12",14742,2137.12874599997,923,0.40650406504065,0.0737683815820066,"S",0.00383877159309021,24.3990241259719,"Late neuroblasts","CAGCTAATCTGAGTGT_12",-0.1562287010322,-9.84359563177834,NA
"CATGCCTAGAAACCTA_12",14742,3505.94264619993,2309,0,-0.0404000131429106,"G1",0.0777351247600768,25.9985398736753,"Late neuroblasts","CATGCCTAGAAACCTA_12",0.775381525598965,-9.69689191168557,NA
"CGAGAAGGTACTTCTT_12",14742,2076.93608960001,857,0.370027752081406,-0.0471897036515326,"G1",0.105566218809981,25.5849862571212,"Late chromaffin cells","CGAGAAGGTACTTCTT_12",-3.10312871114115,9.8155573528408,23.2772187977421
"CGAGAAGTCTGCTGCT_12",14742,1998.80184639999,830,0.711743772241993,0.0692069125725206,"S",0.0201535508637236,25.5349028705552,"Late chromaffin cells","CGAGAAGTCTGCTGCT_12",-2.92539433614115,9.46910273247947,22.9878882733504
"CGATGTATCCAAATGC_12",14742,2605.50713570006,1281,0.114155251141553,0.0128556843403679,"S",0.203454894433781,25.7969482056772,"Late chromaffin cells","CGATGTATCCAAATGC_12",-3.05646995679239,10.2757052105068,23.4889737406811
"CTAACTTCAAGAGGCT_12",14742,1956.64467310002,793,0.0954198473282443,-0.0594378553618571,"G1",0.109404990403071,24.7597795612969,"Late neuroblasts","CTAACTTCAAGAGGCT_12",0.599430998407802,-9.69210923498879,NA
"CTACGTCTCATCATTC_12",14742,2074.75671440002,878,0.168776371308017,-0.0507963033123501,"G1",0.301343570057582,9.98808142879312,"Late SCPs","CTACGTCTCATCATTC_12",-10.8593109048973,-0.540040858447656,NA
"GACGCGTGTACCGTTA_12",14742,2011.81608559999,821,0.282220131702728,0.0495420538784092,"S",0.00863723608445298,25.4655222122261,"Late neuroblasts","GACGCGTGTACCGTTA_12",0.821738799654446,-9.27422917670022,NA
"GCGCAGTCATGGATGG_12",14742,1885.71760149999,755,0.192492781520693,0.00820409007828353,"S",0.113243761996161,25.7057540502199,"Late chromaffin cells","GCGCAGTCATGGATGG_12",-3.22884968892435,9.44685827904929,23.1844846142428
"GGCTGGTGTGACGGTA_12",14742,2094.73352099998,873,0.27027027027027,0.0108426469021407,"S",0.375239923224568,9.6859420925041,"Late SCPs","GGCTGGTGTGACGGTA_12",-11.5382383264671,-0.946290262401208,NA
"GTGCAGCCATCCAACA_12",14742,2156.07015220002,911,0.0859845227858985,-0.067325774044357,"G1",0.841650671785029,9.68594227966426,"Late SCPs","GTGCAGCCATCCAACA_12",-10.562543670095,-1.04164231604348,NA
"TACGGTAGTTCGGGCT_12",14742,2189.64912570002,954,0.234375,-0.00950866367487797,"G1",0.0911708253358925,25.5349030577153,"Late chromaffin cells","TACGGTAGTTCGGGCT_12",-3.01325539723734,9.93241106683005,23.2714706252894
"TCAGGATAGGAATTAC_12",14742,2210.96478060004,961,0.156985871271586,0.166746393337529,"S",0.129558541266795,24.7597801227774,"Late neuroblasts","TCAGGATAGGAATTAC_12",0.389710506044826,-9.75946439093362,NA
"TGCGTGGTCCCGACTT_12",14742,1926.89197219999,782,0.191754554170662,0.000944987993680264,"S",0.332053742802303,25.5963279770834,"Late chromaffin cells","TGCGTGGTCCCGACTT_12",-3.11444715634684,9.82936369591941,23.2944367439712
"TTAACTCCAAGGGTCA_12",14742,1895.13460020003,754,0,0.0147538095013827,"G2M",0.0595009596928983,27.195353128759,"Late neuroblasts","TTAACTCCAAGGGTCA_12",1.96420570238729,-9.87567628210793,NA
"AAAGCAAAGTGGAGAA_13",14766,2139.89213440003,933,0.0750750750750751,-0.0493942747642767,"G2M",0.113243761996161,28.6658247170037,"Late neuroblasts","AAAGCAAAGTGGAGAA_13",1.37142070158621,-10.3564149219395,NA
"AACACGTAGCCAGAAC_13",14766,2870.89299749992,1589,0,-0.0384975766427916,"G1",0.124760076775432,27.0262424742747,"Late neuroblasts","AACACGTAGCCAGAAC_13",2.83450384958883,-9.72367299383889,NA
"AACCATGGTGTGAAAT_13",14766,4314.76936079977,4636,0.0182965876863965,-0.0229825365747951,"G1",0.339731285988484,22.4841314258928,"Late chromaffin cells","AACCATGGTGTGAAAT_13",1.40132053717276,-7.45285428351174,10.0305754787033
"AACGTTGGTGTAACGG_13",14766,2156.50913570002,958,0.22238695329874,0.0445725898393731,"S",0.116122840690979,25.8041583158856,"Late chromaffin cells","AACGTTGGTGTAACGG_13",-3.45759467259745,10.1710289638637,23.7135179566615
"AACTCAGCATACCATG_13",14766,2189.45158709998,1003,0,-0.0645675352544969,"G1",0.181381957773512,25.7468341815674,"Late chromaffin cells","AACTCAGCATACCATG_13",-3.26689581052164,9.7895506542324,23.370381445238
"AACTCCCTCGCGTAGC_13",14766,3252.26115980006,2241,0.0517063081695967,0.0530755835506313,"S",0.832053742802303,9.68594246682442,"Late SCPs","AACTCCCTCGCGTAGC_13",-11.6105983652244,-0.917564638316735,NA
"AACTTTCCAAGCCATT_13",14766,2741.78566589998,1466,0.0885739592559787,0.048646593746617,"S",0.0834932821497121,9.68594284114474,"Late SCPs","AACTTTCCAAGCCATT_13",-11.7856786646018,-1.16742957419167,NA
"AAGTCTGGTGGTAACG_13",14766,1762.54725030002,692,0.0997008973080758,-0.044203340785061,"G1",0.0316698656429942,28.6745351248657,"Late neuroblasts","AAGTCTGGTGGTAACG_13",1.88454910143515,-11.5483142215611,NA
"ACACCCTAGTCGTACT_13",14766,2188.70929910001,1000,0.069060773480663,-0.0133551988609191,"G1",0.333973128598848,9.6859430283049,"Late SCPs","ACACCCTAGTCGTACT_13",-11.7049024500022,-0.832452305019006,NA
"ACACCCTTCAGCGACC_13",14766,3415.74706950013,2415,0.0697999069334574,-0.0101696972379547,"G1",0.171785028790787,27.5925380170817,"Late neuroblasts","ACACCCTTCAGCGACC_13",2.7011692129006,-11.1577502567173,NA
"ACAGCCGCAAACCCAT_13",14766,2149.60978340003,977,0.0661375661375661,0.0155774314672558,"G2M",0.166026871401152,28.2424242811597,"Late neuroblasts","ACAGCCGCAAACCCAT_13",1.89194031580587,-10.9306527454258,NA
"ACAGCCGGTGTCAATC_13",14766,2090.17235979999,889,0,0.0167914128088882,"G2M",0.145873320537428,23.1875503888881,"Late neuroblasts","ACAGCCGGTGTCAATC_13",0.373322745405636,-8.0596515018345,NA
"ACATACGGTAAATGAC_13",14766,2183.33164909999,998,0.0672043010752688,-0.0140019412646457,"G2M",0.222648752399232,24.1814755356299,"Late neuroblasts","ACATACGGTAAATGAC_13",-0.094771603501835,-9.03226769751321,NA
"ACATACGGTTCAGTAC_13",14766,2025.79374309998,868,0,0.0541939260205121,"S",0.136276391554703,24.7597803099375,"Late neuroblasts","ACATACGGTTCAGTAC_13",0.467288395010433,-9.63055909460793,NA
"ACATGGTGTGTTGAGG_13",14766,2131.61472750001,921,0,-0.0195391753791147,"G2M",0.0921305182341651,28.6745358735064,"Late neuroblasts","ACATGGTGTGTTGAGG_13",1.48893268927237,-11.7959567386509,NA
"ACGATACAGAAACGAG_13",14766,2603.093405,1330,0.099502487562189,-0.0247706102587333,"G1",0.0700575815738964,27.5925382042419,"Late neuroblasts","ACGATACAGAAACGAG_13",2.24229570253988,-11.1542540866734,NA
"ACGCCAGCACATCCAA_13",14766,2366.71596799998,1141,0.0569476082004556,-0.0112087422619663,"G1",0.0873320537428023,28.6299659773733,"Late neuroblasts","ACGCCAGCACATCCAA_13",1.74548407419821,-11.3738232929112,NA
"ACGCCAGCACTTAAGC_13",14766,2079.98882010001,914,0.219619326500732,-0.0600736295891004,"G1",0.804222648752399,9.91711560091107,"Late SCPs","ACGCCAGCACTTAAGC_13",-10.3321817316184,-0.642097004115685,NA
"ACGCCGAAGTAGGTGC_13",14766,2771.52335940002,1531,0,-0.0762791381689436,"G1",0.175623800383877,27.5925383914021,"Late neuroblasts","ACGCCGAAGTAGGTGC_13",2.59864540918966,-11.2698241550327,NA
"ACGCCGAGTTGAGTTC_13",14766,2726.52935879997,1443,0,-0.0242656198888466,"G1",0.352207293666027,21.6738801004382,"Late chromaffin cells","ACGCCGAGTTGAGTTC_13",0.280204137407741,10.9814194362759,21.0752280330231
"ACGGGTCCATGCCACG_13",14766,2075.53912980003,877,0,-0.000472596054907438,"G2M",0.0115163147792706,28.6745371836275,"Late neuroblasts","ACGGGTCCATGCCACG_13",0.860906561457119,-10.7239905673863,NA
"ACGGGTCGTCATATCG_13",14766,1954.25871819997,828,0.40453074433657,-0.0403594161134858,"G1",0.0834932821497121,25.4496277776225,"Late neuroblasts","ACGGGTCGTCATATCG_13",0.730935176454983,-8.71028531378518,NA
"ACTGATGCACCCATGG_13",14766,2182.62699850003,939,0.32051282051282,0.044362097404556,"G2M",0.419385796545106,9.68594340262522,"Late SCPs","ACTGATGCACCCATGG_13",-11.4005334772239,-1.00401926821481,NA
"ACTGATGGTGATGCCC_13",14766,2164.41379029996,954,0,-0.0600338875462026,"G1",0.0249520153550864,28.6745381194283,"Late neuroblasts","ACTGATGGTGATGCCC_13",1.37545903547903,-11.6536828357578,NA
"AGACGTTAGTTAACGA_13",14766,2443.89801879999,1181,0.0580383052814858,0.106533688219698,"S",0.156429942418426,26.0282251112621,"Late neuroblasts","AGACGTTAGTTAACGA_13",0.940223177515468,-9.33806241339456,NA
"AGACGTTGTTATCGGT_13",14766,1974.36429110002,819,0,0.0541124195448389,"G2M",0.0460652591170825,28.6745386809088,"Late neuroblasts","AGACGTTGTTATCGGT_13",1.62424202784201,-11.905383237064,NA
"AGAGTGGAGGACTGGT_13",14766,1972.80801730003,813,0.3613369467028,-0.00565603069726475,"G1",0.397312859884837,9.68594377694554,"Late SCPs","AGAGTGGAGGACTGGT_13",-10.7490051187644,-1.10601545161019,NA
"AGAGTGGGTCCTGCTT_13",14766,2101.31607160001,894,0,-0.000470380181903943,"G2M",0.0460652591170825,28.2424248426402,"Late neuroblasts","AGAGTGGGTCCTGCTT_13",2.11292739733358,-11.1252070743443,NA
"AGCGGTCTCACCGTAA_13",14766,1740.00265359998,693,0.0963391136801542,0.0229456284970493,"S",0.0115163147792706,28.6745390552291,"Late neuroblasts","AGCGGTCTCACCGTAA_13",0.714349587999782,-10.9062377292515,NA
"AGCTCTCTCACCCGAG_13",14766,1876.35687999998,769,0.185701021355617,-0.0526507797154347,"G1",0.531669865642994,9.68594433842602,"Late SCPs","AGCTCTCTCACCCGAG_13",-10.0547788538108,-0.882720120608911,NA
"AGCTCTCTCGAATGGG_13",14766,1856.97701030002,740,0,-0.0620229679659706,"G2M",0.14299424184261,25.998540622316,"Late neuroblasts","AGCTCTCTCGAATGGG_13",1.13983794077536,-9.34659493750344,NA
"AGGGATGGTTACGCGC_13",14766,2490.6701466,1249,0,0.212238565139819,"G2M",0.780230326295585,9.68594489990649,"Late SCPs","AGGGATGGTTACGCGC_13",-11.7006462015281,-0.854702957332238,NA
"AGGGTGACACATAACC_13",14766,2246.3701459,1105,0,-0.00780466406683784,"G2M",0.252399232245681,25.298549280499,"Late chromaffin cells","AGGGTGACACATAACC_13",-2.68473033086161,10.1884926479458,23.1660445770859
"ATAACGCCATGGGACA_13",14766,2282.03360809997,1059,0.0646412411118293,-0.067172590695508,"G2M",0.0374280230326296,28.2424250298004,"Late neuroblasts","ATAACGCCATGGGACA_13",1.56077094896933,-10.7994796115757,NA
"ATCATCTTCGCGCCAA_13",14766,2521.90549549996,1274,0.101317122593718,-0.0145009418274474,"G1",0.86852207293666,9.68594546138697,"Late SCPs","ATCATCTTCGCGCCAA_13",-10.5578935541282,-1.13139212912331,NA
"ATCATCTTCTTGCAAG_13",14766,1995.29863830004,836,0.0862068965517241,0.00299971999042826,"S",0.0834932821497121,28.6745403653502,"Late neuroblasts","ATCATCTTCTTGCAAG_13",0.668665608011684,-10.7691766101719,NA
"ATCCGAAAGGCTATCT_13",14766,2385.77582319998,1136,0,-0.0580852704462839,"G1",0.0374280230326296,28.275792441077,"Late neuroblasts","ATCCGAAAGGCTATCT_13",1.26078708990713,-10.6561614353062,NA
"ATGCGATTCGAACTGT_13",14766,2079.35511889999,902,0,0.0131346320858056,"S",0.0738963531669866,28.674541301151,"Late neuroblasts","ATGCGATTCGAACTGT_13",0.64337428434988,-11.098049290836,NA
"ATGGGAGTCTGTCTCG_13",14766,2164.7443632,969,0.138888888888889,0.0504831051719574,"S",0.0105566218809981,28.6745416754713,"Late neuroblasts","ATGGGAGTCTGTCTCG_13",1.40124996527334,-11.3905879337193,NA
"ATTACTCGTGACTACT_13",14766,3045.67241039988,1880,0,-0.0166386233537186,"G1",0.147792706333973,27.5925393272029,"Late neuroblasts","ATTACTCGTGACTACT_13",2.98255916460653,-10.7696706134678,NA
"ATTCTACGTGCACTTA_13",14766,2320.74122490002,1100,0,-0.0584041231199183,"G1",0.167946257197697,25.8041590645262,"Late chromaffin cells","ATTCTACGTGCACTTA_13",-3.43729929105143,10.3708895366787,23.8206282325849
"ATTGGACAGCCGATTT_13",14766,1849.33164649999,757,0,-0.0476905691053591,"G1",0.0307101727447217,28.083817010843,"Late neuroblasts","ATTGGACAGCCGATTT_13",1.5317184530129,-8.55105889624368,NA
"ATTGGACTCGTTACAG_13",14766,2241.10961229999,1015,0,-0.00735632814366642,"G1",0.634357005758157,9.69281267985064,"Late SCPs","ATTGGACTCGTTACAG_13",-10.4190776743064,-0.847465999782189,NA
"ATTGGTGGTACAAGTA_13",14766,1986.49246129998,843,0,-0.0616210152665051,"G2M",0.0652591170825336,25.6215108790208,"Late neuroblasts","ATTGGTGGTACAAGTA_13",1.28052314146658,-8.72199643439065,NA
"ATTTCTGGTACAGTTC_13",14766,2060.07520089997,889,0,-0.0633676164491534,"G2M",0.340690978886756,9.68594583570729,"Late SCPs","ATTTCTGGTACAGTTC_13",-11.6382444299827,-0.965963490665063,NA
"CAACCTCTCGCACTCT_13",14766,1899.26903800001,806,0,-0.0523158396764657,"G1",0.846449136276392,9.68594602286745,"Late SCPs","CAACCTCTCGCACTCT_13",-10.2857377924095,-0.864790208995446,NA
"CAACTAGAGCACAGGT_13",14766,1986.71427540001,856,0,-0.0433895613976047,"G1",0.0441458733205374,28.6745420497917,"Late neuroblasts","CAACTAGAGCACAGGT_13",0.375458022200069,-10.8745757419468,NA
"CAAGAAAAGCAGCGTA_13",14766,2085.09682240001,902,0.0768049155145929,-0.00494162365818675,"G1",0.104606525911708,25.9985413709566,"Late neuroblasts","CAAGAAAAGCAGCGTA_13",0.656563004099331,-10.0262471515537,NA
"CAAGATCCATTACCTT_13",14766,2787.64399469996,1556,0,0.0114768387827598,"S",0.125719769673704,28.628065767743,"Late neuroblasts","CAAGATCCATTACCTT_13",2.18547435625692,-11.7291919071079,NA
"CAAGGCCAGTACGTTC_13",14766,2255.96129809998,1043,0.0641025641025641,-0.0061744396094528,"G2M",0.130518234165067,27.876687914772,"Late neuroblasts","CAAGGCCAGTACGTTC_13",1.51365955694815,-10.210914738834,NA
"CACAGGCGTAATCGTC_13",14766,2045.86462279997,863,0,-0.0528279251934286,"G1",0.0230326295585413,28.6745427984323,"Late neuroblasts","CACAGGCGTAATCGTC_13",1.18004139288565,-11.1510926563145,NA
"CACAGGCTCATGTCCC_13",14766,2350.87927769999,1146,0.400228702115495,0.0352643298032849,"S",0.00287907869481766,28.6745429855925,"Late neuroblasts","CACAGGCTCATGTCCC_13",0.00986020787855135,-10.5282126743198,NA
"CACCAGGTCACAAACC_13",14766,1993.10193200002,854,0.0807754442649435,-0.0023121536745038,"G2M",0.606525911708253,9.71319557117137,"Late SCPs","CACCAGGTCACAAACC_13",-10.0775249399314,-0.851110943019494,NA
"CACCTTGCATCATCCC_13",14766,2132.95469759999,940,0,-0.00722347052241645,"G1",0.777351247600768,9.68594621002761,"Late SCPs","CACCTTGCATCATCCC_13",-11.4812953867088,-0.792294510066613,NA
"CAGAATCTCTCTGAGA_13",14766,2660.51695359995,1410,0.0451467268623025,0.017616884773626,"S",0.178502879078695,27.0946642533453,"Late neuroblasts","CAGAATCTCTCTGAGA_13",1.39955087526937,-9.76726163214456,NA
"CAGCAGCAGTGAACGC_13",14766,2493.32078160004,1247,0,-0.0148140071353198,"G1",0.100767754318618,27.5925397015232,"Late neuroblasts","CAGCAGCAGTGAACGC_13",2.4575316511025,-11.3063937503697,NA
"CAGCAGCCACGGTAAG_13",14766,2089.76776250001,911,0.153609831029186,0.00692211036008446,"S",0.691938579654511,9.68594639718777,"Late SCPs","CAGCAGCCACGGTAAG_13",-11.2635553278098,-1.01826012915383,NA
"CAGCATAAGCCCTAAT_13",14766,2050.19312490003,881,0,0.0134312439607942,"S",0.0383877159309021,28.6745439213933,"Late neuroblasts","CAGCATAAGCCCTAAT_13",1.50266404970785,-11.6182185489536,NA
"CAGCGACTCCTGCCAT_13",14766,2008.37308759997,853,0.162866449511401,0.00471469754037906,"S",0.147792706333973,28.3593103179358,"Late neuroblasts","CAGCGACTCCTGCCAT_13",0.910272916399441,-10.4175320941807,NA
"CAGCTGGAGATATACG_13",14766,2401.55861760001,1166,0.0570125427594071,0.0172268012801031,"S",0.0758157389635317,28.6745444828738,"Late neuroblasts","CAGCTGGAGATATACG_13",1.80622406824728,-11.6689463931919,NA
"CAGGTGCGTCGCCATG_13",14766,2393.52094369996,1146,0,0.168352993236378,"S",0.0988483685220729,9.68594658434793,"Late SCPs","CAGGTGCGTCGCCATG_13",-10.7248924173484,-1.21242810076486,NA
"CATATGGCAGGAATGC_13",14766,2621.39258999996,1345,0.243546030199708,-0.0227459144481898,"G2M",0.281190019193858,25.3444502317149,"Late chromaffin cells","CATATGGCAGGAATGC_13",-2.53777913228373,10.4312027614712,23.1812210953657
"CATGGCGCAACACCTA_13",14766,2751.78295539999,1503,0.0843881856540084,0.0622613914297576,"S",0.128598848368522,28.4612232131072,"Late neuroblasts","CATGGCGCAACACCTA_13",1.53147526606222,-11.045634396732,NA
"CATTATCGTTAGGGTG_13",14766,2229.94807009996,1076,0,-0.00318977379558991,"G1",0.207293666026871,25.349685020145,"Late chromaffin cells","CATTATCGTTAGGGTG_13",-2.58444933072428,10.2522095363735,23.1190313875663
"CCAGCGAGTCAAACTC_13",14766,2004.40317310003,847,0,-0.0526600751958668,"G1",0.0479846449136276,28.6745456058347,"Late neuroblasts","CCAGCGAGTCAAACTC_13",0.848147829615078,-10.8835927326084,NA
"CCCAATCGTACTTCTT_13",14766,1770.56561330002,705,0,0.0745051705022482,"S",0.13147792706334,25.1131616509512,"Late neuroblasts","CCCAATCGTACTTCTT_13",0.380163749300442,-8.95368779486428,NA
"CCCAGTTAGGACGAAA_13",14766,1919.90051820001,781,0,0.0170830662620403,"G2M",0.68809980806142,9.68594714582841,"Late SCPs","CCCAGTTAGGACGAAA_13",-10.2404868997703,-0.941251166522607,NA
"CCCATACTCTGTTTGT_13",14766,1918.72919730001,780,0,-0.043300597884122,"G2M",0.452975047984645,9.68594733298856,"Late SCPs","CCCATACTCTGTTTGT_13",-10.6835306085716,-0.838119276225671,NA
"CCGGGATAGCTGGAAC_13",14766,2695.9240447,1417,0,0.0861678991261021,"S",0.04510556621881,28.544915486927,"Late neuroblasts","CCGGGATAGCTGGAAC_13",1.27695687636038,-10.4170829135777,NA
"CCGTTCACAGACGCCT_13",14766,2174.61893100001,999,0,-0.054560633583403,"G1",0.0124760076775432,28.6745463544754,"Late neuroblasts","CCGTTCACAGACGCCT_13",1.47942348345419,-11.7310286838413,NA
"CCTAGCTTCACTTATC_13",14766,1997.54814930001,876,0,0.00278203655046003,"S",0.072936660268714,26.3375602737259,"Late neuroblasts","CCTAGCTTCACTTATC_13",1.43348630293509,-9.24106896704446,NA
"CCTAGCTTCCGCGCAA_13",14766,2553.71723360006,1279,0.0544662309368192,-0.00665282594064302,"G2M",0.146833013435701,9.68594770730888,"Late SCPs","CCTAGCTTCCGCGCAA_13",-11.6337163843284,-1.04526377505074,NA
"CCTTACGTCTTGGGTA_13",14766,2287.24783589998,1072,0.0616142945163278,0.000654943585293347,"G2M",0.191938579654511,26.0389934944998,"Late neuroblasts","CCTTACGTCTTGGGTA_13",1.18101998194357,-9.40969575232278,NA
"CCTTCCCAGCGTCTAT_13",14766,2163.27522209996,978,0.068870523415978,-0.0233932420890165,"G1",0.836852207293666,9.68594789446904,"Late SCPs","CCTTCCCAGCGTCTAT_13",-10.6190660394798,-1.06459117716561,NA
"CCTTCCCAGTTCGCGC_13",14766,2297.97685670002,1073,0.062266500622665,0.072689732169037,"S",0.521113243761996,9.6859480816292,"Late SCPs","CCTTCCCAGTTCGCGC_13",-11.670155326284,-0.939412005603417,NA
"CCTTCCCCAAGGACTG_13",14766,1856.2650639,797,0.0789889415481833,0.012922640363072,"S",0.036468330134357,25.0245046916432,"Late neuroblasts","CCTTCCCCAAGGACTG_13",0.0698340140213584,-9.25631726568948,NA
"CCTTTCTAGCGATAGC_13",14766,1762.53038879998,710,0,0.0185793823333044,"S",0.036468330134357,28.6745484132372,"Late neuroblasts","CCTTTCTAGCGATAGC_13",1.02776404245993,-11.5424453098179,NA
"CGAATGTAGTACCGGA_13",14766,2348.83881089999,1097,0.0619962802231866,-0.0718989702344508,"G1",0.835892514395393,9.68594845594952,"Late SCPs","CGAATGTAGTACCGGA_13",-10.2783859171043,-0.900273092448815,NA
"CGACTTCAGGAATTAC_13",14766,2809.07594750005,1619,0.0367376928728876,-0.032635835689285,"G2M",0.723608445297505,9.68594864310968,"Late SCPs","CGACTTCAGGAATTAC_13",-10.2473905481468,-0.933027513682946,NA
"CGATGTACACGGATAG_13",14766,2153.52866819997,921,0,0.163349141081903,"S",0.223608445297505,25.5349034320357,"Late chromaffin cells","CGATGTACACGGATAG_13",-2.97701625005106,9.72365652734031,23.1459431498405
"CGATTGAAGGCATGTG_13",14766,2437.9076743,1192,0.161899622234215,-0.0285470241216751,"G1",0.396353166986564,24.4769793794285,"Late chromaffin cells","CGATTGAAGGCATGTG_13",-2.3580463327537,10.2119492214321,22.9198857080429
"CGCCAAGTCCTAGTGA_13",14766,2081.00383350004,907,0,0.00972240543401071,"G2M",0.00479846449136276,28.478547915925,"Late neuroblasts","CGCCAAGTCCTAGTGA_13",0.817951520525417,-10.482380994022,NA
"CGGGTCAGTACCGCTG_13",14766,2869.36172109991,1640,0.0370507595405706,-0.085838816527628,"G2M",0.785028790786948,9.68594920459016,"Late SCPs","CGGGTCAGTACCGCTG_13",-10.7482612527976,-1.08049405401956,NA
"CGGTTAAAGTTACCCA_13",14766,2080.5577718,915,0,0.0576445241986053,"S",0.0882917466410749,26.2146973804014,"Late neuroblasts","CGGTTAAAGTTACCCA_13",1.13061412199636,-9.08951676672707,NA
"CGTAGCGCAGCATACT_13",14766,2468.65900330002,1251,0,0.0578817836418122,"S",0.158349328214971,25.9985415581168,"Late neuroblasts","CGTAGCGCAGCATACT_13",0.898704608522854,-9.77820027655374,NA
"CGTCCATCAAGCCCAC_13",14766,2557.0630055,1347,0,-0.0445902208387953,"G1",0.5,9.68594957891048,"Late SCPs","CGTCCATCAAGCCCAC_13",-11.3043229974876,-0.957659609973535,NA
"CGTCTACAGGGCTCTC_13",14766,2748.88523459997,1561,0.0374812593703149,0.0795257660685899,"S",0.236084452975048,24.3277063588585,"Late chromaffin cells","CGTCTACAGGGCTCTC_13",-2.03213051930765,10.2895544689297,22.6954524074568
"CGTGAGCGTACCGGCT_13",14766,1996.53446410002,864,0.0766283524904215,-0.0686494040770257,"G1",0.064299424184261,26.9837648675174,"Late neuroblasts","CGTGAGCGTACCGGCT_13",2.44973584040304,-9.67551148718606,NA
"CTAACTTAGCCGATTT_13",14766,2336.18150980002,1113,0,-0.0658288986618255,"G2M",0.568138195777351,9.6859499532308,"Late SCPs","CTAACTTAGCCGATTT_13",-10.6101835168968,-1.07114816492806,NA
"CTAACTTAGTACACCT_13",14766,1824.04914750001,733,0,0.0241927555593311,"S",0.111324376199616,28.1552703892811,"Late neuroblasts","CTAACTTAGTACACCT_13",1.32620497568747,-8.57080376929055,NA
"CTAAGACGTACAAGTA_13",14766,1795.69176549999,728,0,0.063725946840207,"S",0.00575815738963532,24.3990250617727,"Late neuroblasts","CTAAGACGTACAAGTA_13",-0.000645110763111245,-10.3726054508091,NA
"CTACACCCATCACAAC_13",14766,2009.72643109999,854,0,0.147235100570694,"S",0.017274472168906,26.5018570278697,"Late neuroblasts","CTACACCCATCACAAC_13",1.53614707811972,-9.11640370672952,NA
"CTACGTCGTGTCAATC_13",14766,2416.92025439997,1173,0,-0.00852375204973306,"G2M",0.0854126679462572,27.1539030768459,"Late neuroblasts","CTACGTCGTGTCAATC_13",1.68267246111532,-9.35435403174172,NA
"CTAGTGACAGTTCCCT_13",14766,2054.28273710001,901,0,-0.0464257580160522,"G2M",0.064299424184261,25.9985417452769,"Late neuroblasts","CTAGTGACAGTTCCCT_13",1.11926110609671,-9.57691491431008,NA
"CTCATTAGTAGCACGA_13",14766,1779.60762549999,715,0.0941619585687382,-0.0463560087954046,"G1",0.697696737044146,9.68595051471128,"Late SCPs","CTCATTAGTAGCACGA_13",-10.0798700250755,-1.16215241736184,NA
"CTCATTATCGGTGTCG_13",14766,1988.78236049999,839,0,0.00946788983986342,"S",0.133397312859885,24.1162959744831,"Late neuroblasts","CTCATTATCGGTGTCG_13",-0.159037659324207,-8.75870335882913,NA
"CTCGAAACAATAGCAA_13",14766,2325.39928640001,1066,0,0.202738191143033,"S",0.333013435700576,9.68595070187143,"Late SCPs","CTCGAAACAATAGCAA_13",-11.6810939706931,-0.9155491668583,NA
"CTCGAGGGTAAGTGGC_13",14766,2296.59355480004,1052,0.0664010624169987,0.103949151173151,"S",0.0499040307101727,28.4047730443762,"Late neuroblasts","CTCGAGGGTAAGTGGC_13",0.770218332849941,-10.3760930377842,NA
"CTCGAGGTCTTGGGTA_13",14766,2150.94739750002,960,0.0712758374910905,0.00629520616528887,"S",0.181381957773512,25.8041605618075,"Late chromaffin cells","CTCGAGGTCTTGGGTA_13",-3.37000278607706,10.1387022655605,23.6410812202649
"CTCGGAGAGTATCTCG_13",14766,2549.41761220003,1273,0.157563025210084,-0.0188739722642476,"G1",0.121880998080614,28.3484702361022,"Late neuroblasts","CTCGGAGAGTATCTCG_13",1.37222917898794,-10.81315244025,NA
"CTCGGGACACAGACTT_13",14766,1973.50656340002,826,0.0860585197934596,0.000303634349219449,"S",0.246641074856046,25.8041607489677,"Late chromaffin cells","CTCGGGACACAGACTT_13",-3.38781932965616,10.2437046688198,23.7060864362941
"CTCGTACCATGGTCAT_13",14766,3256.41240789993,2121,0.36806342015855,-0.0947389599969694,"G1",0.0518234165067179,9.68595107619175,"Late SCPs","CTCGTACCATGGTCAT_13",-11.6773021616111,-1.30256129091988,NA
"CTGATCCTCGATGAGG_13",14766,2125.00035659998,924,0,0.00107847485936967,"S",0.00191938579654511,28.6745514077997,"Late neuroblasts","CTGATCCTCGATGAGG_13",1.12388797625204,-11.5017300922276,NA
"CTGCGGACATCGATTG_13",14766,2033.18007579999,850,0.606060606060606,-0.055765265997805,"G1",0.128598848368522,25.804161123288,"Late chromaffin cells","CTGCGGACATCGATTG_13",-3.45116571561197,9.9542702358364,23.5940668568269
"CTGCTGTAGTGGCACA_13",14766,1906.53041669998,779,0.0900900900900901,-0.046238182227473,"G2M",0.0124760076775432,28.6745515949599,"Late neuroblasts","CTGCTGTAGTGGCACA_13",0.63657565935751,-10.7595006305576,NA
"CTTCTCTTCAGTTAGC_13",14766,2289.86690380002,1086,0,-0.0182825207817717,"G1",0.0950095969289827,28.2424265270817,"Late neuroblasts","CTTCTCTTCAGTTAGC_13",1.76559325083395,-10.9016619998814,NA
"CTTTGCGGTCGAATCT_13",14766,2339.68941029999,1110,0.0598086124401914,0.0443524537347873,"S",0.291746641074856,24.5830183560635,"Late chromaffin cells","CTTTGCGGTCGAATCT_13",-2.46055857316355,10.4390009563564,23.1217884135176
"GAAATGACAGCTCGAC_13",14766,2370.92070689999,1189,0,-0.0510489592159755,"G1",0.433781190019194,21.8230896380855,"Late chromaffin cells","GAAATGACAGCTCGAC_13",0.371107956015072,10.785929552853,20.9136779377838
"GAACATCGTCGGCATC_13",14766,2348.7028262,1101,0.128040973111396,-0.0597136056670036,"G2M",0.238963531669866,25.6899488998938,"Late chromaffin cells","GAACATCGTCGGCATC_13",-3.04887322560648,10.1840714138149,23.4285531509536
"GAACGGAAGATCCCAT_13",14766,1869.17206819998,744,0.197628458498024,-0.0534925673430963,"G1",0.0115163147792706,28.6745530922412,"Late neuroblasts","GAACGGAAGATCCCAT_13",1.2153955303063,-11.4595757800938,NA
"GAACGGATCAGAAATG_13",14766,2362.49190050002,1137,0.05720823798627,-0.0143182075396427,"G1",0.288867562380038,25.2964032201051,"Late chromaffin cells","GAACGGATCAGAAATG_13",-2.82782057896952,10.6492355983852,23.5261468170056
"GAATAAGAGTCCCACG_13",14766,1888.21729399998,773,0,-0.00670471171267865,"G2M",0.235124760076775,9.68595163767223,"Late SCPs","GAATAAGAGTCCCACG_13",-11.6968934930931,-0.829628713786706,NA
"GACCAATCACGAAACG_13",14766,2243.41847600002,1052,0.126903553299492,-0.0155875300398101,"G2M",0.132437619961612,25.5349039935161,"Late chromaffin cells","GACCAATCACGAAACG_13",-3.05137876645426,9.78814207726707,23.2191454894589
"GACGCGTGTTGGACCC_13",14766,2843.73858919998,1560,0.0423908435777872,-0.0244425033971918,"G1",0.526871401151631,9.75594021763008,"Late SCPs","GACGCGTGTTGGACCC_13",-10.788880149282,-0.763310440242394,NA
"GACGGCTTCTCGGACG_13",14766,2449.71661480006,1247,0,0.0086209246516656,"S",0.239923224568138,26.0364761875201,"Late chromaffin cells","GACGGCTTCTCGGACG_13",-2.91235570088724,10.4186686199306,23.4576081263819
"GACGTGCGTTCCGGCA_13",14766,3085.16585639994,1823,0,-0.00431637228600594,"G1",0.160268714011516,9.68595201199255,"Late SCPs","GACGTGCGTTCCGGCA_13",-11.4576862253318,-1.16985607928048,NA
"GAGGTGAAGGCAATTA_13",14766,2115.23215949997,955,0.0698324022346369,-0.00646832471350296,"G1",0.387715930902111,25.5349041806763,"Late chromaffin cells","GAGGTGAAGGCAATTA_13",-2.91603259221415,9.11554896050681,22.8177193450745
"GATCGCGCAGGTTTCA_13",14766,3520.99676380015,2526,0,-0.0446874981493879,"G1",0.359884836852207,26.0313607084484,"Late chromaffin cells","GATCGCGCAGGTTTCA_13",-3.51741794720987,11.4902990978359,24.5655885592511
"GATGAAACAGTATCTG_13",14766,2444.01435880006,1173,0,0.0406776585172227,"S",0.528790786948177,9.68595238631287,"Late SCPs","GATGAAACAGTATCTG_13",-11.6820209421287,-0.95671070402871,NA
"GATTCAGCACATCTTT_13",14766,2472.47419669999,1206,0.0544959128065395,-0.0754229564948578,"G1",0.0825335892514395,28.242426901402,"Late neuroblasts","GATTCAGCACATCTTT_13",2.21110506876608,-11.2319184619785,NA
"GCAAACTGTGTGGCTC_13",14766,2163.34326969998,969,0,-0.0681311250395659,"G2M",0.806142034548944,9.68595294779335,"Late SCPs","GCAAACTGTGTGGCTC_13",-10.8257005609641,-0.894832618892297,NA
"GCATACATCCACGTGG_13",14766,2032.30489609997,866,0.0813008130081301,-0.0594228593974849,"G2M",0.702495201535509,9.68595313495351,"Late SCPs","GCATACATCCACGTGG_13",-10.349014083303,-1.24439204519998,NA
"GCATGATAGAGCTATA_13",14766,1914.63079219999,796,0.0863557858376511,-0.0489694711629302,"G1",0.0547024952015355,28.6745553381631,"Late neuroblasts","GCATGATAGAGCTATA_13",0.845626910768947,-11.4088822681309,NA
"GCCAAATGTATAGGTA_13",14766,1817.61815559999,731,0.186915887850467,0.0260274790262877,"S",0.072936660268714,27.0876307693792,"Late neuroblasts","GCCAAATGTATAGGTA_13",1.48920389040609,-8.62769807165872,NA
"GCCAAATGTTAGAACA_13",14766,2514.98046470004,1276,0,-0.0708957592983276,"G1",0.0355086372360845,28.2424270885621,"Late neuroblasts","GCCAAATGTTAGAACA_13",2.12246175631186,-11.1961022693516,NA
"GCGACCATCTACTTAC_13",14766,2587.12511539997,1395,0,-0.0697667632186112,"G2M",0.276391554702495,25.1983702369698,"Late chromaffin cells","GCGACCATCTACTTAC_13",-2.81149677411417,10.2907513301968,23.3140885393234
"GCGAGAATCGTACCGG_13",14766,1915.44657780001,779,0.092678405931418,0.00751028360495751,"S",0.0115163147792706,28.6745557124834,"Late neuroblasts","GCGAGAATCGTACCGG_13",1.14080758913656,-11.445612080753,NA
"GCGCAACCACTGTCGG_13",14766,2534.64217289998,1285,0.198609731876862,-0.0570672787282008,"G1",0.121880998080614,27.5925423217654,"Late neuroblasts","GCGCAACCACTGTCGG_13",2.58150120600363,-10.8224049884678,NA
"GCGCCAATCGCTGATA_13",14766,1765.34242839998,706,0,-0.000225738202882124,"G1",0.0412667946257198,25.4231713488407,"Late neuroblasts","GCGCCAATCGCTGATA_13",0.866431673609218,-8.8698903400303,NA
"GCTCTGTAGACCTTTG_13",14766,1892.4422622,767,0,-0.0534621351238476,"G1",0.0911708253358925,28.6745564611241,"Late neuroblasts","GCTCTGTAGACCTTTG_13",1.28057928904196,-11.4212056476475,NA
"GCTCTGTAGCTGCCCA_13",14766,2451.54286870003,1235,0.452261306532663,-0.000261147021769215,"G1",0.0556621880998081,28.6293562503013,"Late neuroblasts","GCTCTGTAGCTGCCCA_13",1.35147078856131,-10.3782845813633,NA
"GCTGCAGCATAAAGGT_13",14766,2101.06928629999,915,0,-0.00500468742659482,"G1",0.519193857965451,9.6635166277033,"Late SCPs","GCTGCAGCATAAAGGT_13",-9.76610163823465,-0.469815142810449,NA
"GCTTGAAGTTTGACTG_13",14766,1937.79679509998,797,0,-0.00297644416275603,"G1",0.100767754318618,26.6127215651998,"Late neuroblasts","GCTTGAAGTTTGACTG_13",1.66014929636618,-9.22409737890969,NA
"GGACAGACAAGCTGAG_13",14766,2074.55431370001,889,0.320769847634322,-0.0598471683722912,"G2M",0.0403071017274472,25.0512462578962,"Late neuroblasts","GGACAGACAAGCTGAG_13",0.117742916189632,-9.91998303717385,NA
"GGACAGAGTTGCTCCT_13",14766,2184.01741969996,973,0,0.0544883723041927,"S",0.395393474088292,6.31308919125777,"SCPs","GGACAGAGTTGCTCCT_13",-9.6250608362327,2.50976370984305,0.613545523606272
"GGACATTCAAATACAG_13",14766,1990.89550059998,821,0.18001800180018,0.010964112877248,"S",0.456813819577735,9.68595350927382,"Late SCPs","GGACATTCAAATACAG_13",-11.6977708734641,-0.967136629283532,NA
"GGACATTCAATCGGTT_13",14766,2136.42211020002,969,0.201342281879195,0.00225023375495641,"S",0.428982725527831,9.68595369643398,"Late SCPs","GGACATTCAATCGGTT_13",-11.6336944498191,-0.953063734233483,NA
"GGACATTCAGCAGTTT_13",14766,2274.69707599996,1071,0,0.096997212335297,"G2M",0.722648752399232,9.68595388359414,"Late SCPs","GGACATTCAGCAGTTT_13",-10.3642928995262,-1.1575871784092,NA
"GGATTACCAGTCAGCC_13",14766,2135.49289789998,944,0,-0.00925139793408398,"G1",0.101727447216891,26.0890500565353,"Late neuroblasts","GGATTACCAGTCAGCC_13",1.24637039526602,-9.30596173590432,NA
"GGCAATTAGCGGCTTC_13",14766,2156.28113080002,1002,0.0634517766497462,-0.0151154311716657,"G1",0.430902111324376,20.7414718525606,"Late chromaffin cells","GGCAATTAGCGGCTTC_13",0.622682055078945,10.2410362880825,20.4476071468077
"GGCGACTGTTACGTCA_13",14766,2124.78126979998,919,0.0783085356303837,-0.018540069168871,"G2M",0.0796545105566219,25.8041618719287,"Late chromaffin cells","GGCGACTGTTACGTCA_13",-3.41330389157633,9.80996596032371,23.5004115619179
"GGCGACTTCATGCAAC_13",14766,1971.41637909998,841,0.0820344544708778,0.00752857501315789,"S",0.628598848368522,9.68595425791446,"Late SCPs","GGCGACTTCATGCAAC_13",-10.5611045755515,-1.1513525325657,NA
"GGCGACTTCTGCCCTA_13",14766,2758.4779916,1518,0,-0.0752944326652445,"G1",0.0652591170825336,28.6049033689888,"Late neuroblasts","GGCGACTTCTGCCCTA_13",2.0070671640267,-11.5631858188511,NA
"GGCTGGTGTCTAGCGC_13",14766,2042.96875149997,881,0,0.0237247460158372,"S",0.519193857965451,9.68595463223478,"Late SCPs","GGCTGGTGTCTAGCGC_13",-11.5647085107932,-0.998796232402429,NA
"GGTGTTAGTATTCTCT_13",14766,2042.05150189997,881,0.0782472613458529,-0.0419901428640024,"G2M",0.0499040307101727,28.6745594556867,"Late neuroblasts","GGTGTTAGTATTCTCT_13",0.400945445143184,-10.3593560535313,NA
"GTACTTTCACTGAAGG_13",14766,2093.93873409999,904,0.0790513833992095,0.0604689013112871,"S",0.273512476007678,9.6859550065551,"Late SCPs","GTACTTTCACTGAAGG_13",-11.5608146585594,-0.778871901691064,NA
"GTACTTTTCCGAGCCA_13",14766,1842.83424129999,771,0,0.00582373157577334,"S",0.275431861804223,25.5349043678365,"Late chromaffin cells","GTACTTTTCCGAGCCA_13",-2.84069160596231,9.47978769952048,22.9228614753531
"GTATTCTGTTGAGGTG_13",14766,2020.56378359997,851,0,-0.0555100642701804,"G1",0.250479846449136,25.8041624334091,"Late chromaffin cells","GTATTCTGTTGAGGTG_13",-3.33201007024149,10.1458071392177,23.615137230593
"GTCAAGTTCACTATTC_13",14766,2422.69212469998,1221,0.0523012552301255,-0.0813633401014381,"G1",0.268714011516315,25.9811572194801,"Late chromaffin cells","GTCAAGTTCACTATTC_13",-2.890002528585,10.36418425256,23.4073156073289
"GTCAAGTTCAGCTTAG_13",14766,2420.79986050002,1169,0.0563380281690141,0.0768031796381945,"G2M",0.0950095969289827,27.0008560567945,"Late neuroblasts","GTCAAGTTCAGCTTAG_13",1.75712629183432,-8.96211636847268,NA
"GTCACAAAGGATTCGG_13",14766,2214.31827529998,1009,0.135226504394861,-0.00886607735261805,"G1",0.0595009596928983,28.6745605786476,"Late neuroblasts","GTCACAAAGGATTCGG_13",1.73302121981283,-11.7170802432896,NA
"GTCACAACAGATCCAT_13",14766,3035.75434890009,1816,0.0677048070412999,-0.0140394750474359,"G2M",0.133397312859885,27.5925436318866,"Late neuroblasts","GTCACAACAGATCCAT_13",2.80217095240255,-10.9608365375401,NA
"GTCATTTGTGTCTGAT_13",14766,2234.13565769998,1059,0.0619195046439629,-0.01590469446565,"G1",0.321497120921305,9.68595538087542,"Late SCPs","GTCATTTGTGTCTGAT_13",-11.7059305109153,-0.906422026813134,NA
"GTCCTCACAGTATAAG_13",14766,2031.01935409998,859,0,-0.00206596209626437,"G1",0.740882917466411,9.68595556803558,"Late SCPs","GTCCTCACAGTATAAG_13",-10.3716037668357,-0.981882103145226,NA
"GTGCAGCGTCCGCTGA_13",14766,1879.83982549999,750,0,0.0641620585289404,"S",0.5489443378119,9.6859559423559,"Late SCPs","GTGCAGCGTCCGCTGA_13",-10.5751350320945,-1.12997580355416,NA
"GTTCTCGTCAACACGT_13",14766,2191.49334239999,997,0,7.26211991401715e-05,"S",0.0431861804222649,28.6745613272883,"Late neuroblasts","GTTCTCGTCAACACGT_13",1.77856822832724,-11.8265181857945,NA
"TAAACCGTCCCAGGTG_13",14766,2243.50274840003,1189,0,-0.0574037504647516,"G1",0.393474088291747,17.5887182307198,"Late chromaffin cells","TAAACCGTCCCAGGTG_13",1.84570809229513,7.73968826943626,18.0000411630897
"TACACGAAGACGACGT_13",14766,2283.26954040001,1041,0.195567144719687,-0.018240622911743,"G2M",0.50383877159309,9.68595631667622,"Late SCPs","TACACGAAGACGACGT_13",-10.6188514627586,-1.16170812433968,NA
"TACCTATCATTGTGCA_13",14766,2272.40105119998,1121,0,-0.0499694521577892,"G1",0.292706333973129,24.4570327394982,"Late chromaffin cells","TACCTATCATTGTGCA_13",-2.25568477288584,10.4114073436855,22.9434440172013
"TACGGGCAGAGGGCTT_13",14766,2574.45006989998,1314,0.101522842639594,-0.0747509858511462,"G1",0.153550863723608,27.5925443805272,"Late neuroblasts","TACGGGCAGAGGGCTT_13",2.5004102788796,-10.3090850192906,NA
"TAGACCACATACTCTT_13",14766,2548.32694079995,1273,0.0523834468308015,0.0867995196058862,"S",0.738963531669866,9.68595669099653,"Late SCPs","TAGACCACATACTCTT_13",-11.5264079965721,-1.01031947916757,NA
"TAGTTGGCATAGGATA_13",14766,4104.69748814004,3897,0.0697999069334574,-0.0527991133431085,"G1",0.239923224568138,27.6524233964513,"Late neuroblasts","TAGTTGGCATAGGATA_13",2.00680752619406,-10.1811124164463,NA
"TCAACGATCCAAGCCG_13",14766,2195.83518629995,1001,0.137741046831956,-0.0558778715363502,"G1",0.17658349328215,25.6248463736831,"Late chromaffin cells","TCAACGATCCAAGCCG_13",-3.14015130177835,10.1374405544399,23.4744448907646
"TCACGAAAGCCCAACC_13",14766,2018.31903600003,876,0,0.0282316931793007,"S",0.0307101727447217,28.6745624502492,"Late neuroblasts","TCACGAAAGCCCAACC_13",1.37770708426138,-11.6851712543369,NA
"TCAGATGAGGGCTCTC_13",14766,2056.27488330001,896,0,-0.00495769732311405,"G1",0.265834932821497,25.5588961652429,"Late chromaffin cells","TCAGATGAGGGCTCTC_13",-2.65787843839029,9.9245661419033,23.0106195395698
"TCAGGTAGTCTGCGGT_13",14766,1872.41706660003,751,0,-0.0531846015082858,"G1",0.560460652591171,9.89532867489808,"Late SCPs","TCAGGTAGTCTGCGGT_13",-10.4190977014671,-0.656798847377404,NA
"TCATTACGTCCGCTGA_13",14766,2261.5249634,1054,0,-0.00662126218325867,"G2M",0.0393474088291747,28.6745631988899,"Late neuroblasts","TCATTACGTCCGCTGA_13",1.22310860975882,-11.0280181247593,NA
"TCCCGATGTCAGATAA_13",14766,2552.09677210002,1264,0.109289617486339,-0.0709911785376982,"G2M",0.18426103646833,28.57169655834,"Late neuroblasts","TCCCGATGTCAGATAA_13",1.46758778914114,-11.094926961124,NA
"TCGAGGCTCTCGATGA_13",14766,2101.80404419995,897,0,-0.0528255572401181,"G1",0.00767754318618042,28.2935282270204,"Late neuroblasts","TCGAGGCTCTCGATGA_13",1.42288573607107,-10.8039637882114,NA
"TCGCGTTGTTGTACAC_13",14766,2070.59035649998,891,0.318471337579618,-0.0547271605272182,"G2M",0.0825335892514395,28.6295471559107,"Late neuroblasts","TCGCGTTGTTGTACAC_13",1.19928761347433,-10.930132039249,NA
"TCGTACCCATTCTCAT_13",14766,1950.25996859998,818,0,-0.052059771376334,"G1",0.32725527831094,24.5861231173597,"Late chromaffin cells","TCGTACCCATTCTCAT_13",-2.12860337869028,9.08312308007468,22.187001209343
"TCTATTGCAAGTCTGT_13",14766,2863.48458540006,1614,0.114942528735632,-0.0559988256489377,"G1",0.0681381957773513,28.2424282115231,"Late neuroblasts","TCTATTGCAAGTCTGT_13",1.8413743577828,-11.0588027316929,NA
"TCTCTAAAGATCCGAG_13",14766,2244.76728140004,992,0,0.0383575866016117,"S",0.844529750479846,9.68595781395749,"Late SCPs","TCTCTAAAGATCCGAG_13",-11.4401777185569,-0.996195920169458,NA
"TCTTTCCAGTACACCT_13",14766,2042.66765719997,888,0.0745712155108128,-0.0568789983428929,"G2M",0.655470249520154,9.68595800111765,"Late SCPs","TCTTTCCAGTACACCT_13",-11.7311685480247,-0.860297210872277,NA
"TCTTTCCTCAGCTCTC_13",14766,2442.61802350002,1251,0,0.160496330084706,"S",0.839731285988484,9.68595818827781,"Late SCPs","TCTTTCCTCAGCTCTC_13",-10.5379703439842,-0.977388270557031,NA
"TGAAAGATCTCAAACG_13",14766,2415.85266159998,1192,0,-0.0668268896729158,"G2M",0.0153550863723608,28.3000262656005,"Late neuroblasts","TGAAAGATCTCAAACG_13",2.27917357309958,-11.504899151981,NA
"TGACGGCCAAACTGTC_13",14766,3107.84916180005,1977,0.0579038795599305,-0.0817087622419726,"G2M",0.217850287907869,22.4790570765684,"Late chromaffin cells","TGACGGCCAAACTGTC_13",1.33318062647482,-7.20447791403542,10.0116774545248
"TGACTTTAGAAACCTA_13",14766,1944.48546199999,815,0,0.0138381095794617,"G2M",0.101727447216891,24.8241076973598,"Late neuroblasts","TGACTTTAGAAACCTA_13",0.279076179110012,-9.49859727209817,NA
"TGAGGGACATGCCACG_13",14766,1894.83929439997,764,0.366300366300366,-0.0511571981879518,"G1",0.0825335892514395,28.674565631972,"Late neuroblasts","TGAGGGACATGCCACG_13",1.63767977579733,-11.360271580875,NA
"TGCCAAATCGGAGGTA_13",14766,1984.34261939999,831,0,-0.00897339024850513,"G2M",0.09021113243762,28.6745660062923,"Late neuroblasts","TGCCAAATCGGAGGTA_13",0.463342150293789,-11.0649491626621,NA
"TGCGCAGCACGACGAA_13",14766,1857.50542919999,757,0,0.000816786088286114,"S",0.0259117082533589,25.4048827089047,"Late neuroblasts","TGCGCAGCACGACGAA_13",0.563829024874172,-9.30884564703713,NA
"TGCGTGGAGCTTATCG_13",14766,2239.84616809999,1015,0,-0.0139813752513825,"G1",0.0786948176583493,25.9985436168785,"Late neuroblasts","TGCGTGGAGCTTATCG_13",0.889807303987942,-9.89746964758645,NA
"TGCGTGGAGGCTCATT_13",14766,2085.70910719999,911,0.375093773443361,0.0499820324944554,"S",0.143953934740883,25.8041633692099,"Late chromaffin cells","TGCGTGGAGGCTCATT_13",-3.50039939061502,10.0150231044887,23.6700288498095
"TGCGTGGTCCGAGCCA_13",14766,3010.88149660001,1725,0,-0.0902381817475565,"G1",0.00575815738963532,9.68595856259813,"Late SCPs","TGCGTGGTCCGAGCCA_13",-11.7449653543601,-1.32393337076913,NA
"TGCTACCGTGTGGCTC_13",14766,4087.12726280019,3965,0.0113455865668255,-0.0365687666463715,"G1",0.183301343570058,28.2424289601638,"Late neuroblasts","TGCTACCGTGTGGCTC_13",2.23190589769979,-11.2111245471836,NA
"TGGACGCGTAAGTGGC_13",14766,2268.81293240003,1041,0,0.0949954632905734,"S",0.647792706333973,9.68595874975829,"Late SCPs","TGGACGCGTAAGTGGC_13",-10.6695573724876,-1.07311368769418,NA
"TGGCCAGAGCTGATAA_13",14766,1847.8752022,746,0.0925925925925926,-0.0389779714561578,"G1",0.000959692898272553,24.762245677135,"Late neuroblasts","TGGCCAGAGCTGATAA_13",0.32124133928915,-9.36754048651467,NA
"TGGCTGGCACGCCAGT_13",14766,2306.99351490003,1093,0,-0.00687745184605804,"G2M",0.109404990403071,27.5925456906483,"Late neuroblasts","TGGCTGGCACGCCAGT_13",2.48753090723654,-10.8825913745762,NA
"TGGTTCCAGGTGCTAG_13",14766,2420.47117179996,1183,0.0551267916207277,0.0362662544174676,"S",0.0547024952015355,28.6745669420931,"Late neuroblasts","TGGTTCCAGGTGCTAG_13",1.68238421305319,-11.8560763675572,NA
"TGTATTCAGGATCGCA_13",14766,2199.996137,983,0.14265335235378,-0.063717348129939,"G2M",0.0892514395393474,28.6745671292533,"Late neuroblasts","TGTATTCAGGATCGCA_13",1.81846924646994,-11.8435460407139,NA
"TGTATTCAGGTACTCT_13",14766,2213.00134550002,1058,0,-0.0658621630069991,"G1",0.206333973128599,24.4576710743549,"Late chromaffin cells","TGTATTCAGGTACTCT_13",-2.28845755235056,10.3190420787929,22.9202934755664
"TGTTCCGCAAGGTTCT_13",14766,2471.35962839996,1251,0.100300902708124,-0.0135862021845064,"G1",0.0873320537428023,27.5925458778085,"Late neuroblasts","TGTTCCGCAAGGTTCT_13",2.19609804972311,-10.6819592792393,NA
"TTAACTCAGAAAGTGG_13",14766,2341.46902399997,1117,0.0596302921884317,-0.0751614224882799,"G1",0.343570057581574,24.5019735623352,"Late chromaffin cells","TTAACTCAGAAAGTGG_13",-2.421740809835,10.1502379100918,22.939394116762
"TTAGTTCAGCCGTCGT_13",14766,1712.26510279998,683,0,-0.00433489170746079,"G1",0.363723608445297,9.68595931123876,"Late SCPs","TTAGTTCAGCCGTCGT_13",-11.2807071603904,-1.01123166865121,NA
"TTAGTTCGTCAACTGT_13",14766,2254.14091089997,1090,0.0562429696287964,0.00631472503758623,"S",0.0767754318618042,25.6304722794227,"Late chromaffin cells","TTAGTTCGTCAACTGT_13",-3.1464870370994,10.0727165859341,23.4411934800879
"TTCCCAGCATGGAATA_13",14766,2063.32114440003,987,0,0.131814356046693,"S",0.467370441458733,16.0994209439406,"Chromaffin cells","TTCCCAGCATGGAATA_13",1.4253507457604,5.79912220650901,16.1673712511875
"TTCGGTCAGCCCGAAA_13",14766,2588.38924639997,1344,0,-0.0293033638488044,"G1",0.271593090211132,27.5925462521288,"Late neuroblasts","TTCGGTCAGCCCGAAA_13",2.97284336908957,-10.8728066760899,NA
"TTGCGTCCACCTTGTC_13",14766,2034.63050899998,899,0,0.00193869709458974,"G2M",0.617082533589251,25.5349047421568,"Late chromaffin cells","TTGCGTCCACCTTGTC_13",-2.54964975491861,8.9480560939907,22.4695229716791
"TTGGCAATCACGATGT_13",14766,2173.38279129999,983,0.41522491349481,-0.0557185562410427,"G1",0.201535508637236,25.8035403703377,"Late chromaffin cells","TTGGCAATCACGATGT_13",-3.31894687787394,10.3087795894741,23.7033743432943
"TTGTAGGTCAGCTCGG_13",14766,2597.77275779999,1357,0,0.0221950477155688,"G2M",0.0892514395393474,28.3818554109395,"Late neuroblasts","TTGTAGGTCAGCTCGG_13",1.8139941297402,-11.2022677738072,NA
"TTTATGCAGGTCGGAT_13",14766,1920.13366960003,787,0,-0.0563270067626289,"G1",0.147792706333973,28.6745688136947,"Late neuroblasts","TTTATGCAGGTCGGAT_13",0.460865338884792,-10.6889354068638,NA
"AACCAACCAAATAAGC_14",14490,3267.15304470012,1985,0.198216055500496,-0.048508388666093,"G1",0.303262955854127,27.151199330423,"Late chromaffin cells","AACCAACCAAATAAGC_14",-3.41672162190775,11.9755018871426,24.7990762571159
"AATGCCACAGGCGATA_14",14490,2859.58960570005,1497,0.293111871030777,0.177515343954754,"S",0.642034548944338,8.67010616396607,"Late SCPs","AATGCCACAGGCGATA_14",-10.1653421320091,-0.24270571058999,NA
"ACAAGCTCAAGGTCAG_14",14490,3183.93206750001,1882,0.342817963661296,-0.0940241771499767,"G1",0.833013435700576,8.61212771048559,"Late SCPs","ACAAGCTCAAGGTCAG_14",-10.3339908517967,0.212035439550773,NA
"ACAGAAAAGAACTTCC_14",14490,2646.62593189995,1298,0.560224089635854,-0.0405659022721858,"G1",0.852207293666027,7.7455313411782,"Late SCPs","ACAGAAAAGAACTTCC_14",-9.48995951787332,0.277165881931678,NA
"AGACAAATCCTGGTCT_14",14490,3493.44447400016,2308,0.420168067226891,0.0562196367031247,"S",0.210172744721689,26.9590116976286,"Late neuroblasts","AGACAAATCCTGGTCT_14",3.27443118914267,-9.71368897742043,NA
"AGATAGAAGTGGGAAA_14",14490,3355.90326630006,2067,0.280199252801993,-0.056913282057814,"G1",0.848368522072937,8.61212789764575,"Late SCPs","AGATAGAAGTGGGAAA_14",-10.3973510660301,0.117467008173362,NA
"AGCCAATAGCTAGATA_14",14490,2848.75455760004,1486,0.5819592628516,-0.111687271589274,"G1",0.187140115163148,27.136449970248,"Late chromaffin cells","AGCCAATAGCTAGATA_14",-3.27358464375834,12.0983084362148,24.7683147002547
"ATACCGAAGTCACTCA_14",14490,2740.95620669996,1471,0.129032258064516,-0.0384668664207896,"G1",0.333973128598848,8.61212808480591,"Late SCPs","ATACCGAAGTCACTCA_14",-11.042937079824,0.675582371294394,NA
"ATCCGTCGTTGGGAAC_14",14490,2337.4964958,1013,0.475812846946868,0.0184803756530767,"S",0.207293666026871,27.1084082977803,"Late chromaffin cells","ATCCGTCGTTGGGAAC_14",-3.22476843968729,12.2078245800136,24.801283468603
"ATTCTTGCATGATCTG_14",14490,2126.45051259998,896,0.429553264604811,-0.0952554007211518,"G1",0.167946257197697,30.0668268164568,"Late neuroblasts","ATTCTTGCATGATCTG_14",3.88390227183004,-7.43761552160989,NA
"CAAGACTGTAACATCC_14",14490,2437.38250270001,1131,0.260078023407022,0.241921368677172,"S",0.837811900191939,7.81448346370504,"Late SCPs","CAAGACTGTAACATCC_14",-9.19917754308084,-0.0469871837497797,NA
"CATCCACGTACACGTT_14",14490,3311.9962948999,2024,0.28957528957529,0.0760039771881543,"S",0.171785028790787,27.1105991229203,"Late neuroblasts","CATCCACGTACACGTT_14",3.22274156435629,-9.81309998816262,NA
"CATGCAACAGGCGAAT_14",14490,2456.594335,1172,0.982658959537572,-0.0334387140545741,"G1",0.237044145873321,27.2001478924769,"Late chromaffin cells","CATGCAACAGGCGAAT_14",-2.82699636594156,12.1198481243252,24.4370669910604
"CATTGCCCACAGAAGC_14",14490,3144.75104619995,1848,0.237933378653977,-0.0790987899419317,"G1",0.856046065259117,8.73283818452705,"Late SCPs","CATTGCCCACAGAAGC_14",-10.5502498544822,0.678416572153464,NA
"CCAATGACAACCAACT_14",14490,2754.41491550002,1457,0.178015131286159,-0.0931125334879519,"G1",0.406909788867562,8.63075757540894,"Late SCPs","CCAATGACAACCAACT_14",-10.5862586893211,0.607826321959392,NA
"CCCATTGTCGGAATGG_14",14490,2401.4828274,1127,0.86473131562693,0.0126404778101784,"S",0.0959692898272553,31.7243743867378,"Late neuroblasts","CCCATTGTCGGAATGG_14",3.76082249506613,-8.94956601446877,NA
"CCGGGTACAGTATGAA_14",14490,3115.69375719995,1893,0.628306878306878,-0.0945007023720276,"G1",0.536468330134357,6.91121812194044,"Bridge","CCGGGTACAGTATGAA_14",0.380763610445461,1.93113028222312,10.9147177925793
"CCGTGAGTCTTCCCAG_14",14490,2959.91177549996,1628,0.498338870431894,-0.0559495428822742,"G1",0.570057581573896,8.43462215992444,"Late SCPs","CCGTGAGTCTTCCCAG_14",-9.65239504948954,0.298065982401267,NA
"CCTCTAGAGGCATGCA_14",14490,3062.34570369992,1775,0.282985496993279,0.0293710244671889,"S",0.457773512476008,27.0942180403983,"Late chromaffin cells","CCTCTAGAGGCATGCA_14",-3.46934179440836,12.1137818019985,24.9284345762565
"CCTCTAGTCTCGGGAC_14",14490,2681.47155599998,1366,0.399400898652022,-0.0487742787903035,"G1",0.192898272552783,27.4371536408988,"Late chromaffin cells","CCTCTAGTCTCGGGAC_14",-3.48235706464151,12.2212361019253,25.0075097526575
"CCTTTGGGTTCTGACA_14",14490,3336.81169349992,2112,0.169539417914665,-0.0584837165671791,"G1",0.888675623800384,7.63264676621954,"Late SCPs","CCTTTGGGTTCTGACA_14",-9.37143592015604,-0.0239626247287836,NA
"CGAGGCTCACGTATAC_14",14490,3193.54896969993,1946,0.249532127261385,-0.0464780073676806,"G1",0.862763915547025,7.61319682870359,"Late SCPs","CGAGGCTCACGTATAC_14",-9.55965499059061,-0.244596906364068,NA
"CGATGCGAGGCCATAG_14",14490,2069.54138750004,880,0.653061224489796,0.0109604237912986,"S",0.583493282149712,8.61212845912623,"Late SCPs","CGATGCGAGGCCATAG_14",-11.1582048334251,0.354215837657348,NA
"CGTAGTAAGAATAACC_14",14490,2937.44938349996,1578,0.441696113074205,0.0122572128531696,"S",0.394433781190019,27.1305504424237,"Late chromaffin cells","CGTAGTAAGAATAACC_14",-3.33441762105326,12.0818833034634,24.8043717010654
"CGTCAAATCGTTACCC_14",14490,3041.0072701,1775,0.468131076701476,-0.0802297936593357,"G1",0.179462571976967,31.7243749482183,"Late neuroblasts","CGTCAAATCGTTACCC_14",4.04474945887228,-9.67478669470559,NA
"CGTGTCTGTATGCTAC_14",14490,2740.39478649995,1377,0.74468085106383,-0.0623611168354524,"G2M",0.821497120921305,8.61212883344655,"Late SCPs","CGTGTCTGTATGCTAC_14",-10.7940347589622,0.442308611810103,NA
"CTCAGTCAGCAGTAAT_14",14490,2433.88614619995,1126,0.445859872611465,-0.0322497875868709,"G2M",0.861804222648752,8.67473965748236,"Late SCPs","CTCAGTCAGCAGTAAT_14",-9.79353217259745,-0.00603563374291327,NA
"GAAGCCCGTAGCGTCC_14",14490,2831.6262867,1469,0.192400192400192,0.0539206866377995,"S",0.760076775431862,7.74355955834413,"Late SCPs","GAAGCCCGTAGCGTCC_14",-9.56840685979227,0.235563031971351,NA
"GAATCGTTCCAAGCAT_14",14490,3273.2048189001,2015,0.407268170426065,0.0996843278454167,"S",0.862763915547025,9.09230721999128,"Late SCPs","GAATCGTTCCAAGCAT_14",-9.85532836095194,0.231568567097083,NA
"GACCTTCCAATTCTCT_14",14490,2612.21561360001,1282,0.273373428102788,0.00434809918136468,"S",0.103646833013436,29.0281961548746,"Late neuroblasts","GACCTTCCAATTCTCT_14",3.18017741068502,-8.94479764288674,NA
"GAGACCCTCCGTCACT_14",14490,3352.24622610006,2172,0.436800436800437,-0.00883162871859293,"G1",0.32341650671785,30.9250784031168,"Late neuroblasts","GAGACCCTCCGTCACT_14",3.58403941019674,-8.52214444464455,NA
"GAGGGATAGGCCTGAA_14",14490,2647.16144150002,1304,0.774336283185841,-0.112194353505102,"G1",0.859884836852207,9.06036507581545,"Late SCPs","GAGGGATAGGCCTGAA_14",-9.85417632237772,0.194277904569999,NA
"GCGAGAACATCGTCCT_14",14490,2150.53548140003,915,0.641025641025641,-0.038357854206079,"G1",0.132437619961612,28.0062199955813,"Late neuroblasts","GCGAGAACATCGTCCT_14",2.0924353204598,-8.41220486944924,NA
"GGAGATGTCTTCTAAC_14",14490,2376.89727970003,1079,0.748808713410483,-0.0653457664226149,"G2M",0.27831094049904,27.184723055215,"Late chromaffin cells","GGAGATGTCTTCTAAC_14",-3.03405264989237,12.0893610637783,24.5782252672954
"GGCAGTCAGGGTATAT_14",14490,2583.1163063,1243,0.361663652802893,-0.102550430755252,"G1",0.163147792706334,31.7243766326597,"Late neuroblasts","GGCAGTCAGGGTATAT_14",3.6152169309487,-9.83411134070168,NA
"GGGCCATTCGCCAGTG_14",14490,2627.38087710002,1294,0.38716814159292,-0.0644184146995421,"G1",0.259117082533589,4.6998422061188,"Neuroblasts","GGGCCATTCGCCAGTG_14",-0.455357679545381,0.135089240610496,NA
"GGGTATTGTGTGGACA_14",14490,2887.7132521,1555,0.2210433244916,-0.0313253269342607,"G1",0.842610364683301,8.30623324230645,"Late SCPs","GGGTATTGTGTGGACA_14",-9.78587893620829,0.269612513124839,NA
"GTACAGTTCATCGCAA_14",14490,3231.40564580012,1935,0.101729399796541,-0.132830402270882,"G1",0.338771593090211,27.4237552295112,"Late chromaffin cells","GTACAGTTCATCGCAA_14",-3.1415346063743,12.3743046444057,24.8444845531229
"GTATTTCTCGATACGT_14",14490,2840.89585219991,1508,0.873161764705882,0.0400389621632881,"S",0.565259117082534,6.76842428299011,"Connecting progenitor cells","GTATTTCTCGATACGT_14",0.694453080736599,2.05892168694724,11.2833949404799
"GTGATGTAGGACGCTA_14",14490,3312.56234229989,2117,0.338600451467269,0.00568505165070138,"S",0.356046065259117,27.3280405457497,"Late chromaffin cells","GTGATGTAGGACGCTA_14",-3.45112685338358,12.4330309551357,25.1199423086072
"GTGGCGTCAGACGGAT_14",14490,2876.74326350005,1557,0.340280731603573,0.00608649787434952,"S",0.201535508637236,29.6315082453723,"Late neuroblasts","GTGGCGTCAGACGGAT_14",3.3152422510018,-8.5748177844883,NA
"GTTCGCTTCGGACTGC_14",14490,2926.56721440003,1607,0.420344682639765,-0.0147960456303441,"G1",0.880038387715931,8.61719357599027,"Late SCPs","GTTCGCTTCGGACTGC_14",-10.215318480886,-0.0171642381549921,NA
"TACCTCGTCTTTGCTA_14",14490,2968.09600900005,1668,0.228920259442961,-0.120466058142722,"G1",0.280230326295585,27.1439892869369,"Late chromaffin cells","TACCTCGTCTTTGCTA_14",-3.3732514776359,12.0208223980068,24.7948905519091
"TATTGGGGTAGACAGC_14",14490,3109.08408360005,1799,1.65170556552962,0.0587121051896894,"S",0.906909788867562,6.50087241320439,"Late SCPs","TATTGGGGTAGACAGC_14",-9.17956713811258,1.35112058335532,NA
"TCACATTTCAGACTGT_14",14490,3085.30688869991,1741,0.502706883217324,0.268738665081253,"S",0.847408829174664,8.88480586106308,"Late SCPs","TCACATTTCAGACTGT_14",-10.0114515222679,0.189589582025901,NA
"TCAGGGCTCATGCAGT_14",14490,3121.70603090004,1828,0.286841161706705,-0.015348176525257,"G1",0.807101727447217,8.61212958208718,"Late SCPs","TCAGGGCTCATGCAGT_14",-11.2212436594139,0.21844159775962,NA
"TCATTGTGTGTGGTCC_14",14490,3741.98966859985,2898,0.424478245489919,-0.0682990338276793,"G1",0.765834932821497,8.61212976924734,"Late SCPs","TCATTGTGTGTGGTCC_14",-11.1482589639793,0.608376411363378,NA
"TCGCTCATCTAAGCGT_14",14490,2686.02339499994,1366,0.346878097125867,0.0122817232777927,"S",0.867562380038388,7.66672401592688,"Late SCPs","TCGCTCATCTAAGCGT_14",-9.2660053171287,-0.139551408946618,NA
"TCTTCCTGTGAGTGAC_14",14490,3312.96738620009,2027,0.816193274567418,0.135133823228209,"S",0.808061420345489,7.64537780954376,"Late SCPs","TCTTCCTGTGAGTGAC_14",-9.31091097966532,-0.0992992002369013,NA
"TGCAGATGTTGACTGT_14",14490,2307.12400289999,1069,1.68612191958495,-0.0978312029424585,"G1",0.338771593090211,26.9584453579922,"Late chromaffin cells","TGCAGATGTTGACTGT_14",-3.01428059712748,11.8640373867153,24.417570691212
"TGCAGGCAGGCCCGTT_14",14490,2962.54342579995,1686,0.669892072943803,-0.0638708296035123,"G1",0.439539347408829,26.2200515812694,"Late chromaffin cells","TGCAGGCAGGCCCGTT_14",-2.21993354932169,11.3178776424526,23.4327233639175
"TGCGGGTGTCCGTACG_14",14490,3307.73769079988,2029,1.20177103099304,0.154553775351737,"S",0.852207293666027,9.14235438286705,"Late SCPs","TGCGGGTGTCCGTACG_14",-9.86522654668192,0.606248518094316,NA
"TGCTCGTGTCTTGAAC_14",14490,2924.73010089993,1606,0.121951219512195,0.045473575827514,"S",0.213051823416507,29.0281963420348,"Late neuroblasts","TGCTCGTGTCTTGAAC_14",2.8738188348641,-8.45937550848733,NA
"TGGATCACAAGACCGA_14",14490,3253.48684950005,1925,0.454863540937719,0.0429224128744349,"S",0.837811900191939,8.7659771005931,"Late SCPs","TGGATCACAAGACCGA_14",-10.0505006708274,0.103908083975211,NA
"TGGGCGTCACAACGCC_14",14490,2522.01883600001,1227,0.561797752808989,-0.0340526137832415,"G2M",0.849328214971209,7.84316268554748,"Late SCPs","TGGGCGTCACAACGCC_14",-9.19671134129862,-0.0130418021083918,NA
"TTACGTTAGGGAACAA_14",14490,2442.52452070001,1122,0.819112627986348,-0.00479087417770502,"G1",0.853166986564299,8.61213033072782,"Late SCPs","TTACGTTAGGGAACAA_14",-10.9380176462303,0.545382652073995,NA
"TTCCACGAGCTAAGTA_14",14490,2856.35018009997,1583,0.2710027100271,-0.0536234745741014,"G1",0.814779270633397,7.61319720302391,"Late SCPs","TTCCACGAGCTAAGTA_14",-9.34670237676004,-0.139051743209466,NA
"TTCTTCCAGTCTGGTT_14",14490,2263.41918600002,1003,0.655498907501821,-0.0419862305312099,"G1",0.243761996161228,27.100524289618,"Late chromaffin cells","TTCTTCCAGTCTGGTT_14",-2.86420921460489,11.7198313396572,24.2063775608924
"AAACGGGGTTTCCACC_15",14627,2202.9000265,986,0.0711743772241993,0.00301116327735609,"S",0.105566218809981,27.064216716428,"Late neuroblasts","AAACGGGGTTTCCACC_15",1.63927479609152,-8.80892194098245,NA
"AAAGCAACATCGACGC_15",14627,1896.12539110002,792,0.171969045571797,-0.0499193886746856,"G1",0.0211132437619962,24.9485524126951,"Late neuroblasts","AAAGCAACATCGACGC_15",0.127512236677608,-9.14964879339944,NA
"AACCGCGTCACTTACT_15",14627,2990.30682230003,1711,0.0378071833648393,0.163859852413053,"S",0.0786948176583493,10.0071873013632,"Late SCPs","AACCGCGTCACTTACT_15",-10.7950942911277,-0.526345737636193,NA
"AACTCCCGTTCCACAA_15",14627,2120.26725400001,941,0.0742942050520059,-0.063266737344631,"G2M",0.756238003838772,9.68595968555908,"Late SCPs","AACTCCCGTTCCACAA_15",-10.7489030756126,-1.14811218565713,NA
"AACTCTTCACCAGGTC_15",14627,1883.84415570001,762,0.0949667616334283,-0.0484535236405638,"G1",0.0220729366602687,26.0191704668264,"Late neuroblasts","AACTCTTCACCAGGTC_15",1.16318412645956,-9.36448777502786,NA
"AACTTTCCATCGATTG_15",14627,1928.04994139999,789,0.18450184501845,0.0150741479303366,"S",0.0268714011516315,24.7597834916603,"Late neuroblasts","AACTTTCCATCGATTG_15",0.449856718622646,-9.97979939764748,NA
"AAGACCTAGATTACCC_15",14627,1943.57952600004,821,0.0816326530612245,0.0110749930951461,"G2M",0.124760076775432,27.7247027096302,"Late neuroblasts","AAGACCTAGATTACCC_15",1.26001807078024,-8.18486989325295,NA
"AAGGAGCGTCTCGTTC_15",14627,2408.89064719998,1114,0.332667997338656,0.150256220628066,"S",0.679462571976967,9.68595987271924,"Late SCPs","AAGGAGCGTCTCGTTC_15",-10.7204196848045,-0.973242529094323,NA
"AAGGTTCGTATAGTAG_15",14627,2021.89190659997,839,0.179856115107914,-0.0037881968286918,"G1",0.403071017274472,9.6859600598794,"Late SCPs","AAGGTTCGTATAGTAG_15",-10.2524021066795,-0.865681894481286,NA
"AAGTCTGGTCCTAGCG_15",14627,1825.63742599999,751,0.0870322019147084,-0.035644618802415,"G2M",0.167946257197697,28.668425801108,"Late neuroblasts","AAGTCTGGTCCTAGCG_15",1.02090378626486,-10.002044804752,NA
"AAGTCTGTCACATACG_15",14627,3573.44484220012,2556,0.202794051374493,-0.0155817868191992,"G2M",0.18426103646833,27.10446039441,"Late neuroblasts","AAGTCTGTCACATACG_15",1.7094175420632,-9.78202641791116,NA
"AATCGGTAGCCCAATT_15",14627,2095.87022769996,955,0.068212824010914,-0.0097007144876172,"G1",0.820537428023033,9.68596024703956,"Late SCPs","AATCGGTAGCCCAATT_15",-10.9197566904197,-1.00342560595284,NA
"ACACCAATCAGGCCCA_15",14627,1924.27067609998,797,0.0876424189307625,0.0372487694551457,"S",0.0201535508637236,25.48828376206,"Late neuroblasts","ACACCAATCAGGCCCA_15",0.890865048014126,-9.13638318365823,NA
"ACACTGAGTTTGTTTC_15",14627,2267.3449268,1048,0,-0.0696642407569056,"G1",0.796545105566219,9.7235406711484,"Late SCPs","ACACTGAGTTTGTTTC_15",-10.658716956533,-0.802515991389855,NA
"ACCAGTATCTGATACG_15",14627,2904.24477319996,1659,0.0753863550697324,0.0386829100402626,"S",0.12763915547025,28.2425485132116,"Late neuroblasts","ACCAGTATCTGATACG_15",1.75242992266317,-11.0247546512486,NA
"ACCTTTAGTTAAGAAC_15",14627,2075.88248259997,900,0.0759878419452888,-0.00609319624288659,"G1",0.0681381957773513,25.0300788587824,"Late neuroblasts","ACCTTTAGTTAAGAAC_15",0.150890251242123,-10.0469542819859,NA
"ACGATGTAGAGGTACC_15",14627,2107.9180725,913,0.155038759689922,-0.0483131007247912,"G2M",0.0441458733205374,25.5349049293169,"Late chromaffin cells","ACGATGTAGAGGTACC_15",-2.87396268025736,9.66818606072654,23.0295430655373
"ACGATGTCAGTATGCT_15",14627,2335.4243688,1109,0,0.0302523589302868,"S",0.709213051823417,9.68596043419972,"Late SCPs","ACGATGTCAGTATGCT_15",-10.5710924066673,-0.980327494800195,NA
"ACGCCGACAGCCTGTG_15",14627,2127.47915980003,953,0.140056022408964,-0.0160103881596139,"G2M",0.0978886756238004,27.9276607968735,"Late neuroblasts","ACGCCGACAGCCTGTG_15",1.93038793429037,-8.4975816089512,NA
"ACGGGCTTCGAATCCA_15",14627,2093.70093329998,909,0.0786782061369001,-0.00158479076186555,"G1",0.0393474088291747,26.9270654080847,"Late neuroblasts","ACGGGCTTCGAATCCA_15",1.8911380372872,-9.61048043555032,NA
"ACGGGTCCACGAGGTA_15",14627,1896.09066709999,765,0,0.013427202383176,"S",0.0124760076775432,25.6194678505632,"Late neuroblasts","ACGGGTCCACGAGGTA_15",1.12176962717672,-8.98058236426125,NA
"ACTATCTGTACTTGAC_15",14627,2291.0568669,1063,0.130039011703511,0.14154514157601,"S",0.0211132437619962,25.684749322865,"Late neuroblasts","ACTATCTGTACTTGAC_15",0.355294724546871,-8.82515633887063,NA
"ACTGATGGTGCAGTAG_15",14627,3186.65161529992,2022,0.118448326917382,-0.0790612085008912,"G1",0.86468330134357,9.84722725194517,"Late SCPs","ACTGATGGTGCAGTAG_15",-10.7921207346092,-0.677148349940881,NA
"AGAGCTTAGATAGGAG_15",14627,2032.16002349999,853,0.171821305841924,-0.00163002488711052,"G1",0.222648752399232,25.2381619177139,"Late neuroblasts","AGAGCTTAGATAGGAG_15",0.503225346647701,-9.13194573706399,NA
"AGCATACAGACTAGAT_15",14627,2002.77185020001,833,0.087719298245614,0.0892517747867823,"S",0.0191938579654511,25.4619000517986,"Late neuroblasts","AGCATACAGACTAGAT_15",0.86362357958456,-9.09452069586526,NA
"AGCGGTCCAAAGGTGC_15",14627,1928.23850580002,782,0.191204588910134,-0.0500822332946593,"G2M",0.0153550863723608,26.9891301130725,"Late neuroblasts","AGCGGTCCAAAGGTGC_15",1.64093871935507,-9.52817452734719,NA
"AGCTCCTGTTGAGTTC_15",14627,2793.38891669993,1521,0.0431778929188256,0.0312414716465979,"S",0.82341650671785,9.6859609956802,"Late SCPs","AGCTCCTGTTGAGTTC_15",-10.6103685297141,-1.12222755736123,NA
"ATCCGAAGTCTTTCAT_15",14627,2401.33946790005,1191,0.105876124933827,-0.0090565235942319,"G1",0.168905950095969,28.6211337505547,"Late neuroblasts","ATCCGAAGTCTTTCAT_15",0.459884723268947,-10.3223096210362,NA
"ATGTGTGCAGTCTTCC_15",14627,2488.66685640004,1269,0.100502512562814,-0.0806956643098953,"G1",0.204414587332054,25.3162085050114,"Late chromaffin cells","ATGTGTGCAGTCTTCC_15",-2.5715473093162,10.4664438884853,23.2199275917705
"ATTACTCAGACGCTTT_15",14627,1803.99112779998,725,0.288461538461538,0.00352212220757051,"S",0.0479846449136276,24.759785550422,"Late neuroblasts","ATTACTCAGACGCTTT_15",0.367316027723751,-9.71674931830178,NA
"ATTCTACTCGTACGGC_15",14627,1976.81923309999,822,0.175901495162709,-0.0356278648350331,"G2M",0.0268714011516315,24.9160242927242,"Late neuroblasts","ATTCTACTCGTACGGC_15",0.272546371065578,-10.2084075290562,NA
"ATTGGTGAGTTAACGA_15",14627,1910.08817670001,778,0.0925069380203515,0.0131935002732265,"S",0.04510556621881,28.5477277246579,"Late neuroblasts","ATTGGTGAGTTAACGA_15",0.590875705324612,-10.3614188510777,NA
"CAACCAAAGGAATTAC_15",14627,1816.262568,727,0.0938086303939962,-0.0550407349172142,"G2M",0.00863723608445298,27.8471255292547,"Late neuroblasts","CAACCAAAGGAATTAC_15",1.38073452337881,-8.31545365637551,NA
"CAAGATCAGAAGCCCA_15",14627,1967.65593930001,804,0.185356811862836,-0.0562600874168273,"G2M",0.053742802303263,24.7597859247424,"Late neuroblasts","CAAGATCAGAAGCCCA_15",0.564761599146328,-9.9224215824009,NA
"CAAGTTGGTAAAGTCA_15",14627,2541.62265399995,1279,0.105429625724829,-0.024043481704464,"G1",0.173704414587332,25.6892561796296,"Late chromaffin cells","CAAGTTGGTAAAGTCA_15",-3.20704321042398,9.95664297753562,23.4211874533025
"CACAAACGTATATGAG_15",14627,2065.21576310004,900,0.078740157480315,0.06037433646371,"S",0.0710172744721689,24.0332322827188,"Late neuroblasts","CACAAACGTATATGAG_15",-0.389567921317616,-8.81124318426858,NA
"CACACCTTCACTTCAT_15",14627,2061.18359270002,892,0.0797448165869219,0.0155665090259009,"S",0.0470249520153551,25.9985449269997,"Late neuroblasts","CACACCTTCACTTCAT_15",0.695546587549648,-10.0503140766026,NA
"CACAGTATCTTTAGGG_15",14627,1874.21691369999,754,0,-0.0427907637646118,"G2M",0.0211132437619962,24.2162074007655,"Late neuroblasts","CACAGTATCTTTAGGG_15",-0.219379837072888,-9.07611478155862,NA
"CAGAGAGTCTCGATGA_15",14627,2375.79505139997,1141,0.232693426410704,-0.0518302183357348,"G1",0.154510556621881,28.3661494982372,"Late neuroblasts","CAGAGAGTCTCGATGA_15",1.02071340902945,-10.4580413181187,NA
"CAGCAGCAGTGGGATC_15",14627,2248.09697549999,1010,0.0715307582260372,0.000339493373129857,"G2M",0.110364683301344,27.256826493151,"Late neuroblasts","CAGCAGCAGTGGGATC_15",1.90306540354391,-9.22948277777444,NA
"CAGCTAATCTCTTGAT_15",14627,2015.89386359996,852,0.0829875518672199,-0.0463805434746335,"G2M",0.0287907869481766,24.3990274948548,"Late neuroblasts","CAGCTAATCTCTTGAT_15",0.00946419461866366,-9.85695756262551,NA
"CATCAGAAGAGTTGGC_15",14627,4835.37397306,6559,0.225363654988732,-0.0518640290825275,"G1",0.78214971209213,9.80120115990652,"Late SCPs","CATCAGAAGAGTTGGC_15",-11.0011184610496,-0.706509359538659,NA
"CATGACAAGGGCTTCC_15",14627,2117.60640930002,929,0.0736377025036819,-0.00100112185636272,"G2M",0.239923224568138,25.3943933355463,"Late neuroblasts","CATGACAAGGGCTTCC_15",0.962002714716396,-8.34652055090676,NA
"CATTATCCATAGACTC_15",14627,2145.77568850003,948,0.144822592324403,0.127229898328471,"S",0.129558541266795,28.0179818649586,"Late neuroblasts","CATTATCCATAGACTC_15",1.27420230730673,-8.44142449682961,NA
"CCAATCCTCTGCGGCA_15",14627,1857.37572559999,753,0.191387559808612,0.0185710090013847,"S",0.00191938579654511,24.1353763523762,"Late neuroblasts","CCAATCCTCTGCGGCA_15",-0.345662618435421,-8.99728883093606,NA
"CCATGTCAGACAAGCC_15",14627,2012.23419219999,840,0,0.0561056933104879,"S",0.191938579654511,25.4157251945722,"Late neuroblasts","CCATGTCAGACAAGCC_15",0.885406812273464,-8.75640977209817,NA
"CCTACACGTAAGAGGA_15",14627,1876.33215139998,769,0.0892857142857143,0.056387678198535,"G2M",0.119961612284069,26.2367200142418,"Late neuroblasts","CCTACACGTAAGAGGA_15",1.37033768519064,-9.73822511023293,NA
"CCTTCCCTCCGGGTGT_15",14627,1885.57319999998,790,0.0832639467110741,0.0666378161098341,"S",0.0671785028790787,26.2162472271565,"Late neuroblasts","CCTTCCCTCCGGGTGT_15",1.3929017387261,-9.2518540698887,NA
"CGAACATAGTACGTTC_15",14627,2434.60462040002,1146,0.673194614443084,-0.0259562937245207,"G1",0.169865642994242,27.0060440907931,"Late neuroblasts","CGAACATAGTACGTTC_15",1.79741831644674,-8.91894448584329,NA
"CGACCTTGTTAAGACA_15",14627,2625.35061429999,1336,0.0510464522715671,0.0920023500438914,"S",0.13147792706334,25.9985454884801,"Late neuroblasts","CGACCTTGTTAAGACA_15",0.928442319475612,-9.95395863837014,NA
"CGGACTGCAGGTCTCG_15",14627,1948.01761769999,800,0.091743119266055,0.0135856377647126,"G2M",0.0998080614203455,28.4496749174912,"Late neuroblasts","CGGACTGCAGGTCTCG_15",1.15515991076132,-10.4450589496494,NA
"CGTCCATTCGAATGGG_15",14627,1889.80248659997,754,0,-0.0324955275726203,"G1",0.000959692898272553,24.3990282434955,"Late neuroblasts","CGTCCATTCGAATGGG_15",-0.20039630905489,-9.31212437933694,NA
"CGTGAGCCACACATGT_15",14627,1857.35840920003,751,0.0951474785918173,0.0800901723641959,"S",0.0614203454894434,25.5349053036373,"Late chromaffin cells","CGTGAGCCACACATGT_15",-2.834507266439,9.57676970177878,22.9707884760316
"CGTGAGCTCATAACCG_15",14627,2026.27800249998,886,0.0769230769230769,-0.00108123614646868,"G2M",0.172744721689059,25.6185509134857,"Late chromaffin cells","CGTGAGCTCATAACCG_15",-2.87632683888773,10.0583065670132,23.2325616066849
"CGTTAGAAGAGCTATA_15",14627,1949.14761279999,789,0,-0.0443291378471705,"G1",0.108445297504798,25.5362945998608,"Late chromaffin cells","CGTTAGAAGAGCTATA_15",-3.05191640035013,10.0160483043789,23.3513774217762
"CGTTAGATCTCCTATA_15",14627,2143.01166679998,947,0,0.00481059262480428,"S",0.27063339731286,24.5879210357804,"Late chromaffin cells","CGTTAGATCTCCTATA_15",-2.48892263547281,10.380635134518,23.1123747637373
"CTAACTTCATCGACGC_15",14627,2544.97516209994,1302,0.148662041625372,0.021978686277438,"G2M",0.0479846449136276,26.9781458218935,"Late neuroblasts","CTAACTTCATCGACGC_15",1.5248540244927,-9.65468324011575,NA
"CTAGTGATCGCAAGCC_15",14627,2456.19112249999,1160,0.251889168765743,-0.0736994565789116,"G1",0.205374280230326,9.68596249296147,"Late SCPs","CTAGTGATCGCAAGCC_15",-10.2738626398216,-0.866417177379235,NA
"CTCCTAGGTTCAGGCC_15",14627,3388.87883919988,2299,0.0527148128624143,0.048962176711403,"G2M",0.152591170825336,9.7062917636211,"Late SCPs","CTCCTAGGTTCAGGCC_15",-10.857242385305,-0.805483229816064,NA
"CTCGAAACATCACGTA_15",14627,2158.9373967,967,0,-0.0664519413453558,"G2M",0.142034548944338,26.1503188183672,"Late neuroblasts","CTCGAAACATCACGTA_15",1.26982947214743,-9.78543675726662,NA
"CTGAAACTCGCTTGTC_15",14627,2509.67436109995,1228,0,-0.0205954920931491,"G1",0.553742802303263,9.68596305444195,"Late SCPs","CTGAAACTCGCTTGTC_15",-11.202155867971,-1.01610410994302,NA
"CTTACCGAGAGGTAGA_15",14627,2155.0693524,966,0.0715307582260372,-0.000598268886957999,"G2M",0.0345489443378119,24.2444205281822,"Late neuroblasts","CTTACCGAGAGGTAGA_15",-0.146230945743122,-9.10200703924905,NA
"CTTTGCGAGCACAGGT_15",14627,2152.41153379999,967,0.068259385665529,-0.00507251492925189,"G1",0.0345489443378119,27.2627691947003,"Late neuroblasts","CTTTGCGAGCACAGGT_15",2.1318926416268,-9.40620816534768,NA
"GACGCGTCACCGAATT_15",14627,2751.38067590001,1481,0.0431406384814495,0.0129832591359708,"G2M",0.419385796545106,24.3661298236796,"Late chromaffin cells","GACGCGTCACCGAATT_15",-2.12731663361887,10.4298943203091,22.8461509572775
"GACTACATCCGCGCAA_15",14627,2178.91467639996,984,0,-0.0852180692106159,"G2M",0.818618042226487,9.68596324160211,"Late SCPs","GACTACATCCGCGCAA_15",-10.4815166391502,-0.935646064937219,NA
"GACTGCGTCCAGGGCT_15",14627,1978.88389450003,808,0,0.129151222279049,"S",0.00863723608445298,27.1731068862574,"Late neuroblasts","GACTGCGTCCAGGGCT_15",2.45986338480612,-9.86198628729592,NA
"GATGCTACAAGACGTG_15",14627,1868.29859170001,747,0.194174757281553,-0.0553313048721313,"G1",0.18042226487524,25.5987483571511,"Late neuroblasts","GATGCTACAAGACGTG_15",1.07811852320333,-9.03257287329446,NA
"GCAAACTGTCAACTGT_15",14627,1946.59355499998,810,0.087260034904014,0.0602302414832882,"S",0.0489443378119002,24.1939462250344,"Late neuroblasts","GCAAACTGTCAACTGT_15",0.0768333278526877,-9.03594411200295,NA
"GCAATCATCACAACGT_15",14627,2185.79654359998,994,0.338066260987153,0.0520517262973009,"S",0.123800383877159,25.6380471163208,"Late chromaffin cells","GCAATCATCACAACGT_15",-3.16186813489298,9.3060654323696,23.0636438916395
"GCATGCGCATCCTTGC_15",14627,1837.96926010001,748,0,0.121954616167482,"S",0.849328214971209,9.85743533270737,"Late SCPs","GCATGCGCATCCTTGC_15",-10.5870263971458,-0.681249030292138,NA
"GCGCAACAGCGAAGGG_15",14627,2104.23000420002,905,0.0808407437348424,-0.00100263988996021,"G2M",0.133397312859885,24.7597872348635,"Late neuroblasts","GCGCAACAGCGAAGGG_15",0.613722284876308,-9.87442506140481,NA
"GCGCAACTCGGAAATA_15",14627,1866.91047399999,763,0.0914913083257091,0.0666365764113084,"S",0.189059500959693,25.4709893698601,"Late neuroblasts","GCGCAACTCGGAAATA_15",1.03991969450613,-8.47251237219582,NA
"GCGCAGTCATGTAAGA_15",14627,2338.56586539999,1114,0.0598802395209581,-0.054361613234855,"G1",0.0690978886756238,25.4189838469703,"Late neuroblasts","GCGCAGTCATGTAAGA_15",0.770168860994778,-8.61332619971047,NA
"GCTGCTTCACGACGAA_15",14627,2167.33229400003,958,0.151057401812689,-0.00374269821546119,"G1",0.261036468330134,24.503336892128,"Late chromaffin cells","GCTGCTTCACGACGAA_15",-2.41355590001444,10.1808565776943,22.9493102409626
"GCTGCTTGTCAATACC_15",14627,2031.88871180002,869,0.320256204963971,0.00723360410220581,"S",0.145873320537428,25.3975807028798,"Late neuroblasts","GCTGCTTGTCAATACC_15",0.782849391542873,-8.77158845251809,NA
"GGAATAACATTAACCG_15",14627,2190.80510240001,984,0.699300699300699,0.049765243553659,"S",0.00959692898272553,25.0184585417603,"Late neuroblasts","GGAATAACATTAACCG_15",0.0791949830879782,-9.29160130804788,NA
"GGATGTTGTCGGGTCT_15",14627,1935.65579759999,813,0.171086398631309,0.244679459483188,"S",0.081573896353167,24.0700997352641,"Late neuroblasts","GGATGTTGTCGGGTCT_15",-0.147828499234715,-8.80159676855813,NA
"GGATTACTCAATCTCT_15",14627,2551.64008569998,1335,0.0458295142071494,0.0216307789293099,"S",0.215930902111324,28.0267494352791,"Late neuroblasts","GGATTACTCAATCTCT_15",2.15837403162619,-8.55214322394143,NA
"GGATTACTCACTTACT_15",14627,2692.12967830008,1404,0,-0.0288992567329348,"G1",0.465451055662188,8.72720305682271,"Late SCPs","GGATTACTCACTTACT_15",-10.0477903284202,0.0570360940097723,NA
"GGCAATTGTAGTACCT_15",14627,2826.58150419996,1601,0.0376222723852521,-0.0293384936021867,"G1",0.206333973128599,27.0152140542382,"Late neuroblasts","GGCAATTGTAGTACCT_15",2.52321883066793,-9.47840798681985,NA
"GGCGACTTCGCTTAGA_15",14627,2125.25327809999,933,0,-0.0541780745420993,"G1",0.0652591170825336,28.6684284213502,"Late neuroblasts","GGCGACTTCGCTTAGA_15",1.04074378832479,-9.9581824619175,NA
"GGGAATGGTCATCGGC_15",14627,2114.31833930001,937,0.216606498194946,-0.00100069434741192,"G2M",0.0930902111324376,25.9985467986013,"Late neuroblasts","GGGAATGGTCATCGGC_15",1.09330757483145,-9.47769654577981,NA
"GGGAATGGTCGATTGT_15",14627,2557.14480190006,1298,0.0504540867810293,0.022544584461333,"S",0.170825335892514,27.027024531884,"Late neuroblasts","GGGAATGGTCGATTGT_15",1.96169992312094,-9.06829846686135,NA
"GGGAGATGTGCGGTAA_15",14627,2239.41719559999,1067,0,-0.0198943386119836,"G1",0.482725527831094,9.69619271894737,"Late SCPs","GGGAGATGTGCGGTAA_15",-10.5856779016624,-0.833145983874902,NA
"GGGTTGCCATTTCACT_15",14627,3566.20554839994,2740,0,0.103427838334822,"S",0.268714011516315,27.2073201391729,"Late neuroblasts","GGGTTGCCATTTCACT_15",2.0052361093392,-9.88813031500588,NA
"GTAACTGTCGAGAGCA_15",14627,2085.07498660004,906,0.0781860828772478,-0.0466833144160128,"G2M",0.0374280230326296,25.6508774891282,"Late neuroblasts","GTAACTGTCGAGAGCA_15",0.501705130182705,-8.91059411352883,NA
"GTCAAGTGTTAAGAAC_15",14627,2023.26096700003,837,0.181159420289855,-0.0520018825983682,"G1",0.170825335892514,25.8041646793311,"Late chromaffin cells","GTCAAGTGTTAAGAAC_15",-3.44786337987284,9.86725794488181,23.5387754546241
"GTCCTCATCATTATCC_15",14627,2106.26215539998,928,0,-0.0417895934264666,"G2M",0.0978886756238004,28.633587891234,"Late neuroblasts","GTCCTCATCATTATCC_15",1.16922255381247,-10.298582204044,NA
"GTCTCGTTCCGTTGCT_15",14627,1995.7834326,847,0.0823045267489712,-0.0508940945870591,"G1",0.148752399232246,27.0876318923402,"Late neuroblasts","GTCTCGTTCCGTTGCT_15",1.33518930300375,-8.66881478613625,NA
"GTGCAGCCACAGGCCT_15",14627,1898.79693710001,769,0.0942507068803016,-0.045730780083478,"G1",0.113243761996161,24.9491518128432,"Late neuroblasts","GTGCAGCCACAGGCCT_15",0.216010054193935,-9.96692574805032,NA
"GTGGGTCCATTGTGCA_15",14627,1997.48363380001,859,0,-0.00580258781973525,"G2M",0.241842610364683,24.5781048618374,"Late chromaffin cells","GTGGGTCCATTGTGCA_15",-2.47854785100321,10.362197748959,23.0934208816078
"GTTACAGTCATCACCC_15",14627,1881.30572340003,773,0.0897666068222621,0.0233180897543387,"G2M",0.0268714011516315,24.8987138267197,"Late neuroblasts","GTTACAGTCATCACCC_15",0.196321030699215,-9.36382401770364,NA
"TAAGCGTCACCAGTTA_15",14627,2443.51087469995,1197,0,0.0312905230800774,"S",0.0374280230326296,27.2365797434557,"Late neuroblasts","TAAGCGTCACCAGTTA_15",1.50756367071768,-9.93002141302834,NA
"TACCTATCATCAGTCA_15",14627,2193.68811040001,1006,0.19907100199071,0.166657056362197,"S",0.115163147792706,26.0217533993871,"Late neuroblasts","TACCTATCATCAGTCA_15",0.828050454699001,-9.3616362888218,NA
"TACGGTAAGGGAGTAA_15",14627,2366.48884930005,1092,0.065402223675605,-0.0641478089928666,"G1",0.661228406909789,9.68596399024275,"Late SCPs","TACGGTAAGGGAGTAA_15",-10.5243623651634,-0.855673201739892,NA
"TACGGTAGTGTGAAAT_15",14627,2179.22218980002,961,0,-0.0103536438800057,"G2M",0.18809980806142,26.0250091351259,"Late neuroblasts","TACGGTAGTGTGAAAT_15",0.875878890596828,-9.35099519079934,NA
"TACTTGTCAGCTCGCA_15",14627,1888.30953860001,790,0.175438596491228,0.0603570252264087,"S",0.0105566218809981,24.0496480046678,"Late neuroblasts","TACTTGTCAGCTCGCA_15",-0.302368739999333,-8.90380204504739,NA
"TAGACCATCTGGCGAC_15",14627,1909.26677640003,784,0.0911577028258888,0.125041159309186,"S",0.240882917466411,9.68596436456307,"Late SCPs","TAGACCATCTGGCGAC_15",-10.6424405969749,-1.05971480196725,NA
"TAGAGCTAGTATCTCG_15",14627,2028.41367990001,862,0.0815660685154976,-0.0537883827237932,"G1",0.132437619961612,25.8906666750574,"Late chromaffin cells","TAGAGCTAGTATCTCG_15",-2.91522983685831,10.2989014309048,23.3889502481303
"TAGTTGGGTATAATGG_15",14627,2036.15956640003,854,0.174825174825175,-0.0552787949410445,"G1",0.320537428023033,9.68596473888339,"Late SCPs","TAGTTGGGTATAATGG_15",-10.9351394571433,-0.965289600551232,NA
"TATCAGGAGTACGCCC_15",14627,3173.99891640006,2026,0.087463556851312,-0.0262079753321493,"G1",0.175623800383877,26.9379497328278,"Late neuroblasts","TATCAGGAGTACGCCC_15",1.82207055910727,-9.6200476962925,NA
"TATCAGGCAGCTCCGA_15",14627,1903.67921149998,786,0,0.022817745133519,"G2M",0.0556621880998081,25.6215131249428,"Late neuroblasts","TATCAGGCAGCTCCGA_15",1.12834413870474,-8.98067010229836,NA
"TATCAGGGTGCAGACA_15",14627,2119.09583930002,960,0.138312586445367,-0.000638227143796348,"G2M",0.09021113243762,9.68596492604355,"Late SCPs","TATCAGGGTGCAGACA_15",-10.2634189523826,-1.08307159727822,NA
"TCCCGATGTATCACCA_15",14627,1777.35437479999,717,0,0.0124009970791593,"S",0.0239923224568138,25.6215134992631,"Late neuroblasts","TCCCGATGTATCACCA_15",1.22025712355276,-8.89103997534524,NA
"TCTCATATCGATCCCT_15",14627,1912.26271089999,798,0.08424599831508,-0.065278938782268,"G1",0.00383877159309021,26.3968283236031,"Late neuroblasts","TCTCATATCGATCCCT_15",1.50559826716085,-9.31904233282815,NA
"TCTCATATCTTCCTTC_15",14627,3127.08983679996,2000,0.229753015508329,-0.0310589755243129,"G1",0.196737044145873,28.3474933211063,"Late neuroblasts","TCTCATATCTTCCTTC_15",2.24760337694784,-11.5227357227207,NA
"TCTGGAAGTCGACTGC_15",14627,2091.5450504,947,0.0695410292072323,0.159606250916952,"S",0.443378119001919,9.6859651132037,"Late SCPs","TCTGGAAGTCGACTGC_15",-10.5116355814109,-1.00358796900521,NA
"TCTTCGGAGTAACCCT_15",14627,1853.44948670001,787,0.0837520938023451,-0.0529906664665157,"G1",0.486564299424184,9.68596530036386,"Late SCPs","TCTTCGGAGTAACCCT_15",-10.2741039194236,-0.904592402637109,NA
"TCTTTCCAGCCCAATT_15",14627,2603.97213220004,1366,0.140121438580103,0.0724486861729509,"S",0.13915547024952,28.3090617094732,"Late neuroblasts","TCTTTCCAGCCCAATT_15",1.72687216623922,-10.8005744296909,NA
"TGACGGCGTTGTTTGG_15",14627,2412.68723860005,1158,0,-0.0120906146657225,"G1",0.142034548944338,27.0876324538206,"Late neuroblasts","TGACGGCGTTGTTTGG_15",1.60776205881735,-8.72163117712747,NA
"TGAGGGATCCCTAACC_15",14627,2564.38191729997,1332,0.1953125,0.0637460078601691,"S",0.0873320537428023,25.4251233406115,"Late neuroblasts","TGAGGGATCCCTAACC_15",0.858299573503933,-8.9116793949009,NA
"TGCTGCTCAGACGCAA_15",14627,2213.31886439996,1025,0.0636942675159236,-0.0546861480917728,"G2M",0.293666026871401,25.2787136751558,"Late chromaffin cells","TGCTGCTCAGACGCAA_15",-3.02745513097147,10.6193150203823,23.6592783044053
"TGGCTGGAGGCCCTTG_15",14627,2350.55075780004,1117,0,0.0306637956089615,"S",0.822456813819578,9.79281982033831,"Late SCPs","TGGCTGGAGGCCCTTG_15",-10.6657922662864,-0.736817963779077,NA
"TGGGAAGAGATCTGAA_15",14627,1948.7976036,783,0.0980392156862745,-0.050976071485052,"G2M",0.0508637236084453,25.4320843628435,"Late neuroblasts","TGGGAAGAGATCTGAA_15",0.668292244516811,-9.39329827612649,NA
"TGTGGTAAGAGCTGGT_15",14627,2242.13547779998,989,0.147383935151069,0.0682036000721685,"S",0.0182341650671785,27.8294991900891,"Late neuroblasts","TGTGGTAAGAGCTGGT_15",1.58282442911764,-10.0249453861118,NA
"TGTGGTAAGGCGATAC_15",14627,2478.3467251,1271,0.14985014985015,-0.0150782752011178,"G1",0.0585412667946257,25.3853148660538,"Late neuroblasts","TGTGGTAAGGCGATAC_15",0.9099254213204,-8.38257230108987,NA
"TGTGTTTAGTTAAGTG_15",14627,2168.32070780004,961,0.146735143066764,-0.0783918224861508,"G1",0.82341650671785,9.94843887713542,"Late SCPs","TGTGTTTAGTTAAGTG_15",-10.0607965387473,-0.630749233424768,NA
"TGTGTTTTCCTTGACC_15",14627,2674.98350219997,1383,0.0501002004008016,0.24573803995758,"S",0.674664107485605,9.68596548752402,"Late SCPs","TGTGTTTTCCTTGACC_15",-11.024288932241,-1.06645358389626,NA
"TTAGGACAGAGATGAG_15",14627,2195.15595480003,976,0,-0.0180950468454199,"G2M",0.546065259117082,9.68596567468418,"Late SCPs","TTAGGACAGAGATGAG_15",-10.6404855646263,-1.03677333182107,NA
"TTCGAAGGTCGGCACT_15",14627,1911.7802274,776,0,-0.0589341209193155,"G2M",0.027831094049904,25.3592205547157,"Late neuroblasts","TTCGAAGGTCGGCACT_15",0.383624752603969,-9.16423047369729,NA
"TTCTTAGGTGTTAAGA_15",14627,2121.97878370004,948,0.693000693000693,-0.0396676994165487,"G1",0.158349328214971,28.5754235403359,"Late neuroblasts","TTCTTAGGTGTTAAGA_15",0.77007528170248,-10.5322190601231,NA
"TTGCCGTAGAAACCAT_15",14627,2450.49022680002,1245,0.156821745948772,0.069985192934138,"S",0.177543186180422,25.6299917033055,"Late chromaffin cells","TTGCCGTAGAAACCAT_15",-3.14569620267252,10.1030195873379,23.4585137578824
"TTGTAGGAGAGGACGG_15",14627,2109.85880460004,941,0.97020097020097,-0.0611254194471225,"G2M",0.54510556621881,9.68596586184434,"Late SCPs","TTGTAGGAGAGGACGG_15",-10.3988798059593,-1.11859930342446,NA
"TTTGCGCCAAACCTAC_15",14627,1796.79696990001,723,0.194363459669582,-0.0523223069580693,"G1",0.428982725527831,9.68596623616466,"Late SCPs","TTTGCGCCAAACCTAC_15",-10.3246629633079,-1.05808723753701,NA
"AAACCCAAGCGTTAGG_16",14707,3027.33250069995,1793,0.0323310701584222,-0.0278313991604859,"G2M",0.117082533589251,26.9590161894725,"Late neuroblasts","AAACCCAAGCGTTAGG_16",2.50641628130575,-9.2737513858677,NA
"AACTTCTAGCGTCAGA_16",14707,3294.38443209994,2076,0.407450523864959,-0.0576739397995291,"G1",0.835892514395393,8.61213051788798,"Late SCPs","AACTTCTAGCGTCAGA_16",-11.131560126699,-0.0224107581974116,NA
"AAGACAAAGGCTTTCA_16",14707,3465.59303380005,2315,0.456273764258555,0.00992413372415016,"S",0.49616122840691,8.657127591214,"Late SCPs","AAGACAAAGGCTTTCA_16",-10.0524461664329,-0.100043066203698,NA
"AAGCGAGTCATGCGGC_16",14707,3291.07792149993,2162,0.0252716704574172,0.0477868324472697,"S",0.178502879078695,26.9590165637928,"Late neuroblasts","AAGCGAGTCATGCGGC_16",2.75856729372641,-9.03180707281838,NA
"AAGGTAATCAGCGCGT_16",14707,2504.27693419996,1213,0.386526780784097,-0.0302559858833327,"G1",0.0738963531669866,26.9939721103184,"Late neuroblasts","AAGGTAATCAGCGCGT_16",2.73537870272299,-9.69028008764993,NA
"ACACAGTGTACGTTCA_16",14707,3165.97067859997,2004,0.0552028705492686,0.0131290805776541,"G2M",0.177543186180422,26.9590169381131,"Late neuroblasts","ACACAGTGTACGTTCA_16",2.76842947825094,-9.15200341528664,NA
"ACAGGGACAGGCACAA_16",14707,2719.42397950004,1419,0.227272727272727,0.0458579331784325,"S",0.110364683301344,28.5318938430735,"Late neuroblasts","ACAGGGACAGGCACAA_16",2.54253383501669,-8.19302953070413,NA
"ACCAACAGTGAGAGGG_16",14707,2884.81981369996,1609,0.193648334624322,0.0735691905309191,"S",0.393474088291747,28.6997165878613,"Late neuroblasts","ACCAACAGTGAGAGGG_16",2.6215941511025,-7.72111333197366,NA
"AGACAGGGTAGTAAGT_16",14707,3397.66285409996,2275,0.220372184133203,-0.0859340706166312,"G2M",0.731285988483685,9.37596402764497,"Late SCPs","AGACAGGGTAGTAAGT_16",-10.1221082605491,-0.419543274104699,NA
"ATACCTTCAGGAGACT_16",14707,4007.0167137001,3894,0.0782932080642004,0.0212593209290085,"S",0.415547024952015,28.769925127322,"Late neuroblasts","ATACCTTCAGGAGACT_16",2.53128357752462,-8.47035897558938,NA
"ATCATTCGTCGTCATA_16",14707,3037.87206369996,1787,0.100704934541793,-0.0270126777138318,"G1",0.22936660268714,28.661776738052,"Late neuroblasts","ATCATTCGTCGTCATA_16",2.48752470835348,-8.27610219305764,NA
"ATGACCAAGGAGAGTA_16",14707,2835.12209119998,1524,0.333194502290712,-0.0596556532200421,"G2M",0.926103646833013,9.30047131818532,"Late SCPs","ATGACCAAGGAGAGTA_16",-10.2223432459007,-0.40013784950982,NA
"ATTTCTGAGGGCATGT_16",14707,3358.65781190005,2127,0.199543899657925,-0.11431256205792,"G1",0.861804222648752,8.70772204759829,"Late SCPs","ATTTCTGAGGGCATGT_16",-9.86383799687723,-0.255018003642663,NA
"CACCAAAAGTGCTCGC_16",14707,4049.96839189006,3764,0.0682904620987935,-0.0883867667475368,"G1",0.504798464491363,24.6056810582441,"Late chromaffin cells","CACCAAAAGTGCTCGC_16",-2.43038336411814,10.6393469493984,23.2047466476821
"CATAAGCTCGATGGAG_16",14707,3978.80062646006,3735,0.087041671200087,-0.0884713020589404,"G1",0.519193857965451,26.1169649926265,"Late chromaffin cells","CATAAGCTCGATGGAG_16",-2.93650678769449,11.2307003658413,23.9546520540818
"CATCCACTCAGGGATG_16",14707,3116.3055987999,1852,0.097624471200781,-0.0384274020505373,"G2M",0.249520153550864,29.0963683272274,"Late neuroblasts","CATCCACTCAGGGATG_16",3.01060100420614,-7.96463216131936,NA
"CGCCAGAAGAAGCGAA_16",14707,3217.52219789989,1963,0.304599451720987,-0.112554796935338,"G1",0.889635316698656,9.61937946986669,"Late SCPs","CGCCAGAAGAAGCGAA_16",-9.91405753270487,-0.376553662479028,NA
"CTACGGGGTCATCACA_16",14707,3386.64741119989,2254,0.0732600732600733,-0.021884757481957,"G1",0.842610364683301,9.35372335040624,"Late SCPs","CTACGGGGTCATCACA_16",-10.0925949014793,-0.467954881847009,NA
"CTCCTTTAGGCCACTC_16",14707,3388.36649960009,2325,0.044612982377872,-0.0811172082419874,"G2M",0.277351247600768,26.959021429957,"Late neuroblasts","CTCCTTTAGGCCACTC_16",3.09534259661337,-9.50247968024026,NA
"CTCGAGGTCCATTCGC_16",14707,2712.26627490001,1420,0.176912870411322,-0.0843986239869811,"G1",0.795585412667946,10.0661651622495,"Late SCPs","CTCGAGGTCCATTCGC_16",-10.114886084951,-0.516292699039086,NA
"CTGTCGTTCGTGTCAA_16",14707,2885.86461399998,1596,0.159936025589764,-0.0141956831914431,"G1",0.12763915547025,26.9590218042773,"Late neuroblasts","CTGTCGTTCGTGTCAA_16",2.47542997225424,-8.76430238074075,NA
"CTTCTAAGTCACCGAC_16",14707,2604.9601692,1360,0.216169476869866,-0.0109394397728019,"G1",0.13915547024952,28.5323934031041,"Late neuroblasts","CTTCTAAGTCACCGAC_16",2.33152290209433,-7.89893925970803,NA
"GAAGTAATCAGTGCGC_16",14707,3553.89026659991,2541,0.103885310617079,-0.0949500050474,"G1",0.119961612284069,26.959022552918,"Late neuroblasts","GAAGTAATCAGTGCGC_16",2.71934553011557,-9.4643088657261,NA
"GACATCAGTATGGAAT_16",14707,3656.77053220013,2756,0.0897666068222621,-0.0897780910988044,"G1",0.103646833013436,26.9590227400781,"Late neuroblasts","GACATCAGTATGGAAT_16",2.7265381418099,-9.25269997900735,NA
"GAGAGGTAGGTCGCCT_16",14707,2884.11125750002,1653,0.104058272632674,-0.106175608451208,"G1",0.195777351247601,28.0995620339639,"Late neuroblasts","GAGAGGTAGGTCGCCT_16",2.04861517771383,-8.06444943732034,NA
"GAGGGATTCTCCGAAA_16",14707,2985.64767879994,1750,0.131276665572694,-0.00353118815852775,"G1",0.299424184261036,26.1521812714184,"Late chromaffin cells","GAGGGATTCTCCGAAA_16",-3.11938718930582,11.4520224254726,24.2351851980803
"GAGGGTAAGCAAGTGC_16",14707,2278.0463009,994,0.470219435736677,-0.0134629874441449,"G1",0.00767754318618042,25.5890516673018,"Late neuroblasts","GAGGGTAAGCAAGTGC_16",0.560785492502651,-9.02315629309426,NA
"GTAAGTCAGAAGATCT_16",14707,3104.80462280003,1919,0.200688073394495,-0.0724316385297765,"G1",0.260076775431862,26.9590238630391,"Late neuroblasts","GTAAGTCAGAAGATCT_16",2.66198488100668,-8.85204423254739,NA
"GTAGGTTCAACACGTT_16",14707,2741.91643320007,1461,0.174064403829417,-0.0755149208787902,"G1",0.120921305182342,28.6887161989946,"Late neuroblasts","GTAGGTTCAACACGTT_16",2.5896927915444,-7.74397672003518,NA
"GTGTGGCGTTTAGTCG_16",14707,3678.61651420004,3122,0.205733095597312,-0.0833452890380752,"G1",0.421305182341651,26.9590244245196,"Late neuroblasts","GTGTGGCGTTTAGTCG_16",2.51807900293966,-9.29693616217385,NA
"GTTGCTCTCAAGAAAC_16",14707,2979.50733360004,1739,0.268997982515131,0.0721213554584682,"S",0.22552783109405,28.9191690411457,"Late neuroblasts","GTTGCTCTCAAGAAAC_16",2.51207586153646,-7.91680348700295,NA
"TAATTCCTCAGACATC_16",14707,3520.13652739993,2412,0.259189443920829,0.0504910111756451,"S",0.881957773512476,8.61218050411938,"Late SCPs","TAATTCCTCAGACATC_16",-10.5211894907127,-0.205949493110284,NA
"TAGGGTTAGTGTCATC_16",14707,3058.92384829992,1807,0.1001001001001,-0.0376129179746027,"G1",0.165067178502879,28.8140663356446,"Late neuroblasts","TAGGGTTAGTGTCATC_16",2.72981663569113,-7.76424516028176,NA
"TCATTCAAGAATCTAG_16",14707,2895.23119770008,1617,0.153315446531238,-0.101936399871822,"G1",0.397312859884837,26.443425401839,"Late chromaffin cells","TCATTCAAGAATCTAG_16",-2.95308975354532,11.6360872905849,24.2225094321315
"TCGAAGTCAAGATCCT_16",14707,2996.75964489998,1701,0.111317254174397,-0.0951523779175599,"G1",0.0892514395393474,28.6400094844354,"Late neuroblasts","TCGAAGTCAAGATCCT_16",2.65922065600058,-8.4891005832554,NA
"TCGCACTCAATGGGTG_16",14707,3633.35341470002,2611,0.123839009287926,-0.0412219877077304,"G1",0.385796545105566,27.0947693127693,"Late chromaffin cells","TCGCACTCAATGGGTG_16",-3.70858983174662,11.9793623607754,25.0251858502713
"TCGGGACCACTTACAG_16",14707,3954.87096699988,3273,0.138717632552404,-0.014592128346554,"G1",0.576775431861804,8.61213070504814,"Late SCPs","TCGGGACCACTTACAG_16",-10.6362855829368,0.332879058658973,NA
"TGCATCCGTTGCCGAC_16",14707,3303.47171369987,2108,0.16551724137931,-0.0393586481340017,"G1",0.272552783109405,26.0690168651252,"Late chromaffin cells","TGCATCCGTTGCCGAC_16",-2.97911767140726,11.3062456768154,24.0351138308328
"TGGGAAGAGCCATATC_16",14707,2998.82303550002,1877,0.110223201984018,0.0119540747776309,"S",0.480806142034549,24.0342232098922,"Late chromaffin cells","TGGGAAGAGCCATATC_16",-1.87110177651743,10.4721268337368,22.6579256764402
"TGGTGATTCGATCCCT_16",14707,3310.91537810006,2319,0.101916021198532,0.0113973227606607,"S",0.192898272552783,29.0281972778356,"Late neuroblasts","TGGTGATTCGATCCCT_16",2.72865386828085,-8.30989850348245,NA
"TGTCCACGTTAAACAG_16",14707,3519.78237120007,2351,0.149365197908887,-0.0532674634466865,"G2M",0.865642994241843,8.74086355169408,"Late SCPs","TGTCCACGTTAAACAG_16",-10.100292006887,0.136646769583121,NA
"TTACCGCAGATGATTG_16",14707,3240.80735140009,2077,0.16008537886873,-0.0691577853367757,"G1",0.246641074856046,28.764366093978,"Late neuroblasts","TTACCGCAGATGATTG_16",2.64133902414938,-7.88918984717141,NA
"TTAGGCAAGACATCAA_16",14707,3576.40564149998,2508,0.111957008508733,-0.0278686948466562,"G1",0.86084452975048,9.42507506812088,"Late SCPs","TTAGGCAAGACATCAA_16",-10.1973436273704,-0.303414412200555,NA
"TTGTTCATCTCATTGT_16",14707,2091.91422559996,869,1.40845070422535,0.061826289264221,"G2M",0.0604606525911708,10.317600139052,"Bridge","TTGTTCATCTCATTGT_16",0.919299443804226,0.12742146068801,10.7810859336861
"AACCTGAGTTCTCCTG_17",14773,2353.85264319999,1089,0.19280205655527,-0.0166900637988564,"G1",0.354126679462572,25.2442898587312,"Late chromaffin cells","AACCTGAGTTCTCCTG_17",-2.62481145039896,10.662828318417,23.3706772369126
"AAGACTCTCTTTCGAT_17",14773,3078.56151909993,1776,0,-0.0273279992435517,"G1",0.825335892514395,8.6121308922083,"Late SCPs","AAGACTCTCTTTCGAT_17",-10.6181886591087,-0.00538963860283759,NA
"ACTGTGACATGTTCAG_17",14773,3157.5770624,1965,0.204618532592809,-0.0342909808652657,"G1",0.400191938579655,24.6113654198684,"Late chromaffin cells","ACTGTGACATGTTCAG_17",-2.44352583066324,10.629227511227,23.209616933312
"AGGGCCTGTCGAAGCA_17",14773,2248.37989449998,971,0.234741784037559,-0.0596134516236766,"G1",0.302303262955854,25.2856345476548,"Late chromaffin cells","AGGGCCTGTCGAAGCA_17",-2.56482223645548,10.645624033749,23.3180570686988
"AGGTAGGGTGGAGGTT_17",14773,2552.8641395,1223,0.174317257408483,-0.0794327024278884,"G1",0.847408829174664,8.70772223475845,"Late SCPs","AGGTAGGGTGGAGGTT_17",-9.75026110783915,-0.278813548743829,NA
"AGTTCGATCGAACACT_17",14773,2787.08454730001,1499,0.0847098686997035,0.231720985697312,"S",0.22168905950096,30.079008271489,"Late neuroblasts","AGTTCGATCGAACACT_17",3.52960916384359,-7.62943566626321,NA
"ATGGATCGTCGCACAC_17",14773,2577.89607170004,1281,0.320341697810998,-0.0761618556135916,"G1",0.557581573896353,5.09196741232872,"Neuroblasts","ATGGATCGTCGCACAC_17",-0.319084549702206,0.992840967714683,9.97334509056034
"ATTGGGTGTGGTCAAG_17",14773,2984.70643900006,1662,0.116504854368932,-0.101886701114142,"G1",0.863723608445297,8.70772242191861,"Late SCPs","ATTGGGTGTGGTCAAG_17",-9.79675749913553,-0.252838559806451,NA
"CACATGACATGGCCCA_17",14773,3092.60238989991,1952,0,0.113041817284912,"S",0.519193857965451,16.9533001146575,"Late chromaffin cells","CACATGACATGGCCCA_17",0.784336050592861,7.19588362389793,18.1087936291387
"CACGTTCCACAGAGCA_17",14773,3084.99444220003,1926,0.143760782058654,-0.0137044551775824,"G1",0.357965451055662,24.0216931334522,"Late chromaffin cells","CACGTTCCACAGAGCA_17",-1.80606547967295,10.3510130565761,22.5393914012429
"CAGCAATGTCATACCA_17",14773,2158.86701880001,933,0.382262996941896,-0.0631146709165274,"G1",0.156429942418426,25.4488367918463,"Late neuroblasts","CAGCAATGTCATACCA_17",1.03256209715506,-8.37821019476663,NA
"CCTACGTCAAGCTACT_17",14773,2046.20678659999,839,0.0914913083257091,-0.00543460668010686,"G1",0.017274472168906,25.177730833446,"Late chromaffin cells","CCTACGTCAAGCTACT_17",-2.78636626378397,10.4788016002773,23.3917575137393
"CGAGTTAAGGGCGAAG_17",14773,2391.77947159994,1070,0.216138328530259,-0.0483952331066429,"G1",0.392514395393474,8.70515047522967,"Late SCPs","CGAGTTAAGGGCGAAG_17",-9.80012587682108,-0.160308547675714,NA
"CGCAGGTGTAGCTGAG_17",14773,2186.60411430002,934,0.320256204963971,-0.00136643206225123,"G1",0.4021113243762,24.4702606128161,"Late chromaffin cells","CGCAGGTGTAGCTGAG_17",-2.29245225564341,10.3698319118618,22.9514458191626
"CTACTATTCAACCGAT_17",14773,3369.25690109992,2308,0.136177939173854,-0.0823833243661717,"G1",0.514395393474088,24.2102593180651,"Late chromaffin cells","CTACTATTCAACCGAT_17",-2.03485337869028,10.5114782970547,22.8160252656117
"CTATCCGGTCCTTGTC_17",14773,2924.99415800004,1591,0.170140365801786,-0.060656411099714,"G1",0.591170825335892,10.0160492607292,"Late SCPs","CTATCCGGTCCTTGTC_17",-10.1228635706077,-0.562944181621179,NA
"CTCCTTTCAATGAGCG_17",14773,2164.14971790002,905,0.341296928327645,-0.0231358027617717,"G2M",0.394433781190019,24.5245515130655,"Late chromaffin cells","CTCCTTTCAATGAGCG_17",-2.31327525750498,10.5783728283047,23.0785171706896
"CTGTATTGTGACATCT_17",14773,3151.05199969995,2045,0.155359917141378,-0.0673235386135221,"G1",0.376199616122841,24.2113479498948,"Late chromaffin cells","CTGTATTGTGACATCT_17",-2.01474455968241,10.4649084728359,22.7741916952882
"GAAGGACCAGGATTCT_17",14773,2179.62584560002,944,0.154083204930663,-0.0674731979393308,"G1",0.569097888675624,9.57995929538405,"Late SCPs","GAAGGACCAGGATTCT_17",-9.93230895177225,-0.397671707332238,NA
"GACCGTGAGACCTCCG_17",14773,3253.08811599996,2084,0.107497984412792,-0.0698020449380508,"G1",0.505758157389635,24.1066910072662,"Late chromaffin cells","GACCGTGAGACCTCCG_17",-1.94362477437357,10.4996575039028,22.7325314722411
"GAGTTTGAGACCATAA_17",14773,2048.7329601,829,0.187617260787992,-0.0119970998744664,"G1",0.279270633397313,26.1562965060643,"Late chromaffin cells","GAGTTTGAGACCATAA_17",-2.9217613138328,11.1606606166958,23.8993906315887
"GATGATCGTGTTAGCT_17",14773,2379.55616400004,1088,0,-0.0256380264656957,"G1",0.335892514395393,10.0123011361685,"Late SCPs","GATGATCGTGTTAGCT_17",-10.2541587747703,-0.557695277392968,NA
"GGGTGAAAGAGGACTC_17",14773,2207.5246186,952,0.468384074941452,0.0542512021066023,"S",0.781190019193858,1.42637639934501,"SCPs","GGGTGAAAGAGGACTC_17",-5.16584090367655,1.6383762281536,5.16498514576341
"GGTTGTAGTACCTAAC_17",14773,2704.6149452,1355,1.06553010122536,-0.0315634369733782,"G1",0.398272552783109,27.2001484539574,"Late chromaffin cells","GGTTGTAGTACCTAAC_17",-2.50163797513346,12.1360777538418,24.1876505511488
"GTCGAATTCAGTCACA_17",14773,2882.8456601,1536,0.12970168612192,-0.101201660156374,"G1",0.848368522072937,8.61213145368878,"Late SCPs","GTCGAATTCAGTCACA_17",-10.8568227686057,-0.0561601001621332,NA
"GTTGCGGAGCATGTTC_17",14773,2002.41377409998,818,0.0934579439252337,0.0106194263481769,"S",0.343570057581574,10.0306554072624,"Late SCPs","GTTGCGGAGCATGTTC_17",-10.4511001505027,-0.527248390376672,NA
"TACCGGGAGCTGTGCC_17",14773,2147.2106061,891,0,0.0073199293215197,"S",0.277351247600768,24.5076948219375,"Late chromaffin cells","TACCGGGAGCTGTGCC_17",-2.37786833421091,10.306494585812,22.9882400475344
"TCAAGTGGTTTCGTTT_17",14773,2899.76651409995,1614,0.0773096250483185,-0.0615300861156457,"G1",0.410748560460653,26.2636738675759,"Late chromaffin cells","TCAAGTGGTTTCGTTT_17",-3.18358401433329,11.5671662014126,24.3579487195107
"TCAATTCAGGATTCAA_17",14773,2425.97490919997,1150,0.179748352306771,0.118524518939714,"S",0.761996161228407,9.03271941530661,"Late SCPs","TCAATTCAGGATTCAA_17",-9.80021933690409,0.097177140056983,NA
"TCCAGAACAGGTGTTT_17",14773,1918.23658900003,772,0,-0.0698533346576904,"G2M",0.138195777351248,28.5588286947409,"Late neuroblasts","TCCAGAACAGGTGTTT_17",2.27827235087057,-7.85711205786477,NA
"TGCAGATAGTCCCAAT_17",14773,2366.8426767,1094,0.518134715025907,0.0263879193504741,"S",0.334932821497121,26.1106924626071,"Late chromaffin cells","TGCAGATAGTCCCAAT_17",-2.79815153256754,11.2980650585293,23.8886777538621
"TTCCGGTTCGGTAGGA_17",14773,2512.5288719,1227,0.269832703723691,0.0197700798163039,"S",0.316698656429942,4.69984258043912,"Neuroblasts","TTCCGGTTCGGTAGGA_17",-0.548441099382439,-0.662233837306603,NA
"TTGTTGTCAGAAATCA_17",14773,2712.97847080001,1404,0.329411764705882,-0.095500478783303,"G1",0.828214971209213,8.70772279623893,"Late SCPs","TTGTTGTCAGAAATCA_17",-9.90682295934061,-0.265509851634606,NA
